Customer ID,Predicted_CLV,Predicted_Transactions_90_Days
12346,28126.26284257468,0.30669551637065845
12347,3157.400595504829,1.4716402430255229
12348,1155.2597045776922,0.8581755493878913
12349,1548.8937391083232,0.4307252801895425
12352,1357.6766626084782,1.6651918077754757
12353,299.3187605765672,0.3270318061127829
12355,419.51525255091923,0.2687951984803728
12356,3373.3935339287455,1.0715805671402114
12357,4683.970918494313,0.4100736974608523
12358,1023.4383265840083,0.5769804167315882
12359,3426.223013496008,1.0967118211558406
12360,1765.3608469309495,0.744027966767253
12361,291.55100278673666,0.40715440221287286
12362,3959.2288733721393,2.3128984535435775
12363,613.7507074343598,0.5176623902607745
12364,1648.2580954048817,1.766623369420294
12369,441.0401927922462,0.2272115072653785
12370,1763.130901120414,0.7319913675105675
12371,1536.1105575394781,0.3943795719258351
12372,1056.8243324318287,0.7110311533408412
12373,372.34003967517896,0.3114557753063499
12374,874.063815933586,0.4305020853906473
12375,1040.7817651899502,0.9841169730772389
12376,87.34607917581484,0.10714784149238417
12377,853.1696360395513,0.3824598054048965
12378,2239.1031210739447,0.29098692878158405
12379,844.9954272657158,0.5956928335480589
12380,2737.4395720705684,0.8598128457388899
12381,1342.1429038168371,1.3151781440083368
12383,807.6145468635551,0.7465993159870199
12384,956.8154935224042,0.8669566557017191
12386,146.09823759644485,0.1452105205035604
12388,1920.408254213677,1.0902591458335191
12389,489.6167273162838,0.24248922769298697
12391,1106.9051614829305,0.6260400850381398
12393,1577.6897763761608,1.0374186326790327
12394,1188.147181415737,0.5961841346076717
12395,1730.722825643707,1.8159484019318026
12397,2117.06857249831,0.8112426273970039
12399,917.2120983231642,0.8454599978983941
12402,375.62231552216554,0.4440507104418873
12403,465.39388698958345,0.3228162606341305
12406,2568.265350930752,0.598894706985973
12407,1555.9306025307592,1.2597256650870066
12408,2338.9362386062426,1.0866998631749762
12409,8486.719176346898,0.9621713648757255
12410,399.0967604405383,0.236840162344954
12412,1152.0282223261172,0.8661038559560831
12413,750.3380047665772,0.7483560796152159
12414,431.3028820338271,0.5472976559798934
12415,74674.27289069368,2.727428661250414
12417,2468.746567928951,2.1799865670285037
12418,974.2085096860503,0.5141007509627413
12419,112.17773990313884,0.10955475509016162
12421,710.5089768864847,0.9331257603377736
12422,1589.2675773700207,1.3006800822526543
12423,1468.844130517065,1.6301450944357962
12424,1666.853158298632,0.4246316195637491
12425,751.6549837608046,0.3576481155451195
12426,406.7524378353752,0.24598852700675894
12427,651.3506522316608,0.6233965351029088
12428,2086.889297523845,1.6774547652556564
12429,2569.2088539486876,0.8762444128779084
12431,3974.7707819629286,2.7137167552772943
12432,1769.2586091828637,0.7035521075452091
12433,9950.048616938248,1.4455060967136693
12434,860.8737227279506,0.5890448902666858
12435,5383.694960636845,0.6678293471490367
12437,4442.598998390902,3.6589746023370187
12438,2950.0068822249164,0.817415410561757
12439,29.02096444391254,0.03216158717222536
12440,187.6453243109424,0.1558015402157301
12444,3194.7060684984363,1.703803322173437
12445,347.49892829605886,0.3879284875922736
12449,2544.127427248994,0.8798365724205799
12450,524.2822149032675,0.7440667751549555
12451,5871.032482022018,1.0406183284627208
12454,7854.413379345879,0.7265825292553568
12455,1836.8119997728495,1.0011152479129817
12456,2105.6219048399685,0.8077295867008554
12457,1523.3350797543937,1.18917137317422
12458,917.3284092279347,0.6438664804699266
12462,668.9194543280523,0.497193153900759
12463,1267.7183170377132,1.0830554615331456
12464,1000.6174382061106,1.5852050429418025
12465,884.6575521881881,0.7317003914499155
12468,1330.5306424690589,0.5637553796978987
12469,122.15482592691406,0.045423261261840014
12471,13731.034755501427,4.85650568208028
12472,5717.94203908907,2.080038948966247
12473,2701.3939276352958,0.9579973200913822
12474,5014.196222684693,3.2867490044594323
12475,744.8501578949929,0.3893729975261623
12476,6415.904470265142,2.4110311064844163
12477,8698.196504546397,1.1505403429702508
12480,2701.898796124117,1.072374161598833
12481,4016.5332854188127,1.5517577343302504
12482,107.30944642768057,0.00934826290763467
12483,1837.4917010896806,2.1007451250959424
12484,2340.1322286047025,1.0634010185386622
12488,2093.3718703236614,1.6181569092908905
12490,3454.3288805170037,2.166492956809968
12492,449.9854640935533,0.5731426698444607
12493,461.9291125166147,0.4345359181516658
12494,853.1621373956749,1.2310040137580032
12497,2491.0287168402183,0.3919274656382011
12498,1159.490702646167,1.1963573222794135
12500,2448.070993964375,1.9939354085896301
12502,2238.641851917383,1.0717062548993366
12504,504.62735306348014,0.556211839553938
12507,719.6310067531066,0.5388102640146811
12508,1315.1204980597056,1.4018780464609528
12510,1229.0544614540518,0.7501298714231601
12514,594.0204783746482,0.23471994244193378
12516,1079.3541422957342,0.543852914056793
12517,2256.5288582473554,1.289679936098809
12518,3085.844005582321,2.2070544034400426
12519,427.5524915332226,0.34438783426829295
12520,1597.4587778700636,1.1881231528378888
12522,1035.4105916305398,1.17703004996594
12523,1748.0711840937909,2.496000221848533
12524,4232.231763360669,1.8947022820979929
12525,127.25381584448252,0.12684144040449677
12526,1916.6645281048654,1.4810661989545775
12527,455.4791647258461,0.7386005599148566
12528,1337.6835895998745,1.3605803330433426
12530,1572.2191560737422,1.1094371565976668
12531,256.4391685337497,0.2600718580047536
12533,98.92874447801259,0.06741338609095544
12535,822.7788831471261,0.6159075437926018
12538,581.0493408170114,0.41923730623381594
12539,2714.990656823654,0.694552148464679
12540,7704.072910567042,3.3479133875237217
12541,888.4081206137306,0.7633995176005303
12542,125.3812261819336,0.12914066426063547
12545,656.1435273656894,0.5260328850025295
12546,1334.0404205484458,1.011897988385447
12547,303.19675990508955,0.4335979651367225
12549,58.02865828561154,0.04455071171080573
12553,2575.933150170348,2.093099284468705
12556,925.5583750009042,0.7465787908770285
12557,6843.770317403584,0.9071306281766219
12559,129.19985574572686,0.14545317522392082
12560,1470.2706100269916,0.8152322892938806
12562,2796.6798728877166,1.5512670515021594
12567,4659.697457600038,1.6656214983825055
12569,3095.7344065584593,6.574273019378167
12571,1023.7702558961909,0.8514649688898882
12572,1853.8893769692982,1.2704837287948783
12573,438.953810574062,0.6073243829035118
12575,125.50339436392449,0.10289376617817672
12576,1181.247223474075,1.1790813667326303
12577,758.4450130949446,0.5699003647047979
12578,2248.2149920294514,0.7083899199363712
12580,364.57116405108866,0.2561413512536019
12582,610.9867535056788,0.4798369125776116
12583,4867.439140708923,2.9281113454037224
12584,2011.314361954768,2.1704729014757174
12585,592.7561374776965,0.3107563145471783
12586,880.2307147315033,0.4718769536622661
12588,455.41578266906504,0.4233308928103224
12589,1338.837792084204,0.6040882237141985
12591,283.6045633843995,0.24578881168892466
12592,461.0185179489407,0.464142910928196
12593,579.3355359625522,0.799395313487138
12594,2320.060924717936,1.7021433152391587
12596,653.9028878949426,0.5649800320617567
12597,2922.7831812573613,1.0336547479526415
12598,1827.5195241180838,1.2345608278896976
12599,984.274301551566,1.7460843272860598
12600,1827.2839890251666,2.1714807730261336
12601,446.2507506982203,0.8013727588682718
12604,460.9619649839069,0.5207905124310309
12605,256.11640902739487,0.16203573359677684
12609,1286.061627329849,1.0014587924570055
12610,1937.5047626064043,1.6395959914853881
12613,2245.5744167253297,0.8953690185443952
12615,2164.822154927809,0.8989896506593545
12616,731.2309772085464,0.5761944457971989
12619,1724.1648288855909,1.260010342412009
12620,1308.7243307565636,0.9542152872277001
12621,9624.4836874705,3.752135520015728
12623,727.0796619488434,0.5944183707079622
12624,763.5316737291371,0.6024004069603901
12625,1867.221053190132,0.49291600712864825
12626,4203.386170893906,1.9262501669966599
12627,5164.932466916421,2.2907288536647683
12628,1693.2904229698045,1.7296524077805917
12629,215.95902089039978,0.1187503492052957
12630,1976.967743134564,1.3335890406420274
12631,1301.3479230692333,0.5968319518146711
12632,90.82100496006007,0.06423233735405552
12633,1897.0678294051993,1.0307769254515176
12635,1436.2300539327023,0.6704803229416139
12637,3977.0175660301575,1.5337127136676507
12638,454.21992585107864,0.27457077537888325
12639,551.2450434504443,0.35912524555112363
12640,1340.5013580425953,1.5386390534684264
12642,1582.0548799881485,1.356375156392101
12643,2647.511993638851,1.2043001586731146
12644,705.5563282395784,0.4716342053822257
12645,1458.3282200613216,0.9663110510448378
12646,2279.3104611787626,1.2946164197023642
12647,5565.769376931384,3.6087776297596967
12648,528.0608511377321,0.4618580678548992
12649,941.8508796160153,0.8004560303949222
12651,160.2238219833053,0.24937043823317195
12652,432.78697580136213,0.20324696692300626
12653,1380.4119108510586,0.44254412224346285
12654,706.1974380595723,0.9693489197772044
12656,2721.0734466256467,1.1220738869412266
12657,2399.804419132237,1.5888418667207056
12662,2846.917845590102,2.4051484757701416
12663,36.30941642990275,0.04098817193801169
12664,2200.226000988225,1.227468661778577
12665,198.47106205428932,0.3046081311365299
12668,3838.1092492779467,1.0742545486819886
12669,651.0885328247293,0.45322133511920376
12670,1630.9692185469205,0.8572471336893434
12672,253.74419730165314,0.21912282181021905
12673,703.8210194473323,0.5906558845215675
12674,1848.2760359302915,1.2115574414609127
12675,35.55318768312565,0.04506769142614848
12676,1328.596324250772,1.4195783136763211
12677,94.77015862734397,0.08681674299553044
12678,12821.89589752192,1.5855043548122831
12679,574.8720483281464,0.9686098414252162
12680,1474.1025916319422,1.7678989177137538
12681,10577.914420439653,4.557206078081816
12682,8221.6499712881,5.033738421375711
12683,4317.822100645514,1.8747770150027907
12684,2174.1256823798562,1.7778196763522256
12685,4056.319728800914,2.746144706038384
12689,1584.7818712025728,0.8495387509702081
12691,884.5361282490913,1.0772800771485913
12693,692.8350531124553,0.9798107966870474
12694,779.6128992310895,0.5522190483213131
12695,587.749173952545,0.8588188294017634
12696,181.57946114441845,0.11715861985223078
12697,1088.536545557968,1.0595937584546171
12700,4231.5504273505985,1.2085329811464276
12701,995.88411813149,0.7584058081258626
12703,366.11648551095175,0.4881258163872492
12704,2290.990888644159,2.3813531819367
12705,5269.489855669869,1.7326041093079652
12708,1949.1552289618833,1.984189107382705
12709,11477.183925008545,3.1455420939643464
12710,813.7407069156994,0.8582750591559957
12711,107.44049647570752,0.05256018963312616
12712,2450.2025474023467,2.283068736116497
12714,5116.048902274883,1.3207833971441667
12716,1121.6499619724827,0.8501804489158004
12717,608.7855725403884,0.40562679332065055
12719,1507.1204180082764,1.17528106875065
12720,3552.333263667468,3.7152089475452383
12721,1985.18868867337,1.2911750204407
12722,1264.897569747714,1.29258477346149
12723,1667.7960976787363,1.7216465072153142
12724,1071.54630396304,1.0320932323089531
12725,409.3499243953888,0.2591947165843315
12726,1748.8149295664557,1.3916169743272533
12727,2095.2663218186494,1.1067383599280147
12728,796.321749229074,0.951343591847905
12731,10881.782737386387,1.9436547067631127
12733,680.9519884842866,0.43813527222528537
12734,139.12167778543676,0.12969184336473513
12735,228.84327678300133,0.1573055565956642
12739,942.9340070526093,0.3868293437258804
12744,6015.580178745554,0.8096703975773938
12745,124.07824443834807,0.10101922251390723
12747,3583.3448595993823,2.824639755330879
12748,19511.089576885308,20.93384394862074
12749,3520.0355296272814,1.0554217798118344
12753,13228.54022735211,1.2111235129693165
12754,1526.5726776720153,0.3843063511035969
12755,1167.5679013246688,0.5636717563582488
12757,4203.473285779052,2.3411693504644155
12758,3109.418943662521,0.7595083123340389
12759,1857.7064603889078,0.8861753232741079
12762,4360.555128777035,1.5145397986946454
12763,409.87765980749106,0.3868773068174183
12765,49.57765401408688,0.05109371436137623
12766,5126.182773282683,1.6373198993851337
12770,947.5977065267183,0.30653551438571774
12775,1208.4247020291323,1.2777930107968318
12778,783.8430620950438,1.1851349350463074
12779,2609.6867530547893,1.5229300989465002
12781,583.7975510401736,0.5020684845609974
12782,2200.327741725043,1.6322703174713848
12783,2682.0132112007236,2.1284153157183936
12784,513.8082135017092,0.32335155648285235
12785,336.3575898343425,0.2745994783978657
12787,575.4935207894885,0.7517063676947219
12788,27.502742543542514,0.04522573585235168
12789,260.08142349855837,0.37058532327199983
12790,424.0258178637357,0.33405699759978
12791,201.02239672536012,0.28849151736316103
12792,357.0286121754475,0.2623622238181182
12793,202.00196960894496,0.1906982352054295
12794,1498.622736318357,0.9055614687241402
12797,172.63168659245184,0.149908128686183
12798,4878.939083543558,0.740190849681138
12800,151.53093273915061,0.14657287875301012
12802,880.6445448628328,0.6399336315555615
12804,78.1202007521244,0.07668505717650416
12805,391.0993302999713,0.3041150412699934
12806,122.61906290598424,0.0366761741510072
12808,602.6629678824205,0.8391809168312894
12809,575.8824958504754,0.3717327450692549
12810,149.5029704870596,0.10533076900685102
12811,435.4146356887966,0.44133811461613265
12813,325.548429648896,0.14996872577764472
12815,672.3633880174555,0.48837799783071556
12816,695.2506385588098,0.6250987243935958
12817,351.1099392936194,0.34880344246535583
12820,1206.9155987637182,1.2167795199864477
12821,237.5391112774438,0.2559696339929115
12822,1040.6652722416975,0.886196971592338
12823,2731.3435868090146,1.712798993900934
12825,131.94023967954053,0.10193944035085532
12826,1141.9690018511205,1.3444715529495783
12827,1450.993859350287,1.951365357099553
12828,1742.3303763316335,2.398690870024989
12829,255.26076226262524,0.2946250272876957
12830,5953.658057523362,1.676246576749279
12831,309.7117845086604,0.27300738398496555
12832,890.9887555527474,0.9510043557383843
12835,2.345279126483595e-06,3.824250196440441e-09
12836,2603.8053142973304,1.5080546324810633
12837,278.5770053087634,0.2790061182125227
12838,1540.0093854540007,1.3250488057341145
12839,3905.355150102277,2.824639755330879
12840,1799.715103368777,0.8011030617111962
12841,3747.7853856315637,5.640583873988746
12842,806.1670261346937,0.4583583624444322
12843,2667.2463963839305,2.7574088799114826
12844,481.9009099793865,0.5570075737020206
12845,99.75964023773682,0.15424660738405427
12847,913.5604652358907,0.41331841764318195
12849,1474.352655797362,0.815876999785105
12851,334.133404024018,0.336978552257114
12853,1650.577145779632,0.8089042741864475
12854,1171.0822381754026,0.7807304894010639
12855,76.86870375246394,0.09757494363816759
12856,4291.022579093651,3.3144232296722467
12857,1517.9814356881868,0.6413013117392387
12862,193.07318722951814,0.11942690761291211
12863,1273.6146866216272,0.8130598788218394
12864,317.6097429188428,0.31167506006496354
12865,1618.5905791266368,0.6677265504939731
12866,511.2792877140181,0.35586564394350484
12867,3246.2891755566498,1.4431485487004705
12868,844.687260388792,0.8564128136036409
12870,594.4250670310186,0.26389948807502045
12871,512.4260844532702,0.5304207887247209
12872,248.92081681308943,0.24585319249365792
12873,756.3169814409231,0.32395555176076696
12874,270.8747996347051,0.18278199038892892
12875,617.5337777522444,0.5733054324927654
12876,1683.4856124951252,0.5546808490389071
12877,1301.8443340006825,2.2971679931509628
12878,454.9813775868001,0.27130432498969753
12879,1408.0439095090578,1.4061015484583002
12880,243.55299324484292,0.18872160725763834
12882,3388.893851513134,1.4252742126393287
12883,1441.137085205972,1.0061494106789943
12885,1312.301795340498,0.8012415771676551
12886,1048.9362575299917,0.5895815199426624
12888,288.08561260750866,0.32209174565140447
12889,108.6644876957334,0.16723960586153236
12890,581.5464029033185,0.4128881829486289
12891,451.062650075089,1.076027959059649
12895,901.7609564945475,0.9822506038099721
12897,400.04598800487526,0.5256060265213287
12898,152.67166621053485,0.14780393105326128
12901,15511.2024113079,5.5370336573018895
12904,850.5084345077418,0.7233601291407072
12905,118.23728765536235,0.07854960439816885
12906,2589.004297670295,1.085550236333687
12907,165.39204271720817,0.15369712927989024
12908,824.2707289739653,0.6025151854088088
12909,1463.8479490879092,0.8662180075552312
12910,2428.6228292487585,1.276267872419264
12912,4008.834369137761,3.2362271563515805
12913,2481.758911668874,1.4233848282993096
12915,573.5931556517651,0.5300186722893971
12916,1873.3396084833885,0.7954810262443448
12917,1304.296502236426,0.5567895021662517
12919,1908.8933914854215,2.0562589954744
12920,337.3704593418618,0.36101745354808457
12921,13973.222101334697,5.346246395143777
12923,400.83635512807575,0.43296426570236396
12924,1066.8449394870695,1.191088711257208
12925,576.6527879569816,0.43044592715555013
12926,398.8153028890014,0.2790811797914016
12928,2181.5185366822316,1.5450831864946464
12930,714.3802640546718,0.6620808303398292
12931,36062.01665670462,4.58819290455628
12932,5.380966053984272,0.006047626303095086
12933,789.4672229107033,0.7909768645575361
12935,1992.1097527094616,1.6839528535972124
12936,1274.7805344356348,1.576540589795234
12937,1364.018873314685,0.9987844969608218
12939,10384.822880814289,1.7971276732533112
12940,1552.4555068637487,0.9444365250309121
12942,580.1451061528743,0.5769924672235517
12943,60.260821673295,0.055796634830860684
12944,572.6580298902924,0.4388899368731888
12945,354.5782431512094,0.22577100174251535
12947,1048.1077173925607,1.0058011442481762
12948,1063.7341345217449,0.9974330195560152
12949,5647.689862910573,1.7372792526397742
12950,5019.9017979041855,2.25174696987283
12951,1462.592632783971,1.7156935575858372
12952,2006.3344104685082,1.5994942648863126
12953,437.3734220806101,0.32763374273936036
12955,4223.321909144723,2.7258979397024907
12956,313.6897187396603,0.3840711598077496
12957,3272.042507352595,1.2243441765427403
12958,227.14374315339975,0.17655329805499212
12960,299.59985044340795,0.24785930401099665
12962,835.6240416768369,0.9220020453192662
12963,1599.1661224251895,1.6308709022497316
12967,249.73146581310155,0.10146056367788175
12970,686.1161044378497,0.5736678439548901
12971,6441.100747763759,10.730745010601202
12972,251.57293989895425,0.24785930401099665
12974,278.88514129307714,0.2742660599460916
12975,359.25180302445506,0.23709682700776535
12976,1224.9323244250797,0.7337455396573351
12977,386.05433862482954,0.4485700007932737
12978,478.77465377474306,0.3319873086488687
12980,4419.197004116958,1.5840602698691688
12981,873.4064476481899,0.824807498009896
12982,798.7969225093409,0.7078721311852603
12985,2306.7860003660417,1.500800686132591
12986,180.2011428181073,0.12116471687256226
12987,634.2376004010034,0.5976357932724901
12989,5445.37189239642,3.0489663065800774
12990,602.6091460007045,0.9081118563376239
12991,665.634456213304,0.6006394098607976
12993,685.4279276611571,0.8627843356055671
12994,988.3651408118973,0.7980381161351947
12997,1208.5017028427283,1.0434772352858033
12998,173.0829128627038,0.1380141629932187
12999,315.04628578921006,0.4686885905928214
13000,402.33817610848166,0.45938871717931834
13001,9375.476339722354,3.555313041615034
13002,214.11453318700993,0.2697558818427789
13003,502.34695891238977,0.8130878471707195
13004,4737.774424244321,3.8174103292259423
13005,657.8767003081514,0.6095874545674024
13008,303.4167878052384,0.2965553084485964
13010,201.579790604144,0.19508615519952685
13012,1462.4437183431216,1.4611919572624235
13013,4346.966178086038,2.956587146217005
13014,2440.783293060614,1.8912310966343266
13015,2976.882982469505,1.1714819918489827
13016,1057.454738096124,0.777652116589536
13018,4156.213813499799,2.8919408331095786
13019,290.9741527806747,0.34002769325403714
13020,83.9303641130186,0.07883294939266335
13021,2045.874886551721,1.7503046377823097
13023,569.1332835008124,0.46396699173010925
13024,155.11734015610608,0.1193545605791979
13026,755.2345725989196,1.0130030962717846
13027,6558.351722345837,1.9730326251296832
13028,1594.1712650763764,1.2812119093278207
13029,1104.4211699565499,0.7607116190823096
13030,588.1242980146885,0.43196790637151017
13031,240.87567651150937,0.12031213226994329
13032,1627.163352236771,0.992786112354119
13033,180.21300916500465,0.16521459196455232
13034,735.2012060981103,0.5782242666531501
13035,866.4362399733096,0.5414980859329622
13037,1524.3831997489053,1.1338923906964973
13038,795.4552288121292,0.7141145707216096
13039,58.24816899779927,0.050386602171305944
13040,1934.1488291504536,1.4280651126983555
13041,105.51508878966303,0.11982024834738311
13042,109.02257832724972,0.07284966027395015
13044,767.1373559453799,0.45161597020508026
13045,529.3612049541721,0.486369625595412
13046,665.4970190962423,0.5288654386659104
13047,3421.0108675694078,1.9589431255985776
13048,1771.8751417403125,1.0682445846117972
13049,1068.8440827761383,0.7506737182894814
13050,4818.107110684647,3.7071445421138733
13051,43.76062108506378,0.04821811970195962
13052,1183.9446796918967,0.6548590363127978
13055,1052.5282573179186,0.5417736894700732
13057,73.64677599688646,0.07813681288567194
13058,872.2324970122282,1.1351406606549368
13059,585.3941128603186,0.6828493371611916
13064,922.4450150864751,0.8195893677468173
13065,187.3615232284298,0.1990288557769556
13066,1747.5545886934958,1.3832550444582525
13067,431.06869924838196,0.5247498016251584
13068,512.4878948178783,0.48111922347182756
13069,4600.642301598322,4.471654881991036
13070,406.5001116559019,0.4361529976239818
13073,89.62491419033955,0.09321741561105079
13074,182.2652714670114,0.13493560161900126
13077,1210.7685443594823,1.118236796812602
13078,11382.146556788526,5.8829937127818415
13079,433.71098373339544,1.09167844511741
13080,294.30503800466295,0.503929248496355
13081,21993.95538913481,2.716919530393238
13082,2823.0044967740387,1.622938643137039
13083,494.1422707749464,0.5644245315304383
13085,872.0411751560522,0.5434864015500129
13089,44728.119340511395,14.075402486179133
13090,7302.842384759999,3.3370976853578704
13091,336.7451201879702,0.2458388107454529
13092,916.0208469675595,1.4081178588337417
13093,0.27077359951409596,5.890338112008726e-05
13094,1592.8934752251478,2.40447653968687
13097,5103.797509192641,2.3642020806932136
13098,22386.084446060293,5.573860516989375
13101,383.0621080749213,0.4413465354235338
13102,5400.9930310733935,4.348898493097779
13103,527.9411446481447,0.43548552764568005
13104,922.8315383045543,1.109552783353664
13106,323.58379531901534,0.361964116797241
13107,2207.4334818168836,1.0715700970174487
13108,201.74808845110593,0.1477425031747755
13109,649.9227936677364,0.44914081830039454
13110,1216.58210929444,1.2048644995911864
13113,8327.431401486008,4.487053119337935
13115,2490.805999959218,1.319224598306163
13117,1179.3705134872303,2.2526127752691014
13118,1634.5212429968701,1.3713890369996453
13122,421.14464332276884,0.535267072751543
13123,91.31278877063183,0.08891460263722298
13124,2829.705065309082,0.7595806625261011
13126,1686.20682961845,1.4754144187593827
13129,107.8807175199061,0.11000594792792434
13131,1379.4473451488332,0.7370390696501833
13133,238.83765802268547,0.3679838635736995
13134,1660.0474273742186,1.0483768375886588
13135,1832.9826934437021,0.3003087554046506
13136,2486.9978755276297,0.9952037996932159
13137,3961.139576730417,2.410363461709561
13138,946.0670575216631,1.3081182217363718
13139,3442.4997312421733,1.2130861305295435
13140,686.7334000327962,0.7686475895456862
13141,3035.7210764771107,1.6026941177927978
13144,191.44215876208438,0.20069104926374437
13145,708.4476814015514,0.9314481020449871
13147,1685.4333461351823,1.8709185990744563
13148,3436.4734447118876,1.9584590521521161
13149,1511.2241431095301,0.9821098662458617
13150,156.46258187214258,0.12603780353525734
13151,777.5820529302974,0.3293815441408405
13152,168.51180040404435,0.1541123358542413
13154,517.5496189949965,0.25306687855497756
13155,899.4498454079805,0.9496326638672286
13156,380.5002188417787,0.26087852741480944
13157,2686.6205059997296,0.9962318096104895
13158,1084.6976001467413,0.9231725542410048
13159,2145.284425417116,1.7417488240355512
13161,223.68589402368121,0.23313274845303997
13162,3334.740681842489,1.611273120715977
13164,72.26208026801419,0.07723135070551541
13165,973.8292978683793,0.5676310248442785
13166,378.3246734491857,0.2556627028118635
13167,843.1331258115076,0.9649885919703832
13168,922.8990782483228,0.7374280406105941
13169,600.5018087062581,0.441290762760396
13171,657.61962971738,0.7317818701607163
13173,1031.4624124065992,1.1164046229095625
13174,3144.9382574764913,1.1062999621644067
13175,154.9756263960221,0.09342066089807956
13177,464.960323503333,0.3722843508824205
13178,5597.696247132548,2.303414275624772
13183,3173.209067930036,1.8609731521674138
13184,1600.475220107891,2.1071758165146055
13186,1440.878705310991,1.2168432186652454
13187,250.50911472309883,0.21294491330347226
13189,874.9020748044477,0.9018225731639465
13190,127.3680061086041,0.12436053956042
13192,974.9415206147751,0.5944258961486059
13194,309.1606260719009,0.35654664412348963
13196,1576.3110026206455,0.7905188355976462
13198,2881.4330479522855,1.387640491593756
13199,6446.473290735628,6.017539552062382
13200,1424.8399510861022,1.644794045451208
13201,104.58133442835845,0.08605084565239851
13202,229.18849548437456,0.2593763513458783
13203,1130.0435748289815,1.124898913391303
13206,93.73439144750321,0.03980035147340905
13207,372.0006565385669,0.5443301590006795
13208,938.1034868170279,0.8834081749169121
13209,3714.7708711344203,1.286522374007252
13211,1148.6312652601116,1.0031830354031948
13212,1837.5795414914044,1.1743386958645425
13213,1978.6648458930576,1.3591950306191758
13214,109.81574088304033,0.10292703492087664
13217,433.28939595597103,0.49583246642691825
13220,627.776201271635,0.6918402034102061
13221,410.6688880075174,0.30305590608113964
13223,476.6394894028361,0.6613776682341421
13224,1712.3118679973352,0.7327080067597935
13225,6227.472570437502,1.6675396642195532
13226,250.6704050415746,0.2645195173807338
13230,2850.075361220404,3.5731698608681133
13232,1586.4310208460374,1.8786924234863187
13233,572.9590965303064,0.48174596087868
13234,38.76722455521259,0.039775830221417195
13236,1169.772428220685,0.9301567009631692
13238,657.5616197568021,0.8198490304587684
13239,651.6693444170112,0.5167164971646424
13240,766.7433262309137,0.8490035382023468
13242,441.7917706466383,0.7146403024979731
13243,617.3035455258275,0.3708108978144966
13245,562.4759386116866,0.37404155832027725
13246,1940.397881971208,1.611538604413808
13247,1118.1017089601382,2.018399567570742
13248,486.6206698768499,0.5503316611070929
13249,829.2428134178884,1.036766932103869
13250,81.33787061112486,0.083676560531189
13252,158.60055031405588,0.1847361609012599
13253,996.8881636929979,0.4603005884189919
13255,480.42121810558217,0.48497807975459273
13258,892.5905488641923,0.9483720193055977
13259,712.8425176732815,0.8135501814585635
13261,190.30843191013102,0.20543271949282005
13262,328.2264330832403,0.3551828098748268
13263,5550.540831406844,6.272393325067258
13265,1942.8840593989098,1.2269345830437346
13266,2548.219442755889,2.097841543534372
13267,3823.9499872628526,2.9315899041642335
13268,2621.012185941144,2.4693179713754714
13269,3498.70637975989,2.276649095347416
13272,963.0578320984284,0.9931190391207048
13275,166.9108370896009,0.19087869412428288
13276,892.0896652372268,0.6353923439750337
13277,507.57206752974304,1.023425773691491
13278,766.144647873254,0.5423509091104679
13280,994.9972607753169,0.73148431441134
13282,1062.4825910482002,0.7595746437100903
13283,319.03476604490385,0.5180682537667199
13285,1630.5989224951902,0.7809795465133639
13287,60.91547894718557,0.05370775584297202
13288,119.10947118037751,0.1645558357727823
13291,1378.9062290262193,1.1751261100191444
13292,665.3898980128366,0.7552743402887633
13293,205.98483612044828,0.2441904697816598
13294,572.9991714561538,0.3689025259618952
13295,327.0859712048664,0.29582505588000463
13296,526.6960826954029,0.7856303122017748
13297,2202.6084226413873,0.8820017951519262
13299,568.8366291111661,0.36906246266150516
13300,679.6621109067929,0.4083252253010113
13301,687.7927364104926,0.8954988320363428
13302,262.40879273376294,0.29965456632918797
13304,415.9425099507507,0.34361203660583184
13305,1646.5149316758957,1.9722635479401802
13307,237.48007118218973,0.41230431195983835
13308,907.4137039170613,0.555662883178977
13309,1301.473944098809,1.1449990241975736
13310,1164.8600431533303,0.9390737238123938
13311,739.9671420584334,0.794163902483221
13313,1407.7577430720585,1.208555101065194
13314,1353.3315029590078,1.6497189005004937
13316,5143.213913545414,1.241252761889983
13317,2593.050375918162,1.6287628914601864
13318,1817.3015580147653,2.0546600670035318
13319,8408.174460654789,4.314704022816216
13320,1348.2478133325556,0.8010192310769627
13321,1107.83049990383,0.8803617593020403
13323,1937.7346864120273,2.4980852264139846
13324,5304.484011229149,1.6452678298208043
13327,3464.1119747932844,1.978731521210734
13329,2010.9331610363859,0.6777919479781574
13330,1154.9655152054247,0.7342235153465478
13333,358.1405264151279,0.23410048526425317
13334,2452.9118662925725,0.6231178355599201
13338,836.5078309477478,0.4600371396386638
13340,7316.302169709823,1.096128411652469
13344,1127.1661336149075,0.5083840600045303
13346,32.49346762212023,0.06484712885677862
13350,1300.886930711917,1.0716801685208002
13357,1079.3062599818045,0.44603875368572515
13359,560.0986769766656,0.39124738737601905
13360,267.904663974969,0.24056325524824354
13361,244.06602272517253,0.13095136028752688
13362,3218.4197488676173,1.2427187904709562
13363,905.8647665355622,0.5790844208053765
13365,2064.438112166878,0.6172829957644701
13368,424.46674464255625,0.45408327904457935
13371,297.58886411190576,0.11072141270317205
13373,2964.299241126208,0.6747183436404947
13374,97.0479010778803,0.09946572238105265
13375,752.4254740067079,0.35764608109399626
13376,903.523994348426,0.7890504737836704
13377,361.3628570727301,0.18444635227714604
13379,1213.4018204113313,1.1998278496717156
13381,3457.1544458863127,1.310532280240631
13382,540.3556892134117,0.47564210544202934
13384,3404.789385161577,1.524249291382765
13386,147.90453248727172,0.08903798224394986
13388,533.7812576025458,0.27528935028298684
13389,1001.9087709985395,0.8783817447536466
13393,79.51902015831736,0.05671475859389412
13394,2695.123178038088,2.0615123005277805
13395,632.2628805442647,0.48587412524699686
13396,1153.4870512287966,0.47563449214093
13397,1391.9737493463374,1.1518057723375743
13398,494.14975755528457,0.31861093713908545
13399,51.61035844945742,0.07094025545277208
13402,684.3657510644641,0.5559691811674488
13403,254.03446535607236,0.3618799076677163
13404,522.5613209986805,0.6434505003992694
13405,573.4389394551516,0.5318868720249914
13406,250.287339536054,0.1657136635237114
13407,77.87948503022825,0.05062516004562438
13408,19828.759021852748,8.143491088743342
13410,1041.9194316382914,1.003022031218531
13413,6.57972027066206,0.00859810931722118
13414,1248.3496657994879,0.7632422100733162
13415,174.11662290599918,0.19377772751576713
13416,483.6793912899386,0.3541895356003722
13417,676.3396692436637,0.6225331083861263
13418,4491.419630545516,2.7266310340085567
13420,445.76954802044446,0.4812372920124032
13421,1637.8461617818496,0.7388393191897301
13425,1465.8038724110518,0.6775051509885177
13426,3219.031875125237,2.2959400390535154
13427,563.5077282515526,0.6899625589497377
13428,369.35752337489447,0.33168600976822965
13429,2045.749245591192,2.1116131853202282
13430,1357.7474325974313,1.0312026023946093
13431,1530.2593860304203,0.8522024653347238
13432,64.71829207027965,0.04970667050475212
13433,116.73542264802074,0.12961366258781823
13434,793.7084564136413,0.6225458976237807
13435,2554.033762092565,1.3871516933498627
13437,2704.852274531956,2.205911824008345
13439,513.2317498905011,0.381014550361901
13440,37.17222697039002,0.06415921635737615
13441,464.6019912915993,0.3648502878640032
13442,21.581145136765915,0.027456096981332324
13443,105.30055709302856,0.11780360594067314
13444,289.1879839707686,0.1807602349857424
13446,12.445063594537727,0.009907760728336467
13447,3055.241184599526,2.001541416424097
13448,3196.0466147700818,1.2156380466778185
13450,2047.0349316747338,1.6844161508683886
13451,3062.210964082874,1.3848412273229207
13452,469.6127244134743,0.3871802536462986
13453,483.99473460240415,0.5165401671866663
13455,972.5231409993698,0.6827635949047606
13456,2136.1304871173943,1.8011775839658275
13457,27.907363285394577,0.033552514516914204
13458,7470.166035306629,2.9637042056998566
13459,79.2868297550551,0.04699725979289545
13460,1061.0902220013193,1.2283958348865962
13461,2073.212087671079,0.8074717957139556
13462,514.9379273172248,0.501177514528187
13464,1531.9037590911557,0.656973880730199
13465,186.83675071851587,0.14156362385591564
13466,523.8972765162289,0.49085869451858116
13467,1721.3541608857179,1.3937417002366084
13468,5109.411908307475,7.495228933279739
13470,583.8260463513775,0.7045518271075782
13471,4332.942599875934,2.511525900242172
13472,151.1434700890754,0.1130742942499464
13473,1109.7792717748978,0.7888764437751918
13474,352.97568993172763,0.40642030693497644
13475,847.4630160549868,0.6157079261356587
13476,964.8582272785667,0.5921370068953149
13477,1215.3640901616302,1.1730533599659934
13478,334.6013712053513,0.16457999667819884
13479,456.66603953909396,0.5654344032777706
13480,175.7085620402112,0.1755523924178691
13481,1595.2271044807644,0.9935872588779622
13482,268.8806016511523,0.24723922186494407
13484,445.6110361136886,0.35375139134265315
13485,1052.4388937722117,0.788799197617943
13486,1599.2704733550013,1.0180453092079915
13487,486.0220307475522,0.5682843596250863
13488,6072.645668708047,2.1981271992399223
13489,640.2191519126983,0.8886812463526331
13491,1840.5719009803092,2.8787612100931996
13492,1169.9193485355654,0.7225881738938367
13493,259.17352570932775,0.1890351094992117
13495,1970.8612524365803,1.1119124215133032
13496,449.9867769574994,0.4404103245861374
13497,453.47686883157144,0.5400690375906464
13499,1304.0270733035602,1.270986424263719
13500,1094.1683137167938,0.7655531636546257
13501,1108.3189764248073,0.3444834679021193
13502,483.3784362865757,0.734799546242065
13503,600.3633088641222,0.502340556192206
13505,3073.7849048379294,1.0825977807849383
13506,250.26067853710947,0.25798973205099973
13507,2263.6073124025597,1.5429291172702098
13508,231.24967885013407,0.24080076326236238
13509,783.7987263571712,1.078144821251294
13510,1956.1703862738136,1.1317424929695132
13512,408.2282173226812,0.4557310360151092
13513,433.2193072589612,0.37928943823469335
13514,399.40718388990945,0.4890224315930621
13515,686.9274767832836,0.7497076013442207
13516,1209.5892870576492,0.7430532877454494
13517,1673.171629432371,0.9857406489354761
13519,352.16342397614443,0.36132332599495176
13520,2194.2264291352008,1.2184078723161311
13521,3504.5336183165996,2.5194675427473534
13523,2953.3678091584193,0.9371786991633893
13524,980.904752274675,1.4365076577035707
13525,771.7498211491259,0.5739784598379983
13527,2026.9935747880709,1.280761880530108
13529,583.9475075866427,0.6034540092923109
13531,592.6015327832367,0.5253100435701279
13533,383.89332060637093,0.3965173453968358
13534,4243.548602045909,3.7755761991440244
13536,6217.826934170091,3.6069623795533934
13537,110.93465340045105,0.08642142356691297
13538,1255.484853194149,1.4100107820803776
13539,804.2816346506156,0.9258067730217825
13540,176.8966121474864,0.14448914323731027
13541,241.8557470598756,0.15233516097242253
13542,7.135619209879089,0.007821708055853211
13543,96.76654683285706,0.04310779064213306
13544,483.30911225229545,0.638154877011633
13545,210.50461456976427,0.1765507545199306
13546,866.4615894169283,0.9056285739939663
13548,656.9314774511029,0.4990641541362742
13549,927.721958514101,1.510429051406611
13551,199.12323957393778,0.2146502930109207
13552,2880.04357751667,1.6541388040541443
13554,28.24647016403634,0.023969155061532223
13555,3586.99889927026,1.040014148551096
13556,62.02535926676049,0.06711150612745707
13557,1291.4962696657083,1.322265508298206
13558,1611.5776782177757,2.205922551780895
13559,111.66033235415875,0.05857979830705599
13561,667.8269580633342,0.8946514229801562
13562,1827.3943026711893,0.8118572409709137
13563,1092.761680543884,0.712049645196745
13564,1.324077312842509,0.0005550662313588454
13565,461.5036771217044,0.5764418697433378
13566,850.7590971351041,0.6422009001822887
13567,191.77297494316355,0.14712019038425364
13569,604.0044237113718,0.7289667511853652
13571,1946.1850109605864,2.8232703246202244
13573,585.0246646183497,0.642120223267319
13575,1282.1143411925696,1.6717368066631404
13576,4521.41756528179,3.038176595664088
13577,1560.2807139554084,1.2251007742894964
13579,649.8570229199726,0.6293918115007623
13581,216.23959613926033,0.22399959547022538
13582,196.85675744810982,0.18715496871068735
13583,525.2958251161823,0.24745677571300403
13584,306.49459122499536,0.31376369199808857
13585,186.14420834939344,0.14128047308823596
13587,703.1519369135125,0.3848954460634683
13588,2586.9322332647453,2.3068621299506815
13589,532.553735849177,0.681613497037309
13590,2556.487420889269,1.8461946140537449
13591,1014.0102743988975,0.7870229174366763
13592,560.6499701309532,1.0345297478225686
13593,2306.7432600461016,1.5029716032886222
13594,494.565952822715,0.34131522385770563
13595,85.65230578878844,0.10441281317525804
13596,2020.89263415607,1.6813397020528673
13597,59.68933535868506,0.07551492109062184
13598,429.31028849337116,0.5124968245963486
13599,3822.829415352315,2.486399953965101
13600,254.46847000415573,0.22163810962415179
13601,752.1894317332244,0.5935804430105004
13602,669.33266795094,0.5774886761671973
13605,253.3966817592982,0.18407729729466724
13606,536.6897059322417,0.7081808089459859
13607,764.4551579377534,0.39755470323090186
13610,920.6649803313377,1.5933241707831283
13611,1342.3086300403982,1.0801224570855086
13613,227.46982814917934,0.18993314870721098
13614,1287.91050586618,0.8664722466685171
13615,1163.2341127298273,0.4332015731476345
13616,83.32731912807515,0.08747788346627602
13617,901.0609886699624,1.236399398174165
13619,96.21447361208423,0.097693239885142
13623,943.8268241556393,1.100671488830788
13626,347.29833103649025,0.2887327628307625
13627,1081.59957526982,0.8757527820893805
13629,5698.400555927719,2.242751264478809
13630,1876.2829127679333,1.684436084568665
13631,2682.8181109207367,1.5278558759078564
13632,1765.0296328795787,1.0444243853720516
13634,2146.3573014863646,1.5956227468036182
13635,1255.5964408954721,0.4582089368961378
13636,1062.588468527488,1.2070831562933768
13637,833.9110953271717,0.8652998046358358
13639,930.2831729171786,0.36604386857529414
13641,57.05560277319079,0.0415747892075586
13642,405.29612241258,0.31167824774226266
13643,925.9625668906826,1.1082307186419906
13644,3483.2579182390305,1.8082583704441428
13647,1530.2971437753833,0.9330239294281315
13648,251.918069048895,0.25039303437398097
13649,545.5404633664377,0.5723292028688394
13650,1392.7310814662978,1.0664953336788425
13651,371.80024833839883,0.4143485149475015
13652,1049.1096690658458,0.6305326568342873
13654,2641.0069611613158,1.0972912815865141
13655,1041.3835731065644,0.7864320500048799
13656,555.1027162939334,0.5193287489930081
13657,755.8157624061527,0.661587196686335
13658,2418.9368592134056,0.8508369173667948
13659,1591.4752590812652,0.9771153389369185
13662,1042.958811158,0.8471418778282491
13663,826.4918727146303,0.5902620910361666
13665,338.1648203266625,0.1890804205746994
13666,227.28184178777616,0.46066995711789566
13668,5119.13597049782,3.805224193691482
13669,444.066119998554,0.572909033011692
13672,226.56775609932242,0.3045271352342178
13673,1460.5610659189292,1.4063255512304391
13675,460.73708416899905,0.4338936211889403
13676,75.46314266161392,0.07797415090882855
13677,193.76010705350365,0.15574106058961962
13679,124.50982083143892,0.176272638646475
13680,4534.459508763146,1.3223859278793415
13681,1372.13682124886,1.4701493216474153
13684,319.0490366628786,0.4212310126602973
13685,4399.634131122173,3.3893841350561056
13686,367.49781719847977,0.500672521304708
13689,846.8962500104058,0.3634841775467013
13692,1581.6221877584194,0.908845931842178
13693,201.75308248851587,0.21826994803944413
13694,76545.93832238656,8.886670263547122
13695,1440.6510999367797,2.004836460307931
13696,575.1654619460503,0.22593969929829966
13698,79.57238649807523,0.06456358778760417
13699,377.04203738782473,0.2901747872831419
13700,1299.340627364125,1.3107127512669792
13703,198.28807966051647,0.21239322375833986
13704,4472.585277749857,4.271908879021648
13705,896.6427563667826,0.9067249047189412
13706,303.5655969242052,0.22644916088549424
13707,1251.125281717092,0.4543380544811685
13709,3251.6828936714705,1.384244280538119
13710,355.0361453925645,0.4156151632286477
13711,736.263983476999,0.7674257969581495
13712,288.25478239079956,0.24773698992596993
13713,230.23904513882076,0.20885681458805253
13715,186.52884141573688,0.10488038867991667
13717,1156.2623290085487,1.2606757615853836
13718,295.4889562794522,0.27190456356935255
13719,1417.4909475752058,1.504203324476958
13720,804.2478930653031,0.9341539827933522
13721,671.2804257489053,0.40383788606133597
13722,2365.4585329215506,0.725300018922488
13723,550.2196613362187,0.5807766832900448
13725,1168.7724025557563,1.7610457094445293
13726,1922.4883680852404,0.9314567264687279
13727,570.8485294675914,0.6822199397954873
13728,1267.1588208629732,1.7467044277551822
13729,207.2511163487049,0.21672139945740915
13730,801.7685747271447,0.5333959825735426
13731,380.75996270749016,0.2997171039294761
13733,240.94139372555458,0.1776522191184427
13734,667.7976999420555,0.08264294353068385
13735,3943.99375185706,1.3312778720244007
13736,1023.4934370967864,0.682662913824492
13739,369.39825752221236,0.32399115034989645
13740,629.6425387983697,0.5049828215082955
13741,952.040750905161,0.8660815739353641
13742,2417.0877657418805,2.376655669128228
13743,1516.130010414379,1.8050502392702916
13744,573.5833108518739,0.47508755254359075
13745,372.53216824025367,0.2900321400604635
13747,124.01338849701769,0.1378362559581718
13748,923.9951398176429,0.869889878154246
13750,1724.4601421686625,1.3930762481404992
13752,816.9696762552907,0.9770197217479728
13753,668.2049121085155,0.39363581664433933
13754,426.55297878246444,0.5011881455117442
13755,4018.9844182021156,4.375787799284494
13756,3608.405099228321,2.3118243305453823
13758,3217.108743936574,1.5279339426406695
13759,977.7710733844399,1.0794951761578093
13760,738.4067736182812,0.6807792777594307
13761,939.6267678545904,0.6264249551284546
13762,954.6615486796826,0.5367990509109037
13763,1561.8098145337372,0.5406938577297017
13764,1105.7390770671539,0.633908619113462
13767,13084.260469145158,6.30857490151995
13768,21.51398269719319,0.015495187530621445
13769,2317.1563488276947,1.9902182535756507
13770,251.45748097059558,0.2663456100734838
13771,2364.212606802199,0.8607636296905143
13772,1337.788107724483,0.8664060013112059
13773,209.17029066134248,0.1846866274991658
13777,17388.60019051812,4.935470390029149
13778,610.7437801992774,0.563294784995008
13780,548.8418173018634,0.5834203976132853
13781,347.88029036943277,0.32445675069075725
13782,844.8239459309331,1.4299970407276146
13783,177.7858289997484,0.1328196590910745
13784,1784.2527321519979,2.3131914940676808
13785,70.00936023497023,0.06588799298106922
13786,637.9662259291292,0.3712317006931662
13787,636.9275725804926,0.703529767214257
13791,965.379957864281,0.5581964903713728
13792,413.6137555907972,0.5525004684113055
13795,261.95195589213296,0.2772370542204941
13797,303.71241875860613,0.2030481645502943
13798,29947.067886870434,10.644869199524322
13799,1240.4149416955486,1.0690041227449023
13800,582.8984209929426,0.30007439499608496
13802,9323.111643300968,1.7396529075240588
13803,563.01120125579,0.3541957555842975
13804,1900.233393629958,1.3734987097828117
13805,1176.3080923327434,0.8049152148965312
13807,244.0066772278511,0.27259950379155035
13808,2657.23964447034,2.3487445508359106
13809,366.9931027136437,0.31404746733260863
13810,1323.5552482247301,1.183718491481833
13811,497.59083279282135,0.39478349364663995
13812,1016.6269568349726,1.3295429465095248
13813,1047.4715265522645,0.8911461732799628
13814,1090.4919611904156,0.45860554355536914
13815,2870.5578427761584,0.972449838511299
13816,1194.9468983094048,1.1456505995575104
13817,502.87086330495447,0.44329366230605616
13819,752.8601339127817,0.5064685074191885
13820,238.13404291979404,0.2322196081694571
13821,624.3117223637034,0.6723379290851657
13822,1380.047574091584,1.3695343709508643
13823,1427.5710242535904,0.7966064054076927
13824,1656.1511955881401,1.485870786478238
13825,65.66095579841326,0.06808366930459107
13827,949.077414163771,1.1140024017379964
13831,2460.6402494338354,1.9713340213885924
13832,329.95600772073857,0.38703861576353654
13833,505.2538142111259,0.35535661860188067
13834,71.65078732957797,0.0731414348930025
13835,643.3253303444119,0.8783087118043408
13836,113.77712398517431,0.08906822738054333
13837,353.4665608511585,0.34371951815347046
13838,950.8681993796698,0.8350568214990833
13842,2327.7185467929085,1.8823951266553418
13846,892.2065248415068,0.7682410237206739
13848,1190.960553116672,0.8790002638818128
13849,1598.9301717889227,0.6531233786449294
13851,2065.6053337797075,0.8217269345668399
13854,5029.735552286899,4.265864644733371
13855,201.17832744451815,0.1560035631804791
13856,572.8436961471591,1.1686777074799224
13857,154.9353534845808,0.17534933185361568
13859,249.2731395162762,0.2239561441685418
13860,2236.4653098502877,2.010438018317246
13861,136.76018973142587,0.1346309541191227
13862,1799.516728974646,1.6884981134626191
13863,573.3007756730874,0.46582330928246335
13865,692.7382043730183,0.9548065933764617
13867,1369.9514030766252,0.9028974952659086
13868,7178.600853039727,1.3830139123375431
13869,2915.4439298351613,1.1086219686493686
13870,2422.034719781116,1.4342183444576486
13871,3166.1453164403288,1.7760774801365051
13872,181.29267514203113,0.1381690779571039
13873,577.7355998980873,0.954279684825924
13874,376.61147087328493,0.31030022959855347
13875,2056.7473789859478,1.4337019110928404
13877,322.3066602691365,0.36986385008954875
13878,1108.4570940139606,0.54454605722496
13880,2263.4144438533795,1.9224824368008342
13881,18947.16636254896,3.865268137955358
13882,2797.9638137049214,2.7882293954295445
13883,2940.6775396058424,1.3513566975474134
13884,1190.2874058173215,1.3026771664151995
13885,326.5542003109572,0.34922715909182106
13888,1050.902389679179,0.6764112230592091
13889,900.0752646396207,0.7058638270739334
13890,1274.0379217441337,1.432448073661353
13891,265.7602152199796,0.2496086143097945
13892,596.1760727590572,0.8358780597566697
13894,706.4256811301041,0.48750185218829606
13895,1479.9092975194574,0.6774100586064407
13897,502.4231662458884,0.37965317918829794
13898,206.81861757925867,0.2007094141612996
13899,486.9488601349814,0.5348835458685831
13900,761.2616168678492,0.7049514603854835
13901,2397.177643336468,1.3466136132487283
13902,198.76487195587507,0.00808503704174554
13904,492.6565037967631,0.5014443356597001
13908,1967.235443839432,0.9623468361975605
13909,144.59933122654607,0.13646019917694263
13911,1979.2054697200629,2.25910148613504
13914,1727.4361969083232,1.3909524024063862
13916,209.48477234338495,0.17288631212297667
13917,722.732638533686,0.6557444874408863
13918,1366.288073813936,0.5499119164961876
13919,592.4039935302203,0.59595654361096
13920,192.74155006662147,0.12749976677053165
13921,277.6216823910159,0.28946414728981196
13922,234.77239406430243,0.2259527346393884
13924,2963.7224021809293,3.1676172246557774
13925,867.2199132516541,1.0174841518976099
13927,498.347630807299,0.36540912789110497
13928,1129.13168974549,1.6108761376092784
13929,1443.235566808935,0.9486522997758058
13930,746.9432092712143,0.7764007808694317
13931,1779.0132527201988,0.8718577362917578
13933,799.3828938105945,0.6304336239087802
13935,162.2891717381212,0.032452106953740116
13936,566.0214640536232,0.49572294706280284
13937,363.42605545003386,0.35111952677963054
13939,874.3724678976735,0.9186457026496776
13940,1423.946172541406,1.532923398781313
13941,3937.2106245471905,1.5524713970184814
13945,198.02331718558426,0.14691197152859647
13946,823.6421824926285,0.669368982002773
13948,253.21398508624972,0.33804423202501915
13949,3855.4887813738465,2.822846756097938
13950,978.9251996057005,1.1015176589332893
13951,596.0353568653179,0.5653739916984671
13952,3703.4766067227292,0.925732048631915
13953,2674.5147147178027,1.3322304687750552
13954,1258.226987398251,1.1489557298595554
13955,490.56786987360243,0.5474242561540809
13956,1214.3575590273435,1.2711293943869126
13957,214.75190076044896,0.22790492441237617
13958,1078.3574896681464,0.34458469954685916
13959,792.6312894393367,0.9010465739697509
13960,1009.1050868839961,1.1077181055108172
13962,395.8062151219456,0.5508662241200345
13963,8.76647370407731,0.013570675373296988
13964,120.87147641924109,0.12181646661242414
13965,182.3767803488339,0.1813608896759563
13967,330.22175072308517,0.36670441808465176
13969,5959.505534999401,4.095423488207873
13970,222.38836168625056,0.12903240686536024
13971,2069.634397979835,1.6335551011311213
13972,510.71295351670693,0.6169883254632111
13974,437.24778117471806,0.29500544651521343
13975,2226.78131711859,1.300842224372263
13976,560.2922536379131,0.460552249834969
13978,1042.9339150085282,1.3042109946867941
13979,1460.314362716846,0.669859620107579
13980,447.5449197156773,0.6245969708234572
13982,1545.3167487993112,1.0530881848335503
13983,2809.668067582561,2.06955943850301
13984,838.7333596370262,1.214713786242609
13985,4434.03382597296,2.5932165490002563
13987,136.77924928727603,0.10634197390250807
13988,2278.03748957244,1.0257968956590167
13989,1071.502739229958,0.7076228170675729
13991,1565.0918709327227,1.9036006736801836
13992,359.88352116512016,0.5224866537645481
13993,2639.078440208838,1.9413915355197384
13994,3191.3310999495056,2.2298973329940317
13995,1713.3926507067952,1.5580290365280913
13996,136.8006606325994,0.09401705639783482
13997,66.21302639152098,0.056659025972548585
13998,129.50946949147846,0.14744567661904
13999,3818.6634544366043,3.133922330014613
14000,864.3902454126735,0.5218090333691264
14001,2337.3928236585703,1.2378667931361627
14002,679.3672113740652,0.5373511981709175
14004,3609.7910479399716,1.5306894341300272
14005,3294.9036246910787,1.4867755854934732
14006,1004.3564395687961,0.839595763549845
14009,604.3747374084028,0.45224236481153174
14011,127.56261032915685,0.12104860020616297
14013,621.9119964079488,0.6385769875844448
14014,1070.973132842463,0.43013464816049574
14016,3954.4640001278285,1.1278268170858148
14019,1971.378619103471,1.1578360316214562
14020,760.1794242239641,0.6145314618212062
14021,833.2689811060256,0.8664568327877483
14022,440.7415168561527,0.28934437591084894
14023,737.1282255793255,0.5735573904536333
14024,505.03203536506874,0.5597363510124918
14025,9.993505444836577,0.005161679849929493
14026,179.90954331601586,0.1349432823550281
14029,937.9030311189389,0.7453148152915704
14030,2918.407074964611,1.7564695147730738
14031,14645.17283526818,4.191583089106099
14032,1899.270679144656,1.7696852449448028
14034,793.8865034740523,0.7598000045851355
14035,1433.8338860592264,1.1662590101073878
14037,408.06566442324595,0.6368546375574101
14038,1229.2710983700354,0.6077716401647192
14039,308.81459212790554,0.29984079279785936
14040,4826.357490786428,3.398513997795417
14043,144.25011034682126,0.1428753949746132
14044,1410.0106420916454,1.061640881879948
14045,4372.418047111212,1.514547134530269
14047,1679.9744594140916,1.42004741128707
14048,315.4332002272244,0.2152875529338505
14049,5903.249354420559,1.2852972924163317
14050,1086.579124145088,0.9195383956720644
14051,8457.441030937827,3.7702510637398667
14052,472.69850721229307,0.411500597928982
14053,468.368701023606,0.6226516711985015
14055,704.173809393821,0.3527727470531626
14056,6778.522667982035,5.355018533814719
14057,3450.7514506598227,2.0581315823458963
14058,102.15905461196279,0.10003629630202393
14060,4118.708576123688,3.419379086634573
14061,191.026077065401,0.163914495231101
14062,10102.50317171981,2.4027551451050226
14063,0.4319811161276697,0.00011160322047119245
14064,1394.1507066454026,1.6191954798932142
14065,120.8991462373281,0.10078327439655507
14067,879.2797959472093,0.883739346550809
14068,498.9159345988304,0.3788397905460667
14069,64.92339550535091,0.0678165995582681
14071,1493.452590793392,1.7802624647140204
14075,1083.3584419462875,0.8358162606504137
14077,634.0204018596093,1.124021203306221
14078,734.9362427677454,1.113532982646324
14080,543.7895695524297,0.5695954183901485
14081,1117.1672699224885,0.5429653087917504
14082,132.52831479816328,0.12330782831928827
14083,601.3561040073413,1.127147471420084
14085,3891.975797155286,3.1492264876130287
14087,438.6362566366358,0.35788952338546
14088,32827.687235730904,2.438598886061468
14091,280.43060202000254,0.036307027594363064
14092,3049.2961418766718,2.4208629965342388
14096,83857.64796764033,7.433201112162016
14097,168.78886996098942,0.13269440043825184
14099,2333.0871441905465,2.185461478073824
14101,4407.5264022589035,1.6080149992805601
14102,2908.9663077812666,3.1415996980785414
14104,493.04838333876353,0.6693000431903344
14105,2136.115186260297,0.5122486168728552
14107,2073.4532349650476,1.2098056097644325
14108,511.7380283227183,0.4623328177729544
14110,5209.008592012956,3.4412903675533673
14111,1023.2027710160396,1.1153695253547509
14112,2336.2502247110046,1.221689163003082
14113,2805.117367201694,1.649695406169854
14114,440.3623578243471,0.5696588623031787
14115,205.03490075212818,0.12475191555965931
14116,2186.8908168175276,2.069414110104359
14119,185.3572848516408,0.19064550259376523
14121,6007.89863968114,2.328041510156816
14122,210.18277192784234,0.24841905512691262
14125,3390.51427616086,1.5907243906315587
14126,734.0512303009505,0.5445970374891006
14127,1099.141905471635,0.9865085924913654
14128,570.9517747883966,0.44896764001817874
14129,1307.463833844367,1.0981118220376018
14130,656.6536422674609,0.3737687962909827
14132,4255.201562523609,3.5072861160470628
14133,428.4058623304501,0.34568694393549176
14134,340.2102748291885,0.09387799879526296
14135,3401.196958363527,2.489336623938971
14136,376.70395303789667,0.3053394175882944
14138,1569.8206759723114,1.1953566140372263
14139,631.2643658675174,0.5969616901397915
14140,2027.686229021183,1.4614592500336627
14141,1708.1792326528625,1.8311547773125476
14142,255.91533133197586,0.1956040665931323
14145,3155.356164047179,0.9154682267180351
14146,3890.4666577056237,1.0508216510226056
14147,1254.0592032155328,0.869395866342939
14148,313.68831550568905,0.30373939269793043
14150,592.8416379496449,0.4343254947188844
14151,44.55315404654809,0.03331196122847687
14152,947.0362683714376,0.7346689063692731
14154,2320.8282840620077,0.6039358538212732
14156,118853.76726795202,12.441486324871182
14157,584.2050537298549,0.6395013830323724
14159,3146.6553072710444,2.0599807394996685
14160,2.8391434172858867,0.0010510778119152615
14161,1060.3840052462087,0.6965324990499278
14162,381.8621136655587,0.4026146050676985
14163,1692.0436571437779,0.8174889464590906
14164,1215.427416930931,0.9068697581334914
14166,109.70663942104217,0.1083836281654259
14167,675.5105229744727,0.9491548506087185
14168,138.16706949941317,0.15643893138488882
14169,74.8140703195824,0.07382680340530404
14170,82.69883667283457,0.08171790929793328
14171,335.90519164335115,0.23976189534775763
14172,18.512995323719153,0.022684702387246083
14173,418.1954871741534,0.5767716777947793
14175,3338.590491384671,1.0113290858778639
14176,217.79482293930403,0.24067011304570746
14177,955.4233477085662,1.0830583130577922
14178,2111.393453181098,2.274284003972294
14179,1177.746231784619,1.166640221917375
14180,3307.20573552669,4.427921973797037
14181,152.76088525359694,0.1643068488302236
14182,120.09447837762534,0.13939176059336578
14183,127.76075804603938,0.12729230412230624
14186,227.68024948471222,0.1767634158971635
14188,1694.5847600947634,1.3540195092054286
14189,3444.9250858350447,2.7867521562808735
14191,2123.476835285435,1.6560758470452779
14193,879.2756923908345,0.5793457693425641
14194,7636.911735530873,2.8172692445188523
14195,944.0822109087677,0.5826635906540695
14198,789.7727522725783,1.0386354309340124
14199,607.969991369522,0.5188691244883437
14201,698.7715279231224,1.3187764943652398
14202,318.85041009447343,0.25764048230023956
14204,457.1709354836733,0.46541318806288684
14205,1196.2331829185252,1.0033252641416832
14206,534.7342506760696,0.42062422247886594
14208,310.37956049264045,0.30180469544294414
14209,2202.935560405292,1.7409235017257327
14210,2122.779063616142,1.617088328308732
14211,1854.4384804389265,1.7361699531560346
14212,929.9072432044061,0.3567919321770871
14214,710.9108778190931,1.2361783393129981
14215,1331.0699694031803,1.005397731277363
14216,1510.5803482210495,0.9252695031820093
14217,1754.6953773148932,3.169047855352163
14219,401.02724761111295,0.5009319542409728
14220,697.469117459868,0.4735763278506067
14221,3025.9323573126035,1.7778454943169835
14223,979.4878317483235,0.7459711615628315
14224,946.9405988707907,1.219132739359371
14225,383.04797254436784,0.2338065390722664
14226,1651.1977696932813,1.0366375479414882
14227,2782.211228533258,1.1972076795534847
14228,178.18046748426292,0.13672281378122503
14229,1548.2464644628542,0.9748894923618958
14230,224.19519762469042,0.13691989003679558
14231,733.9188009447562,0.602826837623857
14232,1618.500809332811,1.26734269574541
14233,1322.7615439431102,0.8739768207125488
14234,1679.2572366260592,2.2924554913399904
14235,2217.2291978973053,0.8947547091170345
14236,933.1050252768769,0.7665512071878045
14237,204.14903673358833,0.1952492482870025
14238,248.95400537963658,0.2932728871334506
14239,1808.316829000103,2.2603189849622294
14240,876.8885290375939,0.5611602167627662
14241,272.0750037956916,0.23872605215196233
14242,309.3524373651853,0.30855999057060884
14243,2927.5752699567806,2.6719510777322975
14245,607.1161241517648,0.3145759878959919
14246,1280.7814701539353,0.7516643783007054
14247,355.48799974052235,0.4887987312241242
14248,425.8186042417934,0.311161512394842
14249,265.4837578828864,0.10589497661912126
14250,1933.3126390680534,1.0319850965065
14251,4171.895958923598,2.908125062191729
14253,121.50738986227792,0.11667834029970924
14256,741.6743708584922,0.42208354186928854
14257,2314.875505033576,1.0986999873520218
14258,12455.70383042205,2.3857118363184995
14260,127.69298390188288,0.1013939580475589
14261,1102.5526797122973,0.9945352905721104
14262,2724.3348811037804,2.1560301550467926
14264,659.3870713618015,0.7410588374845709
14265,736.3010454046032,0.5269751826032926
14267,828.6651054029317,0.4326999276163323
14271,297.4052215358441,0.3112936302024163
14272,592.183746879896,0.5576764691083862
14273,848.6349430427986,1.082339905285701
14275,223.327247206582,0.21340609045808057
14276,980.094097982976,0.7267520416312566
14277,7017.867453925406,0.795139709326037
14279,105.85664966692026,0.11634095647899814
14282,2961.9765073069916,2.963719120336164
14283,59.53828573466359,0.07954356046682305
14284,482.17809411118617,0.3935996005673603
14285,1458.8662947430203,0.8966277066888954
14286,2995.137538507825,0.6788746507264108
14287,609.2487262569011,0.6690262201448143
14289,884.7566630189276,1.4393284556391917
14290,1670.9689289830942,0.8982284203082221
14291,3210.4453190314844,1.5448548729041773
14292,4124.260027548288,1.3867737282488353
14293,1069.8557458314783,0.9015286745031723
14295,920.3355637312173,0.46566320217584156
14296,200.49195737265768,0.15849763058773725
14297,1362.5344660073388,1.0187034162822466
14298,35744.59468754281,4.874643660336123
14299,4951.439405425146,2.699140796036803
14301,933.3175197430346,0.49037827830042685
14302,292.6517675530671,0.23113525928145603
14303,92.48268129052782,0.0961772855260989
14304,683.2699303209995,0.387900809287412
14305,1597.4449872865853,1.104548302506174
14306,1436.3406935678004,0.7237415042882016
14307,1786.3475278935903,0.9822646054806521
14309,1832.5340339759855,1.5543659885499392
14311,338.4959733736333,0.25979835330629525
14312,1498.7146452926331,1.6484913702889101
14314,350.1181701152299,0.36115279661667665
14315,1498.0780724587821,1.0070141592065043
14316,268.24039802827974,0.2101583373614479
14320,623.5665898870333,0.5500178233253594
14321,1343.539893892373,1.1403299732176526
14322,156.56907066409423,0.21906535630096996
14323,658.0606203823197,0.5163922705929672
14324,242.98578325460917,0.17889046287216
14326,493.33344823766254,0.38957053784229206
14327,806.6324549630442,0.6656355637153567
14329,4070.8486528399194,1.5537114307507196
14331,510.3127653475722,0.5795852130238115
14332,1179.304664571128,0.9163425888366414
14334,2140.3242732782783,1.6430503125374167
14335,910.0014629158584,0.9854671589132329
14336,1363.3106273732183,1.0139721447640588
14338,523.8065016889227,0.4317507631503803
14339,380.5401697916687,0.29376139939214047
14341,1837.1882251827756,1.305792389116944
14342,708.6843836276589,0.9841059084161244
14343,285.60617905026857,0.2507820722592728
14344,1111.6495827897668,1.9670976447839377
14346,1141.7932630120229,0.6145641607056392
14350,436.2959528803076,0.36081532498402497
14352,933.9246574033534,0.6219830011419113
14353,334.60551641403777,0.44968713492762047
14354,1261.4057723820551,1.4666004668723305
14355,317.5639878093091,0.2742523442848192
14356,1146.8298800080433,0.8574731742937696
14358,119.7005331288583,0.11712279558231
14359,1496.4842700817326,1.5020454310521079
14360,2342.447868322706,1.425673097651488
14363,119.97296221327173,0.11753478551760412
14364,2641.981313611953,1.5067157625055279
14365,242.2935420555874,0.18544111340892608
14367,7541.094688067033,3.121864873502132
14369,36.00319587751717,0.02796654143965229
14370,156.90398816513434,0.15994893613930902
14372,182.55584604395986,0.14794331232765354
14375,595.944059955425,0.41899343549560353
14377,482.513378411858,0.3793832323509389
14379,816.3049368220687,0.6590401607023915
14381,402.06047706091454,0.36136170135542367
14382,745.7283989558674,0.4100188550406586
14383,1788.0540295818646,1.0703059453152353
14385,1495.019035754567,2.243614812609725
14387,2638.3005742743135,1.3307941420283573
14388,2758.569195237192,1.8493131412105819
14389,1034.4279408178152,0.6810106160970026
14390,3738.759174114829,1.9159229019945982
14395,3646.967760987988,2.461962443514179
14396,770.9865499872914,0.670658810008143
14397,2977.025422413733,5.415448790924686
14398,196.42226257708666,0.16142435702278132
14399,132.3802706793235,0.1388253733497765
14400,691.1791245914155,0.3858289607583461
14401,2673.207996529798,2.416207344474174
14403,946.7370327994495,0.731961368064136
14404,1196.1638003386024,1.3397062978498606
14407,1762.7221599413328,1.112802143194169
14408,1710.4848734175907,1.218336021321519
14409,1620.2821998425995,1.092433662440461
14410,1537.2327304893633,1.4574066361537257
14412,792.2484929751395,0.5572387533695016
14413,243.97195533339632,0.2783982795028467
14414,1274.4385837435987,1.4567646338435094
14415,4822.749788643883,2.5311907673575162
14416,1241.0975602337255,1.305075577397536
14418,3532.3081040951074,1.3825074092480798
14419,1038.388575367451,1.350647207456268
14420,721.2797338435308,0.4793596589182763
14421,829.5652681762555,0.7100869657469703
14422,4182.43819457073,2.101460015622703
14423,450.8290627555857,0.3424539644564916
14425,237.57124938517845,0.22806564650942304
14426,5248.872952995564,1.711300286621517
14427,522.2845029852277,0.5256746475826257
14428,1160.759260738456,1.1128162881496324
14430,169.5459060704735,0.09522383874508974
14431,888.5324302800761,0.39407265897202026
14432,4111.627209742179,2.8769357370104993
14434,2714.828944239825,3.090135826338156
14436,276.3030732482237,0.3002744937913505
14437,183.255118764953,0.26801820187063014
14439,2300.0421382503678,0.4327241187298661
14440,2206.545741292275,1.317878948971505
14441,1998.4374329164475,1.2842762471531348
14442,1927.095244752937,0.6429569404949472
14443,1291.8122928588691,0.9705175830987862
14446,1012.7198495370087,0.9782848555568824
14447,1086.67496960414,0.9461899528360286
14448,535.8718250204536,0.436018902960272
14449,1515.1453525571408,1.2145496704811507
14450,581.4361234640568,0.8165830941269068
14451,1503.5337499892773,1.3737409868795565
14452,542.301908493279,0.6232725101196911
14454,326.10417483604033,0.34937212686730806
14455,42.211147790304516,0.056781736925856544
14456,4415.650466790841,2.9978702626891476
14459,1010.5868004553646,0.2556891972019729
14460,548.1141068431938,0.9794317385936717
14461,2602.7126709734443,1.2534028561996142
14462,1467.3284775575412,1.6725950454901508
14463,539.3199445229202,0.6223307484672677
14464,50.92171776238602,0.059477970611892354
14465,1135.4238853497277,0.7616839389974992
14466,1818.592228998133,1.4370174324307272
14467,1017.9665215178792,1.3158570071039588
14469,478.6549149726412,0.2529628680667436
14470,591.465810466532,0.5579103765980001
14471,96.01169899681193,0.08703738046493913
14472,951.7275158245479,1.0239128067855823
14473,504.62593312825544,0.49857008152976695
14474,508.3734191578354,0.2966214850033299
14475,896.9167667131375,0.7377530324578996
14477,951.0185934886385,0.8159541444089073
14478,406.82918172812555,0.31598745449525917
14479,448.0265941497829,0.4125096062002701
14480,612.244641236861,0.47527703957213374
14481,968.6388125947655,0.5780637663961651
14482,2463.0896729328597,1.6087835718657895
14483,214.2677655579266,0.21263047533782078
14484,452.9640243787645,0.46895983030650173
14486,59.204942318093,0.0657060543413859
14487,1123.064877322588,1.1675232007266294
14489,682.4494760277755,0.4874206171459328
14490,196.52813256385463,0.09213744965715523
14491,408.62996591957994,0.36232983256038237
14492,63.50320122315371,0.05702727210695262
14493,2261.854631203135,1.2465054983325778
14494,308.8088534659355,0.3578132214935471
14495,259.8829952438034,0.3883973634573648
14496,470.40208414348047,0.44250416339185944
14497,345.12256892075254,0.21669390457437207
14498,2065.2778307523695,1.4039475224576152
14499,1289.6282401037104,1.1428610649915574
14500,537.8369901808918,0.902819204167208
14501,407.52553771447265,0.37936359213954746
14502,2164.7497123171493,1.988750487011401
14503,4000.6265032413417,1.9975676695549451
14504,846.5689798182359,0.9896171678557834
14505,4597.648570922381,1.7547320828247135
14506,1459.880195568646,0.9366907728942555
14507,1417.2954075836738,1.1127193961150759
14508,524.1541822955109,0.6032066661858446
14510,235.4747298812685,0.14415162171352966
14511,2256.983726188534,1.9828957734494397
14512,563.7892515719752,0.7216539815353308
14513,472.6627394938575,0.8187501295769463
14514,1617.4572758619895,0.9994916836731009
14515,2044.5794826016188,1.4149663224355031
14517,699.3375262397387,0.7952226100707281
14519,29.76875679058548,0.032757074219956474
14520,486.2162474908268,0.5183820843185137
14522,859.0460531101487,0.9488898660766996
14524,1686.9516527217877,1.4244951114529274
14525,3254.824485371684,1.8697890542707158
14527,10529.23763329683,12.799930175291044
14529,1264.8629310082567,1.2446600235083223
14530,2681.588000322796,1.8457030929376512
14532,1086.88463395676,0.8153940491591848
14533,1617.107831750383,1.4199697032757665
14534,2826.0914601505183,3.1968282999760658
14535,2610.1759034317097,1.0933859175612661
14537,384.5565680500755,0.27799392538916734
14538,591.3898705238689,0.6030039617435119
14539,1977.3938088657899,1.309741213359236
14540,1618.3854620386487,1.2185350162429314
14541,1128.6302298262467,1.4671376084473549
14543,5778.526734919011,3.8396565573466948
14544,1486.187471756511,0.5173735035543804
14546,2056.7198622430533,1.217856577890785
14547,8001.0291960749955,4.616909361939177
14548,935.0265064343223,0.6488573478957795
14549,353.3282532210524,0.3780415981387546
14550,884.7649505739864,0.6630710111505519
14551,516.4243117506686,0.6114530326771177
14552,370.5582512856263,0.40459291777817336
14553,986.694523596983,1.0717130380178934
14554,4957.371622135599,2.4086644889135727
14555,1014.9102798628994,0.6848588635169444
14556,55.60884061643741,0.0507854443270653
14558,29.703906735854286,0.03172982104195198
14560,2490.516697660971,4.08043229378293
14561,1418.6132675988845,0.9430811830742667
14562,3002.9195234604945,2.817875223461011
14563,91.51649520463016,0.08957445671832852
14564,603.0194830902,0.16866181058550497
14565,1941.1947196849615,0.7984777456392869
14566,1931.4830306042893,0.5871067042318708
14567,1570.6901439529427,0.7950173332614512
14569,424.1205783080281,0.5528911297116791
14570,296.0318078433279,0.260295883285977
14572,2611.008202997303,1.2814917285125478
14573,848.3544828119484,1.077800850016439
14577,654.6347015384443,0.7936647499027448
14581,317.614842232542,0.31587897401899984
14583,875.6711743316191,1.0342864983262898
14584,800.714408278572,0.8869309598539024
14585,884.2078160528152,0.9056232810313024
14587,1389.230285618806,1.90904150793359
14590,0.23499954684874513,0.00036514066775067964
14591,1681.6696444528272,0.6347718491619245
14592,1377.0516006722714,1.6381517290293932
14593,1504.1690507958626,0.8976908773304694
14594,405.6470231735323,0.428367582376639
14595,1033.5044755835079,0.9451157988290089
14597,1600.0969476068221,0.8844459610825138
14598,346.4230782627641,0.30114197875370313
14599,206.53197326309677,0.16567147210127986
14600,317.63765981778386,0.22098002546631787
14605,366.9577448460926,0.268831922992719
14606,11783.917807283173,18.883870676105463
14607,8422.362057429666,1.4446299971967873
14608,1450.255679138192,1.1111096411220098
14609,807.8434140670103,1.1804273494683863
14610,127.4212783302284,0.16249487872559035
14611,193.2411065925406,0.1476626710458276
14615,112.46142243723004,0.14346914125214694
14616,378.86203734375414,0.568057830528069
14617,81.30389732014503,0.08558991399091603
14618,811.0535695844234,0.8762444128779084
14619,384.02823585720483,0.2653392870639207
14620,374.6801581427567,0.3534133776147924
14621,1264.6701806336237,1.0679308732228723
14623,1045.9314029784287,1.3069941916611156
14624,481.7756020196372,0.7949437140151928
14625,1510.4193731220853,0.9495473657398525
14626,2196.1102362638053,1.2197874684517571
14628,887.5200092115031,0.5975154282181953
14629,1733.6807269381868,1.3110107136769626
14631,1225.9981830702982,0.9497560061019048
14634,74.63078136612738,0.09430145473884373
14636,687.5716557547207,0.5352146695700462
14639,2069.7392994820634,0.8542295250004462
14640,1628.1043410902269,1.1722963091622511
14643,696.0003011010679,0.5447043921188387
14644,952.528521088909,0.6710532063357213
14645,469.55148216752514,0.3827764754146791
14646,205754.62390301118,9.718928855172223
14647,336.7644623625951,0.28708577198749263
14648,19.115784630148454,0.014402784893475386
14649,1541.2728794069353,0.9476717971299429
14651,952.7455138664496,1.0028550475863922
14653,1420.0578212950836,1.1063543985082775
14655,1633.1847544686268,0.9424474832686127
14656,490.32561161426116,0.6256780176206469
14657,1053.1765830453005,1.0517927793977557
14658,866.2470214018014,0.9078737610151347
14659,1895.4465991866439,1.988397968270008
14660,790.3535635364376,0.7849533254490318
14662,694.97267253456,0.78384503660794
14664,1598.7747035178013,1.3933874526575667
14665,1415.3259900294088,0.8073831567365995
14667,8116.3007930889335,5.35132071019141
14669,1035.7289017701614,0.5043270834643551
14670,309.9977965620726,0.2135699448935791
14671,46.13906033205381,0.04257040411583479
14672,553.480102281198,0.4417491939080302
14673,1932.9579668090087,1.283044839996476
14675,738.857054771649,0.41375269743332244
14676,3675.4595955391,1.482355469280162
14679,404.50492576901644,0.2646046086986135
14680,21878.601034507774,5.437451167885488
14681,557.7322056907626,0.6247801182966756
14682,633.0798009963739,0.668560048254581
14684,1124.1405212660823,1.1425518290547085
14685,84.70560396649275,0.031872232022907454
14686,302.41088972773565,0.17573894326667125
14687,793.1708190673351,0.4395494935762887
14688,4296.468037028488,4.3565000012711375
14690,648.421327062076,0.745918699375539
14691,2235.8864459301035,1.2016361406171079
14692,829.9145737369176,1.3706225013203641
14693,409.3660533250461,0.5259159389607878
14695,238.3073309002728,0.12880587245464298
14696,1621.989523097633,1.4238184960271578
14698,2435.836338808935,3.01702583323396
14699,423.0850283029887,0.5253505123137837
14700,1841.4740537630655,0.808269827927439
14701,1912.5449091934847,1.2918774892674045
14702,2492.29854391526,3.157175738736042
14704,953.8749482957362,1.1497564676998628
14707,130.83628182258676,0.14748149507145036
14708,1187.323703414919,0.8584134047622032
14709,3616.6337012068375,2.492288656089647
14710,924.6125258498241,1.4244412236437909
14711,2780.6723584681085,2.7528615324927332
14712,893.5826078260404,0.739474163022138
14713,2151.472197307929,2.2765629011587993
14714,528.8617442380686,0.4923561819542234
14715,843.0126708824914,0.9429815954866423
14716,473.0855685769403,0.5372870665347483
14719,1727.1949454672504,1.3511041342860617
14720,1393.2403232049087,1.2752772796525944
14722,409.30010008532184,0.4685697395845446
14723,850.4517663919011,1.1074348255468411
14725,783.9499360318612,0.4664135543097681
14727,309.59941139343204,0.2516858032801724
14729,256.85253679899205,0.19598683214285997
14730,1845.8780649008295,1.7261349767434124
14731,729.6823128500814,0.9056161549872969
14732,2309.525704654169,1.9718265947609195
14733,7978.637538098528,2.6988962401689176
14734,147.89645298374268,0.12740956901208184
14735,4881.85415327327,4.199311303873724
14737,1102.1696464002302,0.7722463686722167
14738,789.9244522907201,0.9978449007971943
14739,4531.9784179565795,2.700858931931193
14740,1518.778317916226,1.0194214017618761
14741,1196.8220835443185,1.260815967551677
14744,1987.4967313542734,1.638234297799066
14745,1120.8937876223324,1.1920666259314407
14746,53.94763831279819,0.060519829460565194
14748,1245.9796940569279,1.1153533105029605
14751,27.64268215238045,0.031554057610274945
14753,604.2258940432343,0.34847298900839924
14754,703.1336709428388,0.7134482978369708
14755,3971.6391229562637,2.382894763334993
14756,1096.646663603842,0.5633502544765934
14758,1276.8426302255157,0.8608627610994868
14759,1531.0180894922396,0.8817612483853511
14761,437.51762219661026,0.533560266135594
14762,307.98428514750145,0.23909273397417866
14765,736.1041916520687,1.0333953147779764
14766,2826.748310731145,1.55201743259861
14768,726.6880939022624,0.8583491074801255
14769,6089.613257304298,1.8820800784049505
14770,1077.7563130324997,0.7543951313939142
14771,91.55767178019967,0.07026523819221676
14775,748.4219371149537,0.6103876123090478
14776,2296.5304377774596,2.1228890033753864
14778,629.7367938969968,0.4382308252820792
14779,155.0998705309318,0.23451070729404366
14780,911.6738845088391,0.9765774307399225
14784,514.7613507340002,0.5998774967749884
14785,1289.1936437270178,1.6228216039004701
14788,565.6650483524893,0.42769532254797216
14790,1083.8507619481024,1.1155160025995854
14793,371.21083989273416,0.31964678865261315
14794,1297.3977093213737,1.5693939116339515
14796,4169.945817588217,2.956587146217005
14798,439.218932998921,0.9862361359376091
14799,252.3551698023257,0.2418407445151387
14800,4325.839456563015,2.6486874172574755
14803,520.8947267970526,0.5990187831870816
14805,624.9878429049947,0.9089890151310559
14806,398.885023629004,0.3639090576310237
14807,194.24746564601375,0.1875139367138462
14808,2910.0315739616863,1.975600610771884
14810,1646.4041769384703,2.205747508395585
14813,282.8725423820241,0.2677354383681187
14815,1222.7238728373725,1.0931111631618111
14817,1422.8748044425142,0.772604446867646
14818,670.7062937991032,0.746540894301179
14819,365.6219605627833,0.469453293084432
14820,695.614739298873,1.072177889474807
14821,391.3072139907354,0.34300816092829395
14823,354.8667590217673,0.37756837757905853
14824,1675.928883386853,1.2524794713192993
14825,2290.1951060403053,3.0442788614658203
14826,90.60762567539382,0.08028522352955161
14828,2961.7104184371556,1.095097928982863
14829,973.1627936827538,1.0456548096711213
14831,83.74352381654096,0.03750835839358192
14834,1428.3904519359915,1.282709506743677
14835,83.60356270529724,0.08589823420155283
14836,1130.7648185226376,2.1289425944779885
14837,1524.2018028392274,1.0384561366010354
14838,328.3581562063786,0.1728779846269528
14839,260.64774454176495,0.23644999910139755
14840,224.1281205679526,0.25629067994136645
14841,2776.903462316907,1.5133712513100768
14842,2414.414664507126,0.92345062889393
14844,2821.4199501895005,1.038628361803945
14847,736.0852078767243,0.42044865823981914
14849,6379.009604173766,2.599261639486901
14850,597.8937951292294,0.3848643627944456
14851,457.4974360981452,0.4064768346791919
14852,2730.2994027091536,1.4583827270580438
14853,679.6666998857932,0.6751965533941529
14854,1860.6950100473432,1.2607501649886745
14855,2480.9074559124697,0.6460206141234226
14856,1448.627214201143,1.1575001899559898
14857,1504.279495757481,0.6429091264914369
14859,949.1439433687674,0.5921041512289168
14861,649.503998894381,0.996364773441887
14862,1295.4357089462874,0.7827412688095157
14865,209.93035469190602,0.4644448454492236
14866,11331.255798960929,2.4998984834828093
14867,952.7902118913198,1.2208522675579567
14868,2576.384678848509,1.7673832921872679
14869,1187.1100358687488,0.6905002041702933
14870,712.6191436393532,0.5074380468412012
14871,617.4910204352448,0.9983726728352631
14872,153.94047977097367,0.13658184296001086
14873,418.2559694044886,0.25077087427418704
14875,1163.9163724067894,0.5201243317141552
14876,52.83525136264927,0.06156260918204465
14877,197.8195710629583,0.17235995615527056
14878,1787.4850304529073,2.512536765649313
14880,841.8884009534751,0.7197594879949049
14882,1771.76724022403,1.5247886606146654
14883,947.7739190991509,1.497420324157806
14885,1036.4248126981659,0.4906208800647763
14890,387.249416694838,0.34236789332176654
14891,782.4423422248512,0.6525170961176
14893,822.5870135569443,0.41517563460280593
14894,675.9597846968283,0.3496235556300287
14895,9550.194892456848,2.618067962564997
14896,704.3077655103042,0.7854004694767764
14897,1353.3890277594544,0.9063555741504649
14898,1398.129440790153,1.5280778515611406
14901,1218.3613678411418,1.8339049282806403
14902,575.9949907223357,0.45302589219970224
14903,2385.9685455674016,1.2392713723954947
14904,1112.7006809833865,0.7336874785825657
14905,819.9531686278216,0.8356613744254967
14907,2718.8912716099903,1.5689121919500928
14908,434.437317503038,0.34963512736064534
14909,367.05611263580903,0.20804387606901117
14910,1373.6339371307606,2.4015536980255705
14911,106965.16609983952,26.272056434809954
14912,919.7483344179727,0.5612277759624876
14913,2202.599843348522,1.2592982574858795
14915,808.7263729224037,1.079013491309134
14916,1290.380114047103,1.0202792030648868
14918,2517.6938135498067,1.0005132712019527
14920,663.2836519307365,0.26999552223540924
14921,944.4681303146906,0.6498386732030256
14922,208.45545320936083,0.16175155602248764
14924,441.81941657074157,0.3520826074162942
14926,192.35171954023332,0.19080758111310409
14929,442.2198833640466,0.3852959176939952
14930,2233.8515540947005,0.6535287843729956
14931,1053.917419326251,1.1240881868668744
14932,148.5894575108637,0.11431282858540306
14933,131.93685192168485,0.05769235706108462
14934,1792.2210859708682,0.6912719203635228
14935,884.7624265316905,0.22938240384445094
14936,5732.3062754864195,1.083747128941193
14937,1748.3960463872031,0.7950173332614512
14940,241.07613519080664,0.17516958290560194
14942,283.22602131263034,0.2927355095746063
14944,3948.803179950898,1.4430098140355807
14947,542.4185516374939,0.7695636756340448
14948,1298.8158856250418,1.729337079845835
14949,152.2192218846068,0.19500641652319672
14952,6921.433213048002,2.4402112394987623
14953,736.6695092282238,0.5500407100177402
14954,326.31948662304933,0.2548129179534592
14957,206.77425495276563,0.2378138636399055
14958,468.8243671644594,0.6480341821894409
14959,792.3230459823764,0.9341833308568119
14960,714.5870108525859,0.7326652339144242
14961,6310.091524669832,2.065973026191357
14962,273.0723226484574,0.44422639779016326
14963,1805.3710192732885,1.6151211226940225
14966,573.4876180180638,0.5804876438660962
14967,904.7189454145969,0.46141318646791196
14968,367.49747639585377,0.36098580747769765
14970,2155.596792965598,1.1899983719138676
14971,1937.1961788977937,1.2476599591748279
14972,368.03286877570616,0.3840161578563569
14973,1010.0871410240476,0.7898266623737997
14975,472.73774476964223,0.3799668679992153
14976,818.1234081702194,1.0807717020040641
14978,1572.9846914667255,1.3066833056497709
14981,273.47277017574635,0.2914208585001939
14984,685.1211714475296,0.5992593290134693
14985,369.0934627941852,0.3495691932161347
14986,228.1800572702319,0.1926373940674317
14987,727.6520473447434,0.7848415949491971
14988,833.1429419332301,0.7625348574179983
14990,69.86756412677529,0.07354394523376577
14994,229.0069421479564,0.26428893024359607
14995,492.2204411251509,0.5184471352709633
14997,451.2356994097728,0.5099933498245512
14998,493.7732954892358,0.5104564893443927
15002,1591.9909625603948,1.0072842477346322
15003,53.13461781519229,0.0795019084560654
15005,5461.843095097003,5.971694527043445
15006,570.1588264867988,0.36031202572898235
15008,155.23165895475228,0.13114326712030994
15009,2757.7797602537757,2.1984231596051105
15011,106.29889929739966,0.09703832693873068
15012,433.5984794777231,0.434080419514246
15013,2.4182623027486034,0.0036024623725821265
15014,684.7883600083198,0.6933748049535786
15015,2.4358242784361686,0.002757596430163357
15016,452.41349385838845,0.5490725779249952
15018,603.7837295928001,0.6235616309807299
15021,1511.5856929039242,1.6871240953341953
15022,579.4766004239325,0.49996271692738375
15023,4872.358839798202,2.2291811672195365
15024,2049.3896442087557,2.088608901157224
15025,421.72158727646934,0.30288954238637056
15026,672.2498632585233,0.8408086902821986
15027,1443.6854587614398,1.1467389761952134
15028,860.7764036891291,0.9605199289858246
15030,906.8509899087863,0.9831533575231409
15031,1335.2591788350535,1.3280935281929278
15032,3276.2451508386494,0.6349516201833034
15033,1880.7141131271744,2.133092449658908
15034,3927.136344401511,1.7528142408270466
15036,911.4517059750953,0.9627888206092694
15038,976.2022357291253,1.543499210643074
15039,15661.792918202345,8.93739792265508
15041,354.58641231099233,0.3304137405167744
15042,264.9222412179675,0.2643001223462768
15043,1548.3860592570004,0.8887854060576253
15044,6093.980254348749,3.06111937015235
15045,607.6384068112781,0.4511352991632412
15046,3180.6753222904836,2.8428503571501285
15048,514.4652468666196,0.7997032418466252
15050,1915.3752626873427,0.6634546659680496
15051,1527.8927703066506,0.9949736996917133
15053,821.2497294314172,0.7715864683582948
15054,1295.1512240514912,1.3519593274052977
15055,168.21748251497735,0.19037065283694915
15057,1173.3053516765747,0.4793657490713702
15058,1563.1224164531534,1.5751326761146336
15059,1456.2719771892325,1.7384284539488626
15060,1297.365424937045,1.7114243482215479
15061,48729.95495115913,7.262985680664407
15062,1141.6658478707723,1.029411298600524
15064,329.0026234922985,0.27784863961926515
15065,2373.010585965619,0.9214142039323362
15067,1700.9814748234548,0.5377634059180696
15068,611.5974228844503,0.5333801546975742
15070,273.28717309090763,0.27040129423980636
15071,869.2909783036984,0.5622214129286034
15073,1195.109977991427,0.9552360812461139
15074,959.0160964901812,0.4992731781395161
15076,682.9137818864168,0.4350957137393169
15077,490.6672699203291,0.1414992806833387
15078,6873.35601626016,3.7707047108105063
15079,1172.9517881524819,0.7742291629142638
15080,131.0095864652103,0.1208605098497498
15081,1059.0626617670089,1.7239627807333322
15084,353.81453217679234,0.1928277794401549
15086,58.747930404256635,0.06147413451708392
15088,1396.0861270144092,1.131685576596608
15089,2323.407540137736,2.405609663185826
15091,415.500299951418,0.2593689967652997
15092,462.6675232109856,0.43755046235962064
15093,5564.935242712752,2.179369570008773
15094,119.47283888075975,0.14475824124459344
15095,1382.7089344545745,0.9189086379140218
15097,358.1227188920648,0.29943974608294877
15100,536.665885569812,0.42772750533949355
15101,888.8351042282155,0.8214494206133368
15102,49.76320434413789,0.044851101101748225
15103,1441.8609250155523,1.007315875095191
15104,670.9806776482322,0.3699196111173375
15105,1498.4670540790003,0.9022619175677136
15106,1313.9041990422063,1.270986424263719
15107,22.22032770900458,0.04618831222000958
15108,1168.7519047616995,0.6965734578179709
15109,454.27908965078757,0.3217015286142879
15110,951.2441663838835,0.9621703736889653
15111,1283.0985265877312,0.686749679114253
15113,3749.0210939297567,1.8233394335302764
15114,2162.3073422710786,2.08390006821856
15115,334.1066298290982,0.2456749354010029
15116,1437.0047902832148,1.243302955700673
15117,1188.6578177596632,0.8933376699268212
15121,521.0637980769919,0.5033770536045405
15122,1880.5161005477091,1.2152679653599503
15123,2179.051201751701,0.6522759287978503
15124,350.513111609098,0.5157379452899504
15125,6668.827224480861,1.8964924952493516
15126,130.64373564362734,0.10755970088926602
15127,471.45620178929585,0.32133660211783116
15128,1203.109389798895,0.8782026824489986
15129,3214.311439051058,2.627411779115698
15132,1017.7254483009175,1.2940358531985985
15133,900.6263229264514,0.7248216270451161
15134,1244.840230025123,1.755419499843888
15135,265.48327997382154,0.2637330340361538
15136,1921.204613261017,1.464175245484049
15137,175.84750761894355,0.1160496610324226
15139,259.2430538638197,0.3024995834146993
15140,1707.8967472883023,1.1847591696890156
15141,51.57904743105991,0.055369046383490016
15142,1478.721583464212,0.7847665070178854
15143,369.0773822130019,0.3051571867106851
15144,4926.1836510030935,2.627014984067578
15145,1176.9499614241065,1.0990190041017494
15146,662.9916361660626,0.41444193358708065
15149,738.3129971166433,0.3807648022869888
15150,3832.635233506696,1.7052930625827403
15151,350.1714759038936,0.13011056529301943
15152,2169.7357839575793,1.5980876496292458
15154,410.03437475976693,0.34093123642540596
15156,2597.5959783171365,2.112338585307366
15157,1104.1250385460876,0.578160793887085
15158,576.6003282295317,0.397165154713674
15159,13101.633368249142,3.8984214095123693
15160,93.08172551367909,0.11250324566524326
15163,679.970106180429,0.6763875564900582
15164,955.6610075381254,1.0408373654849854
15167,478.63465965934313,0.37911254719455845
15169,213.88031733732447,0.18773058853297928
15172,1705.054716613878,1.3975506868468353
15173,128.42172928420206,0.16089812025961822
15174,203.62050843812165,0.20449917624978958
15179,2876.014671191954,1.42340118586646
15180,252.4470887974913,0.2654550274880729
15181,607.3243355377513,0.5689050224964903
15182,1205.1884395359546,0.8085345696009413
15183,29.94323052403783,0.03213433193139725
15184,423.7539955752619,0.47069961060164034
15186,728.2911284730518,0.6005899448504685
15187,4961.785559700288,3.7529918619104
15189,9585.18918773465,6.317394260818943
15191,181.90991589702261,0.15231679242528323
15192,768.269647968559,0.5931138442815663
15194,4824.790363884626,2.917308277863288
15196,178.58011127228593,0.16940267997026395
15197,911.8799080864352,0.6861518437939924
15198,398.93361983102153,0.5929614453321368
15199,1597.1666003242212,1.3437289824551484
15201,933.389474973658,0.7779246600163063
15203,1845.2533069774017,1.5364560122537294
15205,768.4248053118829,0.7356897744678828
15206,760.9299335428907,1.0194558123945443
15207,145.69624743620722,0.17217122511210772
15208,849.7460313300205,1.0802385221117465
15210,596.2737870547348,0.38438568012160335
15211,691.0965910133441,0.4219325881020712
15212,282.2166986338129,0.30154927172738377
15213,110.41583375184659,0.1406110736547728
15214,1530.9522420455985,2.149904203909304
15215,1172.8923349103811,0.7890647528519912
15216,258.2974756082062,0.27628872777833136
15218,4903.411415580393,2.3176023684186458
15219,328.53068986926314,0.2531250311206721
15220,1625.1402951172504,1.4326282677942817
15221,612.8241153157146,0.31421982948318433
15222,389.38761749429614,0.32938764204751914
15223,606.2451558003563,0.5155529406763232
15224,325.4335420062876,0.3668621714533368
15227,1192.2937025835472,1.0106460645300603
15228,2810.2518045079055,0.9246236951498973
15230,192.59614435605772,0.2249841280980476
15232,784.3156240516722,0.624192667589482
15235,132.12059424556776,0.1548811913070637
15237,942.5760394252574,1.16899063123709
15238,1412.427054809334,1.0060619505517348
15239,1385.3002716829117,1.0871289668181014
15240,1742.1673169897351,1.312281429096704
15241,1400.5724315494076,1.3196186273717991
15243,479.65408690143005,0.36668078461378456
15244,485.9836586807644,0.3831964340470799
15245,2058.3976857732664,0.9987411773134018
15246,433.212154455456,0.38449352690951416
15247,578.7145468494741,0.4441560431929994
15248,222.71733879493377,0.16994727556024933
15249,4087.0600081859907,2.123823168319214
15251,8506.62537852484,2.2128175359664843
15252,935.6542171328371,0.6675808455385087
15253,1035.5115523226511,0.8247293365631257
15254,545.6454172229912,0.42876078513531174
15255,1559.6809132192327,0.8815269629075873
15256,269.30498079419687,0.2875299868338377
15257,334.34585266203055,0.2556627028118635
15258,549.0540856118167,0.43028079869748914
15259,205.5601419545296,0.1316316895943531
15260,3358.5222379091356,2.0403664681372398
15261,641.0819484683458,0.6660017976141499
15262,254.207554588414,0.29445123847575855
15264,457.04334126021644,0.3161605762651824
15265,1389.6064792763932,0.4440381006486548
15266,315.6780105720498,0.40432473065505475
15267,1301.9933947265354,1.6393345589102017
15268,180.97194500809275,0.12192198564500376
15269,832.8816312791324,0.599451426055109
15270,3442.918503095513,1.5561609675890589
15271,2445.096259076775,3.653969558580106
15272,903.6161526455523,0.7353608622654128
15274,2058.6859241639754,1.6062879062740825
15276,434.0503286224141,0.5407770189652942
15277,456.7074181662443,0.37963680991173
15278,97.02471638592056,0.08210099147530425
15279,442.04176556505985,0.3671596011508533
15280,340.73861552775634,0.40881661425607135
15281,3159.772553065269,2.4930735090889664
15283,112.07335739310206,0.19372290946438062
15287,510.74478365986806,0.5707455749303857
15288,1671.7354589492822,1.0828041726448103
15289,757.8329890480913,0.6597133877892748
15290,4701.788452917464,2.880193062879442
15291,5317.670036472451,4.0643934698681266
15296,4054.2584821152964,1.1628479938592684
15297,1680.0290960886332,1.7271264978657457
15298,3690.820530772328,2.3996677812955696
15299,2235.148986702893,0.7036580305224367
15301,4025.460172965644,2.265089731433538
15303,515.4683222605213,0.31988743371078865
15304,710.3406473629857,1.552151473926426
15306,1551.989220296515,1.0833837851425274
15309,32.11450125938446,0.03706490976285469
15311,44972.13331740364,20.859728670475214
15312,1222.1960632970633,1.3134779858287724
15314,434.2646681926044,0.4683808062236366
15315,1074.611077292377,0.8190494511793716
15321,2918.3325080999575,0.8353982763861542
15322,658.08154265543,0.33995419219806267
15323,58.94265065740197,0.06490564295357866
15325,792.7735610207698,0.8364799114042052
15326,550.0399881985752,0.4155134460049313
15329,1251.3103280716273,1.2211090677467986
15330,1600.5255521579093,1.146085930811
15331,155.41081900696372,0.10617307997942396
15332,711.3945396742155,0.21997051206569254
15334,457.01944498250106,0.5851143410320977
15339,933.7215193774676,0.7277429942306014
15341,1512.7685203896078,0.356576586232021
15344,1308.0225046703285,1.6423001034877007
15346,212.59876439042435,0.23344352257469686
15347,106.1524256724194,0.11378842795798255
15349,424.5349571058458,0.45451508848954736
15350,94.39090791785387,0.09832592925623343
15351,2002.048026084947,1.724170261393637
15353,979.4502279935957,0.6365472590335126
15355,1187.4759429445419,1.200687803348729
15356,2189.69010396925,2.2461475374309265
15358,6555.874515363235,3.251474970898255
15359,2.6904312804964117,0.004868047591901354
15361,250.58820372512037,0.26483647294235657
15362,211.11529563714092,0.1630810694808595
15363,236.29882700688546,0.1780743242132388
15364,903.1946827005247,0.5171613924252518
15365,2052.208068436052,0.8470732629459969
15366,1118.5055715973156,0.8583005382572282
15367,1914.4307081830077,0.9972345919080884
15368,623.8555158497551,0.40786553971161915
15369,88.56102477089489,0.03050560271520876
15370,1832.558439417328,1.4346132847562463
15372,2571.1328866865374,0.7078395809022328
15373,1653.609716724688,2.120792301667974
15374,284.2337987812507,0.26848940937533733
15376,1049.4755730799343,0.885553451647558
15377,149.07890310977317,0.09422329075416
15378,80.76931142471967,0.08073046736862946
15379,1905.7568987020215,1.0183664353589026
15380,1379.0774390903473,1.2101170370987102
15381,854.5919670924636,0.5991547812123383
15382,5113.25565639936,1.1066885933453916
15384,1016.7710202692452,0.518910198001023
15385,484.15515587737974,0.38070702442087134
15389,956.5563606035139,0.5718841411871903
15390,125.73808481079725,0.08863795123480557
15392,1878.508428332988,1.2305867423693964
15393,479.7019722551068,0.5802706532566203
15394,2225.751900735461,1.1222048413295014
15396,361.6245590348231,0.28579577344114526
15398,2078.3629744438044,1.0772231983786222
15399,1738.502018316602,1.5973035035828318
15400,766.0616212575286,1.0888123042860791
15401,117.40033437827597,0.1295511071263922
15402,776.2055023684392,0.7635920921700902
15403,128.70059856384864,0.14299880596303727
15405,373.7951681026567,0.272761398327565
15406,594.7463638668507,0.5314433284011545
15407,1095.688328946603,0.9356098216003289
15410,1981.6921892098098,1.280847623053762
15411,1901.560310599145,1.3264544511096286
15413,8.381346850640975,0.0017424887413718816
15414,1172.4167868641678,0.8545470109156407
15416,2013.1719692530803,0.7218636622857014
15418,188.1235431086294,0.1584640721542332
15420,134.6487552861484,0.20487464410129802
15421,1612.884563486781,0.9934402388337918
15422,472.1668947028785,0.4440507104418873
15423,268.8731068844261,0.40973060396110705
15424,396.69256618193265,0.2785058849802297
15425,392.32086141781167,0.2705194232701905
15426,1083.5625429771903,0.9536795647273384
15427,3090.9325927985915,1.2277781439147901
15428,432.2999117101814,0.47262975491605974
15429,1073.0264531003043,1.0743522054140033
15430,90.66518549813912,0.09352451912514344
15432,336.0170589469528,0.31649116008563627
15433,341.9171370543397,0.3318179898325851
15434,1172.0501894173292,1.1788648015290215
15436,1039.8200484449542,0.8728115625113143
15437,263.4388184533062,0.2363177803299558
15439,272.8164343155814,0.24004228843290026
15440,738.0699327320209,0.9091100396345461
15441,420.5030312185141,0.2549896484587443
15443,2326.9300262863167,1.725682942177449
15444,3428.149884350394,1.3598276892896608
15445,237.6415525417196,0.2466648013524277
15446,226.7811537080907,0.26786725006652395
15447,272.7996836124197,0.36564494926987207
15448,350.65611346022814,0.2156408111408871
15449,1000.6941321799827,0.8032475010007131
15451,151.4891145906784,0.1548123179556703
15452,750.0140801698426,0.9205313682452082
15453,1849.6098527126783,2.24390842471711
15454,217.32726512182418,0.20165983314812225
15456,576.1761763232923,0.6121311432190945
15458,416.73854137797065,0.40077032195957846
15459,123.02006711018359,0.1300405691307217
15461,165.11381119415645,0.14378332293039603
15462,410.24782556450333,0.6805346235593619
15465,4831.900661699967,3.4666361090872204
15466,516.8458426383718,0.4568592000033002
15467,897.1729131373718,1.145823345377691
15468,629.945374657711,0.40258418573623506
15469,623.1397938869975,0.541322264342389
15471,790.0162426262108,0.4580104995384539
15473,1383.4630984979035,0.8725471579119497
15476,284.75442239830176,0.1337449843493538
15478,947.4348842671295,0.43659990567868684
15480,1410.058152633587,0.3714057168233507
15482,5851.434927303855,1.6348074375858355
15483,447.3351388484969,0.678317807814576
15484,1813.6982760426058,0.6822944539652419
15485,1774.0693736758503,0.6755485302201713
15488,409.09436425854335,0.6797113701045967
15489,1130.4868117429892,0.938692401316508
15491,2228.2765107681566,1.24694574169883
15492,1105.1731843802627,1.075369337210817
15493,1848.7434304295552,0.9841167973018202
15494,1351.0346978525156,0.576274314624774
15497,3634.5608846100854,1.0163986267996916
15498,8912.044716989845,3.3956822308347636
15500,2075.579573144946,2.050067088026187
15501,86.62726627929088,0.08265158211167196
15502,4291.939615509285,1.2716565877352444
15503,196.8041441039913,0.19402345407774282
15504,306.10830734922456,0.4981362567447711
15505,3781.542019936499,1.7266014852367613
15506,1333.203508686379,0.9754852478981463
15508,502.5907469406169,0.5044295588431292
15511,1965.6507542056281,2.4669120292686286
15512,312.63671104738637,0.47489787369343694
15513,10609.87221572414,3.040560777001716
15514,2540.1786804660283,1.6395445969659912
15516,890.2152876954477,1.1847135023222803
15518,1768.2526105465502,1.5381970421326396
15519,154.58149544846344,0.14008398696521784
15521,2908.2898576494354,1.3632804745942715
15522,975.4977639902274,1.0004905584318136
15523,6533.923281481954,1.590292567493929
15524,440.2385530075481,0.287956193904555
15525,834.681938522838,0.8007038097991866
15527,2303.0307346706445,2.0899618409698504
15529,2933.7012291413344,2.202334609751762
15530,1080.5717530459133,0.7760770311647855
15531,2223.848965747664,1.4582257464345962
15532,1935.576050683843,1.414085582716584
15533,1361.8165767564142,1.487328938577523
15535,674.4684823722395,0.7400409002049708
15538,27.70488115525984,0.014121478522959937
15540,479.9491121552197,0.42578498173745516
15542,182.69369926175807,0.1333341906774563
15543,249.11966825906788,0.2531464107010187
15544,3323.0064897707475,2.3238932420714695
15545,428.97038827346995,0.4186637208834721
15547,3908.2994119377513,2.498910223701261
15549,1046.1423985417216,0.9194081427584283
15550,1008.3201650702035,1.1071712554347968
15551,964.0092650006708,0.7285910818413135
15552,232.72603553019246,0.251926954606898
15555,4269.5951906770415,3.456179048656119
15561,910.053253243118,0.8604075180002266
15562,252.10068934371816,0.2822030191169151
15563,1240.7212228679466,0.7260510895797132
15564,125.13596090643955,0.1506519136837643
15565,908.1206184694511,1.0305851531519108
15566,170.6708292815288,0.18448624358298754
15568,1828.4678446513767,1.6481081865108949
15569,1636.8280505731575,1.0739571810294395
15570,3880.9502920670407,2.881509672243076
15571,1699.3048994339426,1.4302395078502528
15572,1974.4362822050985,1.0590888036366326
15573,557.9248288551818,0.5751087297902543
15574,724.1380346106638,0.7218812844487578
15577,288.6106659228994,0.4499121153603244
15579,655.227656338214,0.8710585481078823
15580,145.8875133103122,0.18673654641082332
15581,894.8520691281875,1.4374677597208534
15582,860.2145257105186,0.902336794243972
15584,602.3816964548728,0.7351589173156515
15586,64.55774692942553,0.06060319315870041
15587,1004.5258667510166,1.0915449099277708
15589,331.1740294256753,0.26270923176600164
15590,375.2589938289056,0.2695129484954734
15591,39.531808017324956,0.054033804115623155
15594,1933.194296749853,1.4006627890213503
15596,1367.424764874727,1.3133324995019602
15597,397.87303233438564,0.2996124029551085
15598,443.42539645608394,0.3767648862113825
15599,763.1406631526168,0.5400349357973935
15600,193.98775432552515,0.16531993234865605
15601,5799.273793182648,2.9065535497979256
15602,1327.1857339462533,1.743034733635652
15603,227.38840488686407,0.2668178937462648
15605,871.4583151701371,1.0460962517344434
15606,2348.165000642303,2.0269412942610088
15607,236.962876456105,0.3271973090025146
15608,1015.5542339547449,0.743935602745634
15611,1374.5520446018693,2.655404424676234
15612,1069.117663336775,1.1273776438646628
15614,512.6424905003013,0.1922065658824683
15615,8377.89741988274,4.078071178129826
15617,216.75446282179678,0.17291799393926724
15618,1365.8456492300083,1.191137459848779
15620,1316.9393729716148,0.7428674189373522
15621,3039.5771510408035,2.2966906226642587
15622,3068.256646781283,1.229284814307677
15623,999.6324645058336,0.8539615706024423
15624,695.3380934490649,0.9308852482922716
15625,1577.7626249574573,1.2325378394225814
15626,722.3235294200108,0.550892277137373
15627,126.5723503093931,0.100412191472679
15628,2222.396582001593,1.8747770150027907
15629,183.1082158151937,0.10325691021193724
15630,762.1584012927757,0.3965862852316683
15632,2931.673015875364,1.9595112923126603
15633,0.6536187903484594,0.0005057743186289503
15634,492.7012169628079,0.41769339910553327
15636,754.5335246395053,0.5640841671593553
15637,395.11905389501106,0.5757313088778572
15638,466.64898074061756,0.26151141163178376
15639,527.9661076850143,0.402183734016912
15640,9051.21504172056,2.7396715634273017
15641,2190.0352797568517,1.2737337894164853
15643,497.9687788307174,0.3785954830314337
15644,704.977543941839,0.6016138829277904
15645,705.9900549365224,0.5616928593637888
15646,653.0714975104922,0.8033408369109268
15648,471.27239611559355,0.35243782733755274
15649,158.53421921949072,0.11415723887413275
15650,106.69698735986273,0.09654513515207828
15651,697.5797754327332,0.5536031736521873
15652,984.3174795614284,0.7856507445649635
15653,1570.2853726907024,0.7338925443134257
15654,1910.2274104075982,1.4973626763712962
15656,818.0343520832605,0.9765541384411324
15658,817.2003623235757,0.8022322616569041
15659,401.2747848530155,0.39220018487590197
15660,1273.0990982320143,1.422402678450233
15661,167.90918109302285,0.276568713391573
15662,51.669018102208526,0.047907089410141976
15664,590.6527831376537,0.5133962358083423
15665,1668.1368712194665,0.603870364161127
15666,75.60936834248268,0.06541685664505444
15669,846.4376307296461,1.033531957891263
15670,255.16828549280632,0.23950679895377433
15671,2443.41172231243,1.7408028305119974
15673,2573.871976766029,1.0764563321520022
15674,2619.481720436156,1.3027028685124349
15675,502.67389170633186,0.7381259943007333
15676,2645.1566993434426,0.7624235375603717
15677,856.8010783990683,0.5184931133891125
15678,858.9316315427677,0.47053818479941373
15679,1218.454505115477,1.3286871159905271
15680,1678.764858135148,1.105003125884856
15681,1518.2627217931731,1.3828246783799916
15682,71.59055804393931,0.06510046752428582
15683,366.71376190390623,0.3339356205836281
15684,73.73954649058854,0.12287142864010078
15687,2380.5766317869457,1.7158676001764277
15689,328.17940175113023,0.39922967946952476
15690,942.5017263833668,0.9819135367781444
15691,315.3929846499194,0.41297788318030576
15694,4024.894148857217,2.504462675227214
15695,478.3120599294119,0.33063206923543237
15696,1770.1262627027,1.5109159632912725
15700,290.5024240714694,0.3837060204478071
15701,1740.6530344470398,1.7895195424551384
15704,1580.134927275676,0.6588453997594544
15706,1432.3695439441597,1.5616442112801234
15707,1997.1919617310236,1.9177486035632625
15708,2503.185314696895,1.561140155668674
15709,239.2771875877092,0.23986390448076153
15711,122.12619324607905,0.09304164491491759
15712,1469.1073246076608,1.316116349333887
15713,421.649298099969,0.45322819393650926
15714,501.11543109259395,0.7279658041039573
15715,39.97798325996072,0.04574728037057603
15716,1016.3407216540586,1.127693033888938
15717,399.6363239095824,0.5690267024858658
15719,4034.8875042962336,3.309009682356916
15720,561.9996095432068,0.3121059470037813
15722,2358.5665486951902,1.120997933832077
15723,288.19896054565464,0.28383587780507064
15724,371.0035735367735,0.4790014252504853
15727,3787.345781086759,1.6301221058359103
15728,183.85505231439595,0.14423519271242446
15729,304.27351534680724,0.463179085014187
15730,1177.2091016243855,0.8741614911851483
15732,613.6051799950191,0.8634264463808199
15734,1226.6013869477624,0.5740363544485683
15737,1110.5774264744089,1.8820988397395033
15738,5264.240964960358,4.001701405026494
15741,144.61020776045788,0.14184732712381998
15743,1043.7140156026994,1.3278093189281945
15745,1226.2680896389754,1.1281570980258602
15747,1162.2722172663036,1.0566412292857905
15748,369.33189113276296,0.36490739223784396
15749,11596.153760522433,0.3080849904849823
15750,2664.719624245384,1.8487837404960774
15751,81.2526065389184,0.101389636362473
15752,2236.015633692949,1.4753732596556508
15754,912.1085597683068,1.0940543154304854
15755,2452.0729408139778,1.8530554300596398
15756,785.052550167499,1.0512354725160038
15757,1474.7531886314687,0.8595133907800201
15759,409.5419265838704,0.6873075377059757
15762,1118.2619587749025,0.9398020929093119
15763,1772.854504784564,1.0523837592893808
15764,2309.2440476798656,0.9430955013849915
15766,475.747805416473,0.37573792671516393
15768,4181.009074587889,2.455292831912212
15769,34825.02682254286,4.338915595374305
15771,63.161678221401374,0.0471971143210348
15773,740.4885077310373,0.3991811432021145
15774,685.5973481264714,0.7393121737331312
15775,230.67621308374598,0.24292862966887546
15777,834.3493801312449,0.6316004636574581
15779,86.54430446615689,0.1002021775363862
15780,454.3244038900688,0.5243857316249586
15781,591.7747922585427,0.7198175660771572
15782,1978.6213351816184,0.7281229905221125
15784,211.32680268225351,0.1476735365750803
15785,2473.5115008895013,1.3320596259891193
15786,3844.474888404892,0.6024136998078669
15787,1730.9706206912235,1.1569816146413057
15789,474.18879227072495,0.32604693218417446
15791,1724.5721000306858,0.6399980640252917
15792,282.73011091242665,0.18138310779807604
15793,1033.5508108773904,0.8903740819954736
15794,13.338596306944556,0.014088138174093568
15795,937.6747692824673,0.7829959019042096
15796,2527.235851391398,2.153940747427151
15797,1260.2773538679671,0.5934145991390496
15798,292.88996980551684,0.15391379985727327
15799,852.0422433604206,0.7225870935657138
15800,612.2467925431197,0.5233759694819716
15801,2035.2523614623183,1.2964167468375383
15803,784.724570876479,0.49588047913567296
15804,4479.123226494011,3.9254802289477926
15805,3977.6492726078304,2.395632910191305
15806,822.4178861813899,0.762157219378716
15807,835.0477771934118,0.5023139296090254
15808,76.8161211701588,0.026169389192507414
15809,818.8914669690406,1.0236928215865642
15810,1345.5377310703866,0.9462791108282309
15811,1819.436445736575,1.3289627380703704
15812,2096.100880439904,1.2840359752066537
15813,547.5175660149314,0.32931994842678713
15814,1357.8535124024424,0.6783470691047722
15815,1888.6719594001402,1.2566450624515102
15817,439.5332278260721,0.1622210235238742
15819,1766.1644355693982,1.0094647750222345
15821,1392.1995219395537,1.0986994550083322
15822,745.3696575602644,0.6828851229977863
15823,13.176494103028103,0.014763039035773301
15824,179.59329561535003,0.11068786598843168
15826,1082.9863488337924,0.4386257739804602
15827,1532.7467936561009,2.402746521249293
15829,853.8527012220105,0.671424034342247
15831,730.7496249636916,0.6750051559276697
15834,1937.320075639575,0.8824351568302776
15835,851.8113585400575,0.87798949214483
15837,488.5650283016136,0.339187674917865
15838,29452.076848353867,3.1708291680465015
15839,1560.502317382741,1.1365681916678911
15840,647.5766668366346,0.6867050374301761
15841,1163.9479040711242,0.9922056499787921
15842,239.29792035436168,0.1690827945614881
15845,1998.6754594885783,1.293441100860945
15847,546.6833535089065,0.640843034794774
15850,556.5391484550809,0.6866739364512257
15852,302.79113740389823,0.4262973758715822
15854,2186.4734906913227,2.082735493906354
15855,622.2618466619095,0.8975734986544106
15856,12584.049392754217,4.725674118493635
15857,486.07895985282875,0.3815461171379842
15858,1515.8996584017389,1.4360415785474177
15860,1034.359104986864,1.8440426862627652
15861,1896.3985140364073,1.1839875386676713
15862,981.8844640369401,1.1250827467091493
15863,276.73107751790855,0.5806366103956463
15864,1649.0474523707276,1.3477536353242663
15865,844.0420532078143,0.5921545898307331
15867,3499.4609810016163,3.2782175993700977
15869,241.15927604535563,0.23484060944887197
15870,588.50831457105,0.5378318524583299
15872,565.8958571685054,0.45652960384046376
15873,42.41545115543419,0.04226967906583214
15874,4553.400748081025,1.7875147568924725
15876,210.9854508163417,0.1054758453505088
15877,1867.0370171526117,1.6282388889043629
15878,102.75591568876972,0.10532588732435814
15879,375.4078525142908,0.28719427558665794
15881,192.06676689131862,0.19791242572561427
15882,521.9532546670121,0.62505746125727
15883,1665.5537822529766,1.443518638749252
15884,132.7516789506294,0.16944546488365061
15885,917.2758503461423,1.4598172993183447
15886,594.4047279385179,0.4198434593062351
15887,235.36262520166696,0.19450356806928762
15888,426.5233735326381,0.46205466085655006
15889,605.7464631877249,0.8423748900815832
15890,199.9925519243363,0.23712846460546058
15894,270.8277314059329,0.28684284134468097
15898,2026.5473567455294,2.6235645459145434
15900,621.3776053427547,0.5834344114057719
15901,481.15015223727175,0.8788164865896346
15903,3952.242397516242,1.3880529442949823
15906,1740.2223532506985,1.3446026115748932
15907,1203.0406505949447,0.9427060933562886
15908,103.72769477353592,0.05900635511013416
15910,1277.7277318046692,1.7415470332376706
15911,1.4737539050485517,0.0015275999500880967
15912,416.35934714756314,0.6376491002414789
15916,1296.423408732234,1.3286121420452544
15917,321.2559571371728,0.4138332503011055
15918,343.7228335685164,0.37493387702504183
15919,557.314389396057,0.43019351637347036
15920,353.0219471313901,0.5521374160970327
15921,484.818106851759,0.48918627476922105
15932,2230.566748818538,1.8945622897685044
15933,1958.1807638162459,1.5052409627876095
15934,136.59690415737637,0.07758435930203685
15936,151.58706438643927,0.1586249343382321
15938,515.2686179911095,1.1972107181184377
15939,3961.5643111348077,2.332839827370557
15943,31.317521044758582,0.030669069757970374
15944,728.1716344605031,0.40280397296897213
15945,287.9601471995652,0.3332855314703234
15946,312.76861031362824,0.1134064296374917
15948,925.4350191926604,0.5647263635091638
15949,1065.8874725974476,1.1176878865804643
15950,3007.229789069663,1.1763003425872822
15951,826.9797584295189,0.6139636064553781
15952,1006.8227857593856,1.1534202075098976
15953,1401.0653027099497,1.955444154705683
15955,3582.599328483402,2.1599309532383137
15956,139.433435118845,0.10936718014293884
15957,579.4105204766396,0.38620615284231347
15958,438.0169334092614,0.5836136146534172
15960,56.805339472890374,0.09216383096362053
15963,1359.6815302744285,1.2903226426574723
15965,1225.98040877231,1.2111202462697834
15967,1304.7136497903468,1.206898195534234
15969,807.8282896910328,0.7674812576507395
15970,301.9333659760555,0.2303621204556284
15971,2472.7058695108335,1.8594663104046156
15972,161.49873165441923,0.11991722844481519
15973,195.67761809146234,0.15139689575722204
15974,2618.7344618266907,1.6413749884610074
15976,904.5519122032828,0.782382156656652
15977,2552.5522422984272,1.346222940487279
15978,1445.7121662908796,0.39249602359237457
15980,2491.9188187200657,0.5748893428069454
15981,4327.228605711698,2.627572524905718
15983,1328.1905994407848,0.8943395691409226
15984,3383.2298972636772,2.6984536785088595
15985,1304.7480976906322,0.8125203238184612
15986,437.30549690361266,0.41649386394878424
15987,1309.9418070264583,1.3580428825591144
15988,422.4824430846916,0.3931686560193391
15989,220.39733428795918,0.18905906650840423
15990,1013.0622766039453,0.8695546680269142
15992,641.5042361309236,0.5365924323055099
15993,4199.173843847781,3.130008165011585
15994,579.7006875381597,0.40020359640195863
15996,945.7980724256859,1.245513369886673
15998,3185.524986020271,1.6251151848475527
16003,2295.4190613857045,0.8899509298507854
16004,307.6746908028014,0.16109381150767663
16005,1553.3108376575933,1.5081786704572786
16006,307.5915788918173,0.3287329913891563
16007,1634.5635573440136,1.0074938573091472
16008,2501.901827508656,1.8669424974325763
16009,1228.4556061104304,1.4424542169836077
16010,119.24545198892633,0.16236810250445546
16011,2322.644566627434,3.120287749256953
16012,1321.4795040743675,0.7524898463970107
16013,22017.426608346545,5.289729010537357
16014,571.5153667922641,0.6119625156282237
16015,1821.2118185775469,1.8947969996463743
16016,1492.115446397975,1.8295126139468385
16017,597.6467413390808,0.5911485881197974
16018,393.49686939864944,0.4646747441888825
16019,6743.544049621319,2.4921479532472635
16020,1494.1575736769996,1.1548678233197287
16021,232.71152926137734,0.17225567739571976
16023,895.3932310215898,0.7816518645548682
16024,469.68758099225903,0.396411586638395
16027,956.8477581804632,1.6472552857897003
16029,40895.806606576065,7.258478165725514
16031,617.0057499274687,0.5282766026215435
16032,11.317707036984913,0.009422318075196815
16033,6036.798174204535,3.843870012155984
16034,527.4714286432131,0.7682397843417733
16036,1012.2667923228546,0.5266287029070525
16037,583.5247693100383,0.5070057805912731
16038,669.7695043261376,0.967633923933476
16039,219.76851066647168,0.1678041414439218
16040,1171.2842770659931,0.9106159791149181
16041,1171.7276921133196,0.7985547834238106
16042,1246.1966041948235,1.0167760919352675
16043,1017.7154695592903,1.2667365762110776
16045,1535.8381717725022,1.0227203186230738
16048,302.9428066380081,0.2426565386621817
16049,1129.0581228942244,0.9100016228127692
16050,390.00874647297803,0.5097970738665166
16053,1658.2667051790538,0.6692027472994748
16054,963.3290560039289,0.5128240592742954
16057,1639.3845377435282,0.81942803411524
16059,1612.2091229245734,1.607407199139751
16060,114.58231540458675,0.15248198690610168
16062,1470.0725452348609,1.029599316234778
16065,67.9264428786601,0.05658764843373986
16066,2370.7057418013333,2.0495005634601164
16067,160.48305514560295,0.07345956525291324
16070,1403.4477399279203,1.3913332003706294
16071,572.9633893972941,0.5102691977305991
16072,1175.475030208588,0.34731572835864755
16075,99.04306558877877,0.08062582508923322
16076,2513.697943526859,2.662093548603258
16078,203.5782301621151,0.22472734435384425
16079,2869.8075195937063,1.968039102163834
16080,447.55039998345825,0.6807357400349462
16081,2001.8034624438146,0.952862816111474
16083,1382.8676354749477,0.7476975544665043
16085,1067.7407264711248,1.3946615010816468
16086,1135.2695373397105,1.0921961255701984
16087,399.9274205134889,0.30223698836763035
16088,72.30391475063765,0.03616627823574107
16089,161.78562203468792,0.16976052747648707
16091,478.24352474544605,0.4688671400274719
16092,755.7733079307814,0.6750059781067137
16094,1820.6376655397685,1.3136769575526397
16096,564.2271270428553,0.43487771117728197
16098,1697.1241668511307,1.5080971579462372
16099,848.5677020608545,0.8714373344567585
16101,1462.2255252026048,0.5752950033562971
16102,2010.7238828664856,1.210887657886294
16103,2677.916755949843,2.378461369283904
16104,1018.9138280847732,0.8859702826541597
16105,877.0016154950792,0.5459184638897404
16107,3568.1391280952043,2.253445803470679
16108,1092.319940871373,0.519694296709259
16109,424.8999644893501,0.34105917701925237
16110,968.1992451051838,0.6157471733768259
16112,381.26052586492006,0.7593518281263536
16115,1392.7355060594607,1.6312202126720488
16117,446.3683130019305,0.39302805483581205
16119,817.4711446637277,0.9072940621095966
16120,1141.8870468071661,0.378818026776248
16121,893.5660801524978,0.5747930045500222
16122,764.4353719075884,1.042171565489178
16124,587.9826447245448,0.37463592026096154
16125,41.68582397529361,0.0393618565734751
16126,5943.437392734105,1.6299801454879959
16127,469.26537547996236,0.24589481431811375
16128,2142.2672882872776,1.503460557682506
16129,249.3252849757023,0.15238074747774147
16130,217.8128379269575,0.19937134034304185
16131,3654.3655091365945,0.8843479477115002
16132,101.7095283299875,0.07788050466887532
16133,10439.377508637253,6.234679262924824
16134,897.1410782117978,0.7428461006708693
16135,413.6965119400391,0.24891502930607248
16136,518.4492819885496,0.5029377925729679
16138,248.8806186449648,0.25230960008011394
16139,494.30250653286146,0.571854288204475
16140,732.2280499248809,0.5344474517617158
16141,685.4602901281561,0.3746948689631285
16143,1907.3540525073345,1.3314567456977149
16145,3103.0781333192945,2.5158693424813907
16146,662.9296648945513,0.6331465121117793
16147,926.5386890232766,0.5935784431254627
16148,218.5711183473016,0.24434633321133326
16149,475.30895985786765,0.5602471534147968
16150,1671.0298903982941,1.1171464266041118
16153,2087.3124153545787,1.5071111908638255
16155,191.36326381350855,0.2121353560732024
16156,2526.333856626385,1.95554443288795
16157,1732.8612291133709,1.6319464539364557
16158,6.284019157119254,0.01493042132436823
16159,483.10653674608307,0.3971023858487046
16160,1019.0886962607127,0.9129744299140218
16161,5507.953730656748,4.903414838899698
16163,736.2451030901536,0.5936736333015086
16164,2242.816522792646,1.93913791860008
16166,188.85429145343863,0.170313893523479
16167,335.82100283817954,0.2790901306570502
16168,4194.121796535398,5.994839890693607
16169,3074.322735833669,2.1161981433426282
16170,3018.6904456279663,2.3520986773331507
16172,1227.4881082659826,1.0259875063214605
16173,2295.9128006683054,2.7362434398009685
16174,1137.5322946081722,0.884132704234421
16175,983.3349961672762,0.9556751254455463
16176,321.9513218875794,0.2038644259338878
16177,1058.825992769457,0.870303678261111
16178,404.442748553358,0.3669729598066529
16180,7292.096316116698,1.50097153858475
16182,4438.284222074346,1.1062043128231336
16183,702.0298698505379,0.7409657689157713
16184,1447.0103992201923,1.6798566809522046
16185,511.6154476122914,0.44684900919970516
16186,3507.371197567647,2.5000849534641265
16187,5623.948984231803,2.566544491201657
16188,939.6247022573436,0.9219797895077722
16189,896.4555404401401,1.0411685749741055
16190,1215.0680578207164,0.8993928621551549
16191,6371.413992708308,1.8708488117958877
16193,393.5697147289053,0.30207336219852565
16197,25.424373938898366,0.026791840304397338
16198,530.5058265505121,0.36516990450539005
16199,99.20171512474809,0.14512698508438915
16200,2034.0926442918949,0.99939981265872
16201,1523.7254031306998,0.9235089890403746
16202,509.3506455219354,0.3721403597887231
16203,610.978589702027,0.9208464655301328
16204,485.81975394124925,0.3579760329021795
16205,1067.9618460344418,1.0146861215618128
16206,1134.3138353377274,1.3889158989585415
16208,1578.8524925095403,1.21618774902048
16209,1923.9809246595767,1.2435904738823242
16210,13316.56965119912,3.233671209578906
16211,801.6884847938758,0.52995873568397
16212,664.7948848076971,0.5035798988875838
16214,842.8915040738764,0.6296723582846914
16217,277.89682286817276,0.2882189107758031
16218,2161.3494887315164,1.6540936085434623
16221,1244.5303273761524,1.406478949442106
16222,436.7131634145285,0.20680291169031026
16223,178.10185096158983,0.10946749063558284
16224,1184.006983607321,0.9531151918315612
16225,1346.0905228787155,1.5325072611233186
16226,382.12334513931637,0.6791194013090793
16227,541.383947017565,0.4001718142191006
16228,146.2813954322217,0.09664906210343725
16229,1442.1878448770872,0.829661248490575
16230,445.90397425807924,0.3697405193319832
16231,295.7355495949841,0.26924861458625016
16232,1285.097168906537,0.8628979916727467
16233,783.8844239788283,0.9834388679796793
16234,73.48996103607165,0.09113061544634928
16235,1056.166288139169,1.2888080197471528
16239,988.9830536822353,0.9858100829136939
16240,4171.145154656329,1.0676443892897771
16241,2619.972804709291,2.6638138322083673
16242,3342.6919692456668,1.6211438987723865
16243,1253.134159648324,1.1807039751141037
16244,519.9171610794347,0.33308913140077273
16245,1329.368798518749,0.8155618167361576
16246,289.07886259909657,0.15191445681873694
16249,1358.3895783847322,1.3410110011957996
16250,361.1484125317532,0.37066075104779533
16253,2972.198122366834,0.7810476569330495
16254,386.6887819728365,0.2621768678499659
16255,1991.2570892216927,1.7433007383930725
16256,627.0867158565586,0.35422425703528987
16258,5215.5814564286775,1.594320237798017
16259,187.57255131573797,0.1730061527314053
16261,829.5009087224045,1.0385244500611646
16264,79.96833746136342,0.06546698103852745
16265,4572.454664379033,1.9830595145921832
16266,871.124469485368,1.3954467401063826
16271,1433.4121237347929,1.003528565149468
16273,20.758966540297266,0.02304156265664989
16275,825.9311246767028,0.3689262604065159
16276,925.9050733323164,0.3899309310114189
16278,727.9612546480753,0.4763422014901945
16279,2730.742668802181,1.1946028386557486
16281,1364.9031134162124,0.3747922019355391
16282,506.3602001403896,0.2895082887180298
16283,1782.0214968349485,0.9961616330460027
16284,872.9234102266911,0.593874926513915
16286,111.6025204067749,0.12906300575826024
16287,500.97719596565685,0.5683020036366165
16290,99.91810225832081,0.07450531542551453
16292,647.5561986271587,0.650232516340216
16293,1789.095760974105,1.1144773304141053
16295,2747.8707490007187,2.246642077601886
16296,27.58055809720192,0.022308314921071902
16298,831.9088810237143,1.199890672177887
16300,362.0825382019324,0.21924085324706932
16303,3592.061904330721,0.8948059460574278
16306,392.25750135008815,0.7078643893466992
16307,246.31321060224735,0.17398700339867573
16308,1894.5364386177991,0.793520895859265
16309,726.6097435945204,0.5231873517663327
16310,215.709971996236,0.1746260196653707
16311,1384.145089804396,1.2646409395647797
16313,1185.8775326770412,1.2966031256562136
16314,271.1119095042578,0.15062196284010426
16315,255.9685920398512,0.22126779321908951
16316,2838.4652401223866,1.8007599636738438
16317,1086.3322199064596,0.6683437960611455
16320,2131.1405049481327,0.6735472133264173
16321,345.9911137488444,0.5633440959368822
16322,1308.5168688168885,1.4161833198869445
16323,304.6640364668442,0.27066644702632503
16324,648.3833273228005,0.5497116751710068
16325,1548.701695872337,1.3099828314108064
16326,2050.527765241268,2.6673606736573277
16327,3998.753425911882,1.7662203561540084
16329,436.95512455713794,0.26259444156590045
16330,458.94839233250804,0.6265688175740063
16331,360.2811159525778,0.20114004045028244
16332,1129.6866302395788,1.4607701173217296
16333,20900.15656255358,2.8774409434462065
16335,22.257395476657692,0.014754100941567419
16336,552.2512401155569,0.21556809651415645
16340,813.3060840659448,0.43930888444331734
16341,1694.3120701622915,0.7969929383707213
16342,683.969423625348,1.2414078781026423
16343,529.0865163097218,0.398705481836013
16344,460.66006680872147,0.4783949631700116
16345,597.9683575311643,0.3437845796906439
16347,1672.7842376948374,1.252240951387643
16348,1168.5206670026514,1.2218577952323013
16350,1506.753286488065,1.3983294468581444
16351,163.22856467546686,0.1628957975484643
16352,1658.2175320774343,1.3638114574678881
16353,3880.4897245063707,3.4658165522627145
16354,662.7270703906979,0.6805606898046295
16356,347.4190629654809,0.6356573802556728
16357,775.3792368621666,0.7930983510120541
16358,1699.6146039929704,0.9624918401428162
16359,1299.5956613261847,1.9150242978248078
16360,6266.642110875089,2.904152550925678
16361,1867.575130135149,2.1603388314422527
16362,731.2494371208007,0.7132854912000461
16364,1123.1819646146796,0.829840455769693
16365,1379.3941751692548,1.544468028533358
16366,738.2178750939656,0.47178228464968136
16367,878.9822022365455,0.6040272151409894
16368,600.0708010185814,0.5544481317531605
16369,1370.656926584216,0.9209576964786786
16370,1402.472912767546,1.0826695397345827
16372,790.8231881707787,0.5456455180582618
16373,107.82563174804964,0.11235989111705291
16374,836.0407489015162,0.6826583344104304
16376,1474.1893807230822,1.6052016405954261
16377,464.8248416365361,0.2398307163273666
16378,262.9987839695229,0.3407557296126442
16379,3840.488341409363,2.090697256207062
16381,82.86729673339266,0.09895667069418237
16382,168.7778103390982,0.16259291043226165
16383,1242.5451059122581,0.8352067460658964
16384,725.1588519602162,0.5478542938415774
16385,563.8612064800732,0.6452549443083903
16386,525.1683246298143,0.6017368088088771
16387,356.40470484276165,0.4177041775743785
16389,1464.7393718307612,0.9728262282958299
16390,87.13669149460296,0.10296384654771061
16391,228.09519136512563,0.19170985629737858
16392,427.9570684583549,0.36127808811642576
16393,2147.211961040808,2.486057001051591
16394,1411.4847307588714,1.176910214835118
16395,1481.6790032422794,1.306883369759214
16398,749.1173099987965,0.448916857156521
16399,598.0709838112291,0.601624538116712
16400,1169.1462364737413,0.9805626110550435
16401,3642.898717541856,2.9000559269761457
16402,247.9308419764433,0.2719880293631785
16405,157.02804423587173,0.15203703451775114
16406,357.5427235021458,0.3948024256725322
16407,1817.6062004032497,2.056075099888988
16409,2260.0228832526523,1.327583080149111
16411,556.7653279311097,0.7284796133766185
16412,427.13131142898766,0.6125123350803453
16413,502.3598235433485,0.4147838468128624
16414,374.90341413298324,0.6012417260004839
16415,431.78375882794734,0.38076986719521494
16416,1237.447398186757,0.9855118749794708
16418,886.1764720240475,0.8982183440638214
16419,723.7821661680443,0.8251232227814697
16421,134.95132440981615,0.17446725087751502
16422,25374.271035686044,10.03271211510472
16424,343.03127763598246,0.34625715378650396
16426,1746.973889617183,1.7255385367828422
16427,213.73485878993736,0.21778454366716002
16428,154.23712857766702,0.1346820595015898
16430,624.6274647978761,0.7189124530159613
16431,425.703581747629,0.3402243315518244
16433,426.8486555931019,0.39559664818214435
16434,1117.3712359666276,1.3875445212532
16435,71.5627478261228,0.04008852420159289
16436,17.680872912423506,0.02512771045550777
16437,140.2082045282729,0.12990171358402464
16438,1824.6039568601911,2.519867042590843
16440,2337.2842480167124,0.9535444659940555
16441,573.0952755272265,0.6471652770891777
16442,493.83113977723065,0.5804291701272072
16444,1687.4655249543355,1.9846401733867256
16445,580.5277340619647,0.5731680730553298
16446,188707.36948648375,0.6581636129414048
16447,439.92449214753896,0.37532088631668453
16448,331.3285039121227,0.3069178468679582
16449,461.62775489861997,0.3681691425018565
16450,680.3237916152545,0.37433132470322683
16451,475.33289681410963,0.3502046179942883
16452,48.42511537549155,0.04798381456413289
16453,43.41460553220762,0.04604772412091978
16454,219.08597881003388,0.2816969012767235
16455,1625.711324793865,1.2624958691560098
16456,2545.5318786089847,1.4585745378879542
16458,3002.2330071186348,4.075579118499161
16460,1733.710698670183,1.5255783600015917
16461,541.6377924877985,0.37216239345980495
16462,464.182087093029,0.731282303119222
16463,1683.422598605662,1.2399554469551306
16464,1849.3822370114972,1.1805633577440815
16465,109.8349910544063,0.08703589360288978
16466,1671.5605489830134,1.8320290304633633
16467,68.59076825243484,0.04156053367027101
16468,659.3063077586977,0.4972615935297144
16469,598.0516583639687,0.6279764580222597
16470,1078.2362457514043,1.1064695390291708
16471,497.59572054949604,0.4248746418329846
16472,180.48410966882878,0.15431467949240124
16473,462.5121464254651,0.6867671497841887
16474,2535.4211519833375,2.250627267450134
16475,571.7976355766406,0.9564050299219977
16477,2238.781637431017,1.6833330256359165
16478,1084.6373340586874,1.667290615578022
16484,382.02158932987675,0.40095442077335863
16485,861.1339569234035,0.5657715708842678
16487,64.93088545383048,0.06804773510470076
16488,946.170059295103,1.1365681916678911
16489,149.99626847914212,0.13693353893594848
16491,783.9769832066343,0.38809225214252463
16493,970.4662404526059,0.8884517477259325
16495,773.9008248978098,0.5364885146690961
16496,1302.9445039206541,0.7824741061036384
16497,2706.8316039860347,1.8315278271958195
16498,322.1585004853341,0.42050542186492645
16499,97.18725998376972,0.07663712581617022
16500,598.1907073318317,1.1579577098625216
16503,1875.2794317733683,1.362134904463342
16506,1057.5816261263578,1.3313731910023825
16510,306.26377535429805,0.32458371507488226
16511,866.8975038024097,0.7567124891230947
16513,2673.603902172508,2.5690026563956665
16515,1523.1001372553094,1.4189290833405264
16518,647.2783618135528,0.5815328580103267
16519,331.29250618060485,0.5174050177554399
16520,956.1230236198106,0.6861319488591023
16521,450.01775303523806,0.17452669014915592
16522,93.5863291965942,0.07265986583555763
16523,5068.683926137992,2.769014813992842
16524,181.62747709463738,0.16154814200960985
16525,9542.818183076353,5.146731366517119
16526,348.10862258703645,0.2742890617278571
16527,429.7123533276609,0.3720211888660261
16529,1000.5145323613391,0.5446217395563009
16531,1439.328736901576,1.8533790649604045
16532,3973.488128982983,0.6624663654390048
16533,2193.7378400909956,1.6577938817065148
16535,745.2393071407157,0.41843517867124136
16538,67.66170577507431,0.06393530132009115
16539,1884.9876315535594,1.4593873570180498
16542,382.4405567948577,0.39524965391808237
16544,106.60640418523674,0.11109051574835346
16545,494.5528781754417,0.3681182368818243
16546,1096.646631990934,0.36221595305622134
16549,5977.990414000664,3.8635351938572153
16550,3247.7392222468743,1.826969864410808
16551,962.7499297342349,0.7774568188281652
16552,375.41147614828526,0.3005248784015691
16553,5342.482129998392,1.4174581539537563
16554,1174.8025922777133,0.9000265884749642
16555,416.7779576883947,0.48637647826882846
16556,3257.4642116390733,1.8243836542476246
16557,860.0234781218746,0.8174201612085227
16558,5339.058045535787,3.8767135241294213
16560,1224.3963940611784,0.8957568709755718
16561,1397.967620846036,1.2166772912293162
16563,1750.6445525746058,0.6720294579916491
16565,215.9920180331256,0.26860569978910304
16566,822.104189615798,1.199920090527916
16567,464.76627123554607,0.3610562819190702
16568,285.52010211245744,0.16700585021711153
16569,619.7148559949653,0.5823212573037156
16570,3350.5965586350594,2.1451604790096472
16571,1964.7319278200443,1.2582271374849372
16572,879.9453655521463,0.6812761741793477
16573,673.2133793728553,0.48387960292945825
16574,526.0163855616455,0.38633519254368237
16576,182.44115429738622,0.13962745047059094
16583,228.14431158371616,0.19443973489775507
16584,1184.1485002054274,0.6165209879043809
16585,87.27301681267001,0.07233217761739023
16586,655.0981691541633,0.35209842036947325
16588,334.1858484583465,0.23582844273515616
16589,549.6212798719308,0.6847308674285524
16590,110.31174216623764,0.08757539075795122
16592,3229.8204309356847,1.9944225119413777
16593,579.5041688510333,0.8876836931224099
16595,731.2371273070221,0.5976212634400291
16596,338.5919605852647,0.4687010074448909
16600,935.5709691603156,1.4524950899596627
16601,506.37247051724984,0.40838767593755115
16602,683.0463450236448,0.4093810017841215
16603,904.5153842462935,0.8580066359222358
16604,32.64496708672161,0.03317581965467448
16606,97.35618786232374,0.1004616573328356
16607,2809.9322377304607,3.1341788839458067
16608,279.80324562743266,0.15453888659353038
16609,5028.017048154224,1.8294978352676503
16611,808.6910624034056,0.6915759921792359
16612,1281.6717157929809,0.9954776791787765
16614,629.0839058382761,0.4017339660537772
16616,948.9828741568339,0.7654774192557946
16618,1881.837756463964,0.9004204973866377
16619,536.2852721301706,0.4326130842487211
16620,565.250136859538,0.6788615756004797
16621,954.6043550042148,0.9888831601850638
16623,514.107721780406,0.46799611133193986
16624,860.2108314757752,0.6127688114837201
16625,651.2951411147267,0.496348886354195
16626,3611.073946291333,4.174136058117698
16628,1225.9149654719465,0.8821386869390486
16629,888.3344193403263,0.8486285021481924
16631,56.418426677748116,0.04752410863428634
16632,117.69088631504086,0.10543676480934379
16633,2837.7216100718974,1.6610761542903254
16634,676.2741677204847,0.6269113537358616
16636,507.32205286682756,0.1934408889751253
16637,1313.7195797745323,1.15432202669192
16638,1540.7797097906257,2.1945824407869132
16639,1135.0255231083706,0.751542903938944
16641,289.26762106739534,0.24723757620571074
16642,762.3882193920467,0.5751458774978541
16643,468.2109476521067,0.29241074913268794
16644,379.48230965809057,0.4026856845711478
16647,412.7654033515584,0.5502516596665012
16648,434.2884502779756,0.42710606951661967
16650,924.6570760088325,0.8939618693904883
16652,7460.5267317351445,1.4813285553004896
16653,1004.5267160900954,1.1176878865804643
16654,730.4317663229119,0.9706354148268205
16655,2823.991948536514,1.5300666728711312
16656,6702.6983999978775,3.0153829486275665
16657,1047.5640950426946,1.0784813490731906
16658,212.19875883206916,0.2968438316408417
16660,939.4443345180739,0.7143110942141473
16661,94.06189276469752,0.09605446900756649
16666,275.1464831016682,0.2825788915042995
16667,691.0936947366808,0.4994984128486958
16668,534.464803527006,1.5041105702556608
16669,1898.2722106097624,1.0642323706908647
16670,3132.8683759926307,1.9713340213885924
16671,936.0709597605868,1.0783683036800826
16672,6573.526249545788,4.41123063919456
16674,957.8792213617733,0.9029504657463935
16675,113.1271071803691,0.08806422815653354
16676,1543.0041727049556,1.0791993581641561
16677,325.1889254380161,0.17693138999487265
16678,2781.5444144862067,2.8507781888574772
16679,272.85381822230346,0.25222835039580016
16680,394.94744146805334,0.4634840012117409
16681,997.8986157398008,0.8704331501066264
16682,1089.4783623626963,1.6307746263363398
16684,58379.25471313111,3.7860150988753785
16686,2058.3267444945873,1.523651234484551
16688,3043.1949511161943,2.3187745912162296
16689,838.670276413,0.8766472320683831
16690,456.04964566856927,0.6831802370528411
16691,159.3635553040263,0.1572368579636402
16692,674.6433853859174,0.46363195175263094
16693,635.4811106902639,0.6230155624594435
16696,821.5557881822202,0.8751086774294703
16698,614.1459294020837,0.2861704269166837
16699,207.60880719251523,0.3077094077378858
16700,3523.8606558074644,2.380484513562188
16701,3961.6226315449308,2.695960447345033
16702,329.1230541432172,0.2760834263831582
16704,45.45798751613116,0.04639147344622965
16705,16321.0878080939,2.832142252684492
16706,1012.2695080007347,1.2921631059572463
16707,186.29409864891733,0.25778527777441845
16709,3262.3927604619003,1.2967038550492775
16710,2383.8487680728126,2.2748181858947083
16711,1203.4036759193373,0.9995509727474733
16712,2683.2274235613163,1.830100899383511
16713,5621.266595749502,3.3808045577116217
16714,579.6155214600162,0.21470757570366686
16715,385.86468887444846,0.29959177386749714
16716,546.990706574545,0.345090711691792
16717,2709.4312785224824,1.3221078467198901
16718,729.4018993784581,0.3611484859540081
16719,1462.638027670503,1.5490157749305413
16720,363.0349413910418,0.36157262318867506
16722,3298.3446348027273,2.3792462025535817
16723,510.28387984935733,0.4565117099977049
16725,212.94123843758086,0.36270383422252284
16726,1434.2211140580368,1.0965200516167384
16727,382.79934828588136,0.33009031343921047
16728,1146.3357762493504,1.026050340511244
16729,6458.678418601097,4.747613026113539
16730,798.9503223652962,0.6854752153000362
16732,1685.0201473022453,0.4660523518689436
16734,1128.1971230032657,0.8520546126836015
16735,2505.228018634817,1.2994797365559825
16736,180.72723748309056,0.11531271250016059
16737,441.62377922750034,0.2966119776466953
16739,384.05796792719127,0.29013790239297166
16742,0.605166189679682,0.0008398024688925194
16743,2076.1842948328463,1.6994934326929847
16744,1933.6227200801316,2.3420931756255663
16745,4290.271474288251,2.720740515995253
16746,7190.627067856404,4.411709665789287
16747,1453.878842028128,1.0900988516426489
16748,1608.4497216790382,1.5426325256118039
16749,330.51268452492724,0.084365890521037
16750,926.8978246217316,1.3786753426053118
16754,6.851683990076942,0.0005584381246193993
16755,1233.658524114063,0.7670988193012422
16756,568.3969145500326,0.740479788206442
16757,198.363652896745,0.20969831199688083
16759,1970.7595035296663,1.461083818893176
16762,1801.4768715972004,1.1714409611913008
16763,414.3195337520458,0.226181970238543
16764,4019.5372858430846,4.774376244744432
16765,190.5448189143644,0.23244168286400224
16767,3720.745180827457,1.5856641890999128
16768,773.9291135377367,0.9965642236793285
16769,441.01329764795696,0.3202168860259756
16770,1174.6600435649684,1.4198356829448235
16771,1684.96533058058,1.1090431443949456
16772,899.1798926008503,0.23465129690010272
16773,304.1123301379438,0.35413721079523636
16774,726.0824010679432,0.9648545681022369
16775,1921.721969261949,2.6718405795735896
16776,537.3103904716511,0.3834272607508559
16777,707.8937541455281,0.639864910767129
16778,516.8858751771922,0.5080228716214825
16779,12711.54847874016,5.47209638746185
16780,561.9709003687894,0.554435456948469
16781,255.15575282314575,0.19506189112342284
16782,3950.185110499446,3.8979886750079964
16784,535.2885723993866,0.6612689388243044
16787,315.63290657904867,0.28926728799147344
16788,843.6771052534717,0.5982951061623443
16790,3010.5541101972176,3.918345634435725
16791,1633.7195571323628,1.4201400807150206
16792,310.2915642500456,0.4052419449468422
16794,1045.4646996294719,1.7680147897654244
16795,619.2654912880515,0.2764637602855623
16797,478.97123081352555,0.3211785972303717
16798,143.28841394472354,0.11276872140829809
16799,89.25431562092123,0.07903780857515015
16801,839.9747489904164,0.7405860991985502
16802,47.198690597505276,0.03545915395928228
16804,791.26384093871,0.5378092627884429
16805,497.3150030147128,0.4448595151305755
16806,836.5370208998519,0.9981605637494828
16807,1020.5525812028624,0.7391369307467398
16808,473.9992176174351,0.491283080584384
16809,909.951382190756,1.179075568311903
16810,427.29875817186326,0.32995841299269274
16811,1806.265714938651,1.6188770637109493
16812,79.1877786863819,0.05173715903271665
16813,2032.940461417404,2.976439116710802
16814,5383.939725230473,4.560230491130679
16815,120.2325091458252,0.11294912020391656
16816,547.5197672046364,0.7874662630206908
16817,1710.5716397448873,2.231920006998211
16818,3435.391656522873,3.2492071332805104
16823,876.0523696782147,0.6762619254277287
16824,632.4565546643313,0.5978185310238294
16825,1021.2704960445946,0.7460104941949884
16827,111.07594722266529,0.19755169049887136
16829,402.32863655889366,0.3656579132003199
16830,565.9427268600595,0.46808473748741436
16832,383.169766773127,0.7132027696626138
16833,1209.3030224008455,0.6619372324533856
16834,351.4896875055111,0.23663033370469588
16835,769.4533306484429,0.8004610468785835
16836,511.8810903034151,0.5707009694149794
16837,3241.6699113280015,2.3444976866138196
16838,526.7929411208426,0.46688842841819633
16839,9433.46810697162,4.916094877397958
16840,46.897455537346474,0.05689011173250255
16841,1743.5031115372315,1.3765317203230112
16842,938.4982411776714,0.6786347044245805
16843,7641.082668111604,2.906195308878283
16844,52.99868916140419,0.0405664585864835
16846,437.06509877575013,0.3985968122430152
16847,310.20461406318054,0.2813608133660313
16848,706.7107014189246,0.5466367308500446
16851,1431.9105267199143,1.8690459414557108
16852,578.321048469571,0.7187336179983944
16854,168.03819799428007,0.17275000256675171
16855,1333.6699023586,1.2937394205211488
16856,395.19889205185785,0.5452893708572861
16858,279.6790111396598,0.17261464953382022
16859,917.294199031922,0.7189790588839948
16860,345.92595341056375,0.1908004966549077
16861,692.6159999807662,0.7707883672011232
16862,62.06429989716817,0.07377029222485455
16863,638.029050331048,0.5758378382774639
16864,198.15574645019416,0.15456499774564028
16866,430.6156269831999,0.6889449855884657
16868,176.68569564270186,0.23290532384957885
16869,1225.8414265981503,1.3629390771380638
16871,2443.8619265488733,1.2643955159570661
16872,899.9726714169826,0.9738742038816329
16873,5947.184386412065,1.4356021804810986
16875,1673.9925547912196,1.025003758277691
16877,1293.151117656664,1.8009403856400683
16880,1094.7189247309504,1.0963429216226892
16882,904.4647228042159,0.6812610777535458
16883,628.5807143745741,1.1938325512728911
16884,568.138156227194,0.4401869487129543
16885,628.3147070391121,0.7924250484216048
16887,368.8437877011627,0.35405518415432513
16888,200.58869865548772,0.2507604280041317
16889,1147.8445980146687,0.7305263328465575
16890,71.60715388600475,0.108488251868414
16891,757.0139485445391,1.2156935507321702
16892,454.6696910383234,0.6847273586943142
16893,103.83548115511248,0.10264150417217392
16894,49.90877802128856,0.0627611447289739
16895,619.8552145999596,0.6167244681443337
16897,145.51690418823796,0.1635177319930579
16898,574.0581926620454,0.7031914839167922
16899,1259.652417533682,1.489948242462717
16900,1116.3501464756332,1.7125017373997355
16903,703.1902345953658,0.5698279877270581
16904,3161.7484401402544,3.18102560332311
16905,1990.6846701449408,1.6531349697764561
16906,744.7178229864063,0.8194605030526176
16907,965.3740955136155,1.322253057353546
16910,3057.512321580038,3.7616503532459777
16911,30.724470379580296,0.0316970300709785
16912,1832.3063661329209,1.1102627102420386
16913,218.14341803830297,0.22609638644058314
16915,844.2592392466668,1.5106137703383673
16916,808.8511351970001,0.7453249276039404
16917,338.2729327840807,0.23395131542908884
16918,1361.7649095803024,1.5173028467469898
16919,449.78820110254156,0.5205370444785904
16921,350.59339808960385,0.4185405479284115
16923,5571.058941411698,3.359124580977091
16924,1739.5911923801812,1.5202881927250642
16926,152.23574863882484,0.17548241389491434
16927,532.790344638088,0.5933775891860081
16928,1656.732355568616,2.8367041138937044
16929,1923.6179584169554,2.512692334597619
16930,1147.0553252116674,1.1141642081897787
16931,3470.3301728229776,3.978285837924408
16932,381.2262250557488,0.4372032508883285
16933,1224.2170643448717,0.9007300936813574
16934,1010.6104902418506,0.6551587965634524
16935,86.73067910302908,0.104228819630904
16936,501.8119816835882,0.414311291421859
16938,2924.352939429192,1.0985249885562476
16939,117.82463602300865,0.14048023960099573
16940,2516.888400476807,0.8903305199629346
16942,2072.6856917116975,2.234537633922515
16943,444.960770022098,0.47161289832646974
16945,3472.710542757131,2.5007147479390492
16946,205.6738665185031,0.284015842577831
16947,358.6089103162606,0.454944954438375
16948,511.0069944698775,0.8211524097105244
16949,1332.9439045881882,1.3506592334493712
16950,1522.4763446860698,1.1648244602087285
16951,495.6507325155781,0.6373918383114452
16952,405.39801049198013,0.4573000341970203
16954,2568.6450338613026,2.185561070636085
16955,504.3567110758559,0.6676379010181713
16957,353.20974192630774,0.2776003904186354
16960,895.633909441477,0.9916056046097176
16961,568.119039132566,0.4490517469256298
16966,2121.5817135256807,1.8983033432689809
16968,1004.742234021243,0.9504388510090171
16969,784.0923739016938,0.9738930803834672
16972,233.7067441753034,0.14821924811517423
16974,77.71270992857788,0.062469052456142274
16975,150.44052646175868,0.12142035820949562
16977,230.0883016624364,0.24420776538374228
16978,356.27077393754985,0.2609440751611212
16979,1824.142126986308,1.5116231908145596
16980,679.8953649502037,0.39419264092447626
16983,2290.727352752947,1.8426894809035488
16984,4006.993581880846,1.09410093695867
16985,4341.072597555289,1.863885726414927
16986,1207.9328160124123,0.7314014751535262
16987,1124.755167337233,1.1060301052790162
16988,414.1279049271942,0.42354269839989517
16989,935.3464166578887,2.207449687043256
16990,334.91170104788716,0.3128263466867785
16992,2538.2112423332155,1.5538054582219945
16993,356.16803226611233,0.12300602477114787
16996,1391.488402220201,1.4224221004837505
16997,183.61946950700207,0.20837445980789893
16998,422.91350792982644,0.6441875334532793
16999,1238.485440005807,1.086301776232192
17000,99.12542413788641,0.08763504836699987
17001,2994.1067771340763,2.2594339179381207
17002,1262.0593768114368,0.748721859593163
17003,285.043392740674,0.21477371374015905
17004,1417.9686853732962,0.7261112899389672
17005,154.35938677633078,0.12190332654967473
17006,865.0734902830422,1.002938191756291
17007,826.4100958917242,1.0344697431294505
17011,364.2397805400467,0.3946244628088184
17014,1625.465796685195,1.702219727414602
17015,2042.5063321524553,1.0036535251698844
17017,5081.340684265725,2.385482082746554
17018,972.3077744673793,0.6772721464043349
17019,1539.9224174906828,1.1046418795257795
17020,162.01804052121247,0.08805111720689676
17021,40.759971776259654,0.05117159316771646
17022,334.44428310969823,0.3778114486868803
17023,307.12531326578494,0.23624259422034682
17024,633.9385906154048,1.0829357345616597
17025,436.5970228045237,0.5172312886020887
17026,342.1223047607621,0.488201128071494
17027,649.8883488242491,0.8850329214791283
17028,167.78547854833923,0.08215007823468862
17029,994.5243764973956,0.8310988665172213
17031,680.4643624953271,0.8315977336151488
17032,87.87421869270415,0.03916842081891913
17033,974.0230677295984,0.7447952906256348
17034,851.3676894933249,0.7758896793165934
17035,372.5686491932028,0.4150737497254714
17038,372.7646902269222,0.3900151450607644
17040,453.946036425341,0.2941524056930564
17041,917.7614469103323,0.6795866069618424
17042,1170.2149087792072,1.3581261354680865
17043,1083.8525172607713,0.8957020416303888
17044,4608.962906552384,1.2149664669794018
17045,549.2004356734691,0.8429441261165095
17046,900.7380024346854,0.5066413872626971
17047,982.695795668827,0.5656566075333328
17048,956.2761218000504,0.8015714524329841
17049,4376.661046027653,1.9572316473358824
17050,1875.7271663865417,1.1450220544143683
17051,426.70073609228734,0.4861549682518462
17054,1419.6684936090614,1.3471813832551736
17058,972.5170901401787,0.8054214218660393
17059,2099.8648819537,1.0635910257502046
17061,3300.4194700243097,2.215583921686546
17062,112.05716567816818,0.1634509202289348
17063,1529.6114003227399,1.101385501930628
17064,903.4817900299406,0.6705745701351837
17067,19.18070611189284,0.016465950002756618
17068,4186.037510051454,5.826497841042925
17069,2188.6878693982803,1.3144969988766233
17070,476.77788644450766,0.3709343191431863
17071,1676.076601845651,1.4000345978309479
17073,2212.4819431002943,1.7738485727749769
17075,1018.4748811856635,1.119309227098054
17076,661.1647972889366,0.6770750832119199
17080,601.9099490849845,1.0423750330405686
17081,577.7137333624662,0.7491693528343553
17082,1778.6195352468985,0.5782849293145604
17083,1668.1359004115798,1.0451174098957798
17084,2211.128859894112,0.4032824772597863
17085,2598.643771594607,2.179723306921448
17086,4019.318956023426,3.3144232296722467
17088,1337.4908512216407,1.0701456173383985
17090,1625.3847049536307,1.80715296559051
17091,3113.7174376058897,1.8820800784049505
17092,2440.1988334753178,1.1803371156351412
17094,269.7602853485804,0.21038822355210293
17095,1120.3576436134883,0.7960056820647191
17096,1819.5609514881662,1.540279434417721
17097,884.6137320962459,1.4007887190908643
17098,194.59178118862505,0.22509066274816877
17101,1448.776619168632,1.007580173070879
17105,555.8601162452945,0.4115671244460351
17107,6442.170540151317,1.0692878920404392
17109,876.2737523449186,0.9415661374442402
17110,347.4986409771856,0.3917461734948986
17111,440.59941095023345,0.3794249207005953
17113,35.453828883394166,0.02203474155029665
17114,845.7647775021719,1.7021031160108715
17115,1133.3762880669697,0.7885641705768139
17119,1022.868147153981,1.2202060562863009
17122,498.0373349432597,0.6132231911397074
17123,583.583092392279,0.4120226041886231
17126,1119.9447063732396,1.0007494596317756
17127,267.55369672969937,0.2541116884251867
17131,3887.8140833688763,2.122578964568957
17132,147.4999289182402,0.08258239570638595
17133,5734.726503777559,1.3883560447275898
17134,521.9279628700544,0.5196654664386281
17135,990.7911341564405,1.0947441335186252
17137,192.5338988133498,0.23351548296413216
17138,962.4442049473622,0.5930035214180508
17139,8114.761724503074,2.049702703854249
17141,233.43860007063148,0.17475403023524258
17142,584.4207052373572,0.43752462189342584
17143,164.53374603717356,0.13986220059053947
17144,1484.6579085512883,1.066221052614026
17145,368.2239298115602,0.11703921120915403
17146,2169.6178060787934,1.462093892634757
17147,1436.5652573832488,1.045504468367791
17150,348.41767064894066,0.34744782002107355
17152,1186.9178535652777,0.4749407240115148
17155,486.04576802846003,0.7854871575851704
17157,2105.2994772034594,1.9604832335680284
17158,980.1808988742586,0.6409631990721615
17159,1051.0919660104505,0.6400647391501234
17160,3914.4496017571973,1.844700957072227
17162,1417.5636214300544,1.3715736099488898
17163,448.2422216178312,0.5001696041512262
17164,2023.8435391659355,1.2472800784076332
17165,599.8619990407655,0.5340012493922525
17166,567.623524182163,0.6404561120899342
17167,172.47317954676947,0.1397070749118206
17169,650.9620572335514,0.4322328268383113
17170,97.38423871547243,0.10315925817616176
17171,260.0948974309138,0.22456501746519697
17172,445.6488389689717,0.3548745302963549
17173,5231.120862617401,2.759713244391416
17175,1147.106286306141,0.9492872893562564
17176,441.64834042108816,0.3532811595034059
17179,799.3244453908155,0.7564078628833834
17180,1062.5675966597612,1.1605253453335431
17181,339.6907430293304,0.422031819737519
17182,176.4117656778212,0.17342592116495822
17183,5414.692131901674,2.6682576016189588
17184,102.35034186402743,0.09973226360784622
17185,27.884154017919535,0.029347075871323836
17186,941.4413136495454,1.0959809882288571
17187,309.603333858159,0.27698672788729445
17188,1904.6018966644021,1.3266197932050139
17189,469.83506536681534,0.5576257521144183
17190,805.2524946427171,0.6347398690189655
17191,1796.468814668497,1.3114150610650575
17193,1098.4205032147527,0.7817841424593887
17194,229.96856316852995,0.1987082951077128
17198,628.8780250090599,0.6228576611435005
17200,207.9236876173092,0.18896204225497298
17201,509.34184311714716,0.5012589676249757
17203,2775.414663033973,0.7814309062357636
17204,2549.8622323658774,0.8734626240274425
17205,607.0119777998582,0.4416511926988817
17209,31.205119745340397,0.03675021903838683
17211,1551.3922810756505,1.4379981321546862
17212,363.36981041144804,0.392052407993708
17213,2029.7818394936214,1.3293260229522195
17214,948.625469587135,1.1926182462058055
17217,239.8615519917159,0.24877731850636828
17218,1680.9115172653303,2.0899802535705962
17219,373.1185696653998,0.389087801716284
17220,1927.0766610712103,1.6191711188991047
17221,499.8394638485122,0.5491026901855709
17222,767.7296443856244,0.7023860126397422
17223,213.90393326093613,0.2216526391093936
17226,340.6341300950644,0.3145558915942049
17227,893.9420603035533,1.3874651042458352
17228,1421.8996607535798,1.6124188046679946
17229,690.4143416614843,0.6771419926691014
17230,1296.0526542939613,0.5196568930543621
17231,2888.991534139301,2.39291588577522
17232,1793.7952709968008,1.6645163272597552
17233,350.70955400715275,0.35994039156955326
17235,971.9289178129507,1.1349158326960005
17236,966.7013266533933,1.4830626347489804
17237,612.6016601391761,0.7999687733909047
17238,2984.1509425039494,3.123222761074491
17239,433.6116332249778,0.36732434136511166
17241,35.3666904716522,0.04038548440441596
17242,1234.2010113962697,0.5926352746287086
17243,7927.6591855358365,7.052790328222358
17244,841.2758148132975,0.3545177012075545
17245,252.87267872774427,0.23715869411373217
17246,91.75613092526541,0.1151894512619506
17248,432.3287699049121,0.3290717140799212
17250,630.6315877199082,0.5580731736886727
17251,305.4647921970428,0.27630162808539077
17252,440.3959137210917,0.5707423946682824
17254,494.27451109065083,0.5908592123926372
17255,531.5974005947589,0.699720395244508
17256,377.466907152698,0.5359225030747382
17258,184.68041653006398,0.18471322125943412
17259,685.268926336127,0.5997690705907383
17262,1124.1840698872923,1.0046028428296525
17265,541.5190384141841,0.5193986874019695
17266,386.55061829704334,0.6468210772522709
17268,789.4365754816495,1.1750690445986027
17270,174.79090445475123,0.15368710708718347
17272,1764.279984099638,1.0346514342530606
17274,382.67222965861095,0.404063145115813
17277,432.85368842917325,0.3194030476167434
17278,310.66870910379635,0.2606637635465957
17281,205.1841567477669,0.3016065064787012
17282,1198.3822339752364,0.6956035319166265
17284,1397.1304925538957,1.2991977985628491
17285,40.39681374737034,0.03648267606700225
17286,412.04218284740676,0.40313117181733554
17287,1600.1138500295897,1.9507662396846452
17288,1799.7728264621533,1.676751888851866
17289,1104.8377049442,1.12069089331107
17290,749.8082815829617,0.7967448382939697
17292,115.34335016335666,0.11623273999676142
17293,1632.272451625793,1.745093230884418
17295,1343.6575642601138,1.1330478304434703
17298,568.3295217721018,0.6268783891396399
17299,710.6599580166268,0.9718910792001745
17300,179.49530382451744,0.1528297488359901
17301,295.42359540734515,0.28124875201652705
17302,1155.8817190947648,1.1630659279848738
17306,6166.763819546589,3.049762166862083
17307,61.44607885428196,0.04312365665105527
17308,249.75208292225813,0.13064113673469674
17309,245.7186419680922,0.37593364524690004
17310,214.6042775148461,0.17662853759805738
17311,1519.4515269634483,0.7202153033486397
17312,761.6839377964216,0.7016638192113107
17314,2070.1178882728186,1.8457551791710618
17315,5629.947286524799,6.643541120557565
17317,1637.7886057229352,1.4110648203999678
17320,1086.2420661094573,0.7025985102298586
17321,860.0613647646038,0.705188886959807
17322,316.1475996983256,0.3504114019124446
17323,775.1563758796877,1.3797069244402937
17324,1029.6511167025913,1.2329173931349453
17325,375.6018153569492,0.3349220877736615
17326,158.5515946234918,0.15534339379301532
17327,168.84751103194714,0.16513910740893406
17329,486.42937622305385,0.46492693768771476
17330,378.7680392874106,0.5184471352864461
17332,24.80347858148491,0.03437452651357346
17334,248.6788432445931,0.2830224162569882
17335,262.28642676178885,0.1898828238491667
17337,973.7038868141885,0.7683263101235326
17338,5425.200173674467,2.0870905468516057
17339,379.89562172309445,0.47072953851502375
17340,8376.441865832421,1.7848440874668898
17341,571.083894048117,0.4313366873604977
17342,371.0191180862532,0.3054153352321085
17343,362.8016313023639,0.39926009137117197
17344,255.34236887157206,0.24478088959419303
17345,691.3962454285225,0.7839186143221873
17346,2490.6466682018718,3.2225701306863717
17348,1125.6841676529132,1.127988115850318
17349,466.1074760853345,0.5999689219276967
17350,879.7766494614182,0.731719760595237
17351,919.1127965311956,1.216262039702256
17353,1533.6478562459945,0.5134133301340169
17354,1190.2824956121694,0.37673543391909414
17356,348.73787733271143,0.4448532597802831
17358,389.59241967572416,0.4558766146211203
17359,270.4698220700227,0.2732749071501027
17360,902.8202956150319,0.720977372856028
17361,413.43386559116556,0.49614872215210254
17362,458.54254338934004,0.6718766939453401
17363,91.5015317859202,0.08305430540653454
17364,4644.880006847301,2.7184306243483527
17365,3521.2399119592906,1.6479548323236388
17366,145.722557917332,0.08157503471505555
17368,1222.8911774235735,1.4423633295168021
17370,877.5311307635897,1.2871576502811573
17371,393.5980336798373,0.4674066949111265
17372,1813.3425257662718,2.885822961166838
17373,652.5283949420276,0.8705048191948169
17374,501.756419169526,0.4564991365600692
17375,442.1837035127893,0.5898943651182867
17376,410.67941237971775,0.6096776055128112
17377,6666.936108624273,7.314978139541783
17380,114.64492451588713,0.13082085051402453
17381,14608.395643714162,3.8836420691869127
17382,559.7046600392249,0.9627521717127631
17383,403.89476351819013,0.36827715484429796
17384,476.72007707219956,0.5209372992512563
17386,2187.289972435332,0.9782401491754571
17387,2034.8148754634656,1.3933874526575667
17388,1151.5971708332222,1.199192213035321
17389,22496.90081527901,5.693237301718543
17391,381.21175983006566,0.4135291863292864
17392,307.8094586154597,0.30707857108231784
17393,144.38315056855168,0.13290885141563274
17396,5219.356749221108,1.6785458490663927
17397,755.9641210813379,0.39083870193993736
17398,670.5756911662419,0.7296623269470572
17400,1689.1706427897116,0.8702545865514096
17402,1991.6672709476543,2.2058305950662533
17403,444.57714417038466,0.3649970126681723
17404,19991.951166018018,2.3766852079152687
17405,1446.0001628686678,1.161213619722764
17406,377.2587446260284,0.2687727777772054
17408,254.93669742282225,0.4437402631926269
17409,2720.1320218108503,0.8149865349652194
17410,1421.2056622750904,1.4809960211445854
17411,629.1513332041902,0.5724858901939783
17412,1687.6188821130283,1.7446099263085588
17413,231.52059827578037,0.1708734868260558
17414,999.4414061479636,0.6752251430431209
17416,6903.538964569442,1.6532454111020949
17418,634.2420040040953,0.5977942184653414
17419,2706.344220422441,1.9740384239470108
17420,789.9154339016338,0.9314996590103937
17421,423.69567172896194,0.2614011319072633
17422,1963.7335998500796,1.5899397346898536
17423,787.8520587013797,0.5896366305777895
17425,1010.9102364647281,1.180977288460828
17426,3581.3791493197014,0.8642318870658513
17428,12133.570519473466,3.548928847648066
17429,752.6382736150426,0.8269440577420626
17430,504.69328653391386,0.6630292229957492
17432,819.8665818347966,0.7853452505054459
17433,509.0477726117493,0.39705981418564273
17434,3985.117075410877,3.4187682777507598
17436,374.3113407513841,0.576295579377339
17438,609.9320122356207,0.5288944799757797
17440,315.82436161044507,0.42621940856053425
17442,1982.5127915995795,1.667809206380066
17444,1333.0820067470568,0.4742641728842155
17446,331.95866031670175,0.39109398463463163
17447,1083.7518078335656,1.0596662010867781
17448,0.04950085916272869,1.2169445286691603e-05
17449,2037.8231382003155,1.3300666736031106
17450,125381.70265796492,5.1542940957990035
17451,2874.483669309166,2.2570188231530977
17453,1137.05058342396,1.159199523846863
17454,652.6660051151227,0.9760910916813432
17456,203.35333882810207,0.17029898362042611
17457,2274.6894136930036,1.4308829281035311
17458,547.7109402024337,0.4197970956652614
17459,1477.8766715725537,1.108041503579361
17460,958.3589528813533,1.7701387537377449
17461,1872.5849479192593,1.4194299140486806
17462,563.8595369468875,0.5035568104120024
17463,1244.256848719972,0.9502527482890791
17464,505.85549547027006,0.38933150867153926
17465,354.8362285161147,0.22814307720013907
17466,1356.3502323172672,1.0871289668181014
17468,421.5145348145472,0.6210544290921935
17469,2097.3069949721885,1.5540071487588807
17470,1493.3415064074954,1.6396944510646683
17472,497.11783419806204,0.4876070532967
17473,146.78995629777293,0.11328326545321407
17476,213.4246912573376,0.18271060407722703
17477,57.876465603028095,0.03902852191995397
17478,310.151192042745,0.17731722262098695
17480,592.553436307406,0.3603261847334942
17481,2418.4863530512143,1.9379222402157437
17482,171.10167388575223,0.10213480401824845
17483,557.6824655158547,0.7323386285903324
17484,46.865362859935374,0.05213770145384357
17489,632.3078995964389,0.6087504193864458
17490,1435.804108916052,1.1144905010168293
17491,2745.476343328262,2.1114074413524184
17492,553.9353382831702,0.3890902672855673
17495,664.1008412882153,0.6031781176047887
17496,454.1653525112901,0.3380246713874906
17497,169.5027480876924,0.18615525484139556
17499,446.2486839160093,0.24213205892521075
17500,3090.8744108204605,2.1144275097463563
17502,2182.140166723264,2.8077042584992893
17503,1532.0190284079622,1.3948366698368724
17504,2202.3388609782664,0.9388755765503269
17505,897.8941178903322,0.514341444340314
17507,301.51617857867757,0.24883909809125868
17508,1238.6170810164,0.6171592623843659
17509,3819.140726576283,1.5088061464873683
17510,501.1788392794834,0.3875538709007586
17511,67018.55260758789,5.465633347580253
17512,2025.9085773320735,1.85925950535893
17513,712.4344236013627,0.4993929180307834
17514,287.1464608241814,0.2540554999359697
17515,968.0111163921146,1.2738079605899548
17516,854.0209370320468,0.989614639312334
17518,177.46027993205354,0.1655129263882621
17519,1959.1735902769046,1.632275104101213
17521,934.1883523843301,0.884095788843511
17522,1426.112662225297,1.4788100432297928
17523,2199.79920732561,2.3034371493361285
17524,167.4248844387852,0.16531109887670137
17525,225.0421609345685,0.1637168290499308
17526,1498.1929945271427,1.2341387423122745
17527,1106.4945862456632,1.1543117583169076
17528,5486.297150133502,3.687049276277472
17529,88.88713054342544,0.0620908960097411
17530,1208.7819936120616,1.2185779990249554
17531,515.7977014498846,0.3805526280193677
17534,729.1204414690643,0.6291265948739097
17536,326.0953492345627,0.35723353206219255
17537,599.5249197975428,0.49363810315132234
17539,67.75024365685032,0.0460246135352257
17540,833.037360027391,0.8081664524791878
17542,249.110099961966,0.23415828490898888
17545,774.9563563525747,0.4349256969096326
17547,257.81084979408536,0.19401234647408944
17548,449.21018438467354,0.5108783585239731
17549,1157.2196670116548,1.2330904816506694
17550,1039.0084979722596,0.7512862226211628
17552,1287.076560968176,1.1310398684442546
17553,1580.0989490669547,0.5226266641680677
17554,2148.087353154225,1.880305203778222
17555,667.9041370923053,0.6943573310570452
17556,347.15528834592317,0.3362847762822468
17557,411.93141082593456,0.46712797671639755
17560,912.7113186636045,1.0660478387593326
17561,399.30339823952534,0.4661171323955657
17562,1502.712360015874,2.337360617528228
17563,36.4205912517574,0.044207251575088306
17564,1371.1428916928835,1.543924255125248
17566,2296.3865699911044,1.5114402353848477
17567,2949.471213398155,1.5347979534898626
17571,984.4255734726388,0.7340225671494435
17572,416.4951209575982,1.104022047737594
17573,1066.9513763663847,1.437244362179407
17576,3498.130999667498,4.190804842569831
17577,34.39405905417592,0.02919122250612915
17578,590.4713561672536,0.6165217197915099
17579,456.0168802408439,0.5725818196835506
17580,284.90011295274127,0.48323332239017014
17581,7185.3376942862105,2.1731603021949346
17582,633.4836136156847,0.5549397675007616
17584,2313.4536669452305,0.72540150995933
17585,1189.3021843210638,1.0656413621337726
17588,1332.2952026969642,0.8632413421325305
17589,6018.128196891889,1.9258468442787036
17590,3555.7611829192974,2.0110027527807133
17591,1116.1986091754386,0.9275397442930151
17593,3107.086091827787,1.2153398588299604
17594,1120.192208652539,0.5384386796166397
17595,1542.4408674501083,1.3788831000838977
17596,1812.3203674853883,1.4423633295168021
17597,1555.30344049762,0.5991547812123383
17601,291.4855278968739,0.3034847224922593
17602,3449.2397088096864,1.6562306257910309
17603,802.4842060200814,0.46155894485824056
17604,470.4887005749322,0.6352372651965195
17608,382.20108301672974,0.41824341213440575
17609,922.3358682786624,1.0428280237298508
17610,76.63258739614503,0.06697461883594556
17611,3262.8600593484975,2.8025165446999902
17612,2248.903438483263,1.8584424250456208
17613,3547.7154617633887,2.4543179302138336
17615,559.4528095810565,0.8943097895723646
17616,554.0318540750696,0.6140446535715212
17618,1721.1171316581701,1.2929718136268609
17621,1481.1543707482422,1.0581698799404435
17622,37.394699573033655,0.025829218537493422
17623,1074.953012977622,0.7934472759550047
17624,719.9321644523734,0.4744275471441954
17625,2364.8566692276136,0.9046319105158815
17629,1635.7187812048107,1.7631763149844162
17630,444.98975887959597,0.4276946830571074
17631,567.1257938811544,0.7931998038665979
17633,1451.9780257368989,1.321439375401998
17634,1508.0324753064938,1.865533447690936
17635,261.700599511099,0.1898939205098525
17637,969.0444592061147,0.8847622215827845
17638,57.91491216711501,0.049267163972581955
17639,336.0961392869456,0.43010768947763756
17640,1441.9403499856803,0.7630593799907899
17642,797.1828388642085,0.5565585458596755
17643,170.60836503419782,0.1814369169547457
17644,2565.2744677657697,2.033767510503238
17646,1116.4700004729666,0.9373424573383555
17647,260.98653795585574,0.2611852136923152
17648,1542.2681271073461,0.7758627592863789
17649,751.1212647489244,0.48236170133500433
17651,3097.3468394592087,2.0362149932525497
17652,4327.476668240059,2.8250680087759603
17653,2136.1726225365596,1.649080727058618
17655,2006.4309794005778,1.60630559085594
17656,2165.9347548675064,1.7362922705475217
17658,775.6596755145567,0.6332007779706621
17659,2342.6784712499634,2.603680839215717
17660,252.1926659394981,0.23350873136114422
17662,36.55551351534852,0.04185003613997379
17663,2259.8377661081527,2.0663270970597347
17664,625.2392078315544,0.5380166473552424
17666,1191.056033065337,0.7612915996787806
17667,1742.8759300180898,0.973840489239744
17668,1458.8162671557782,1.3970490169461534
17669,2362.5724881893602,1.27638962346427
17671,1433.555699603571,0.9957022891208843
17672,2193.9603696916156,0.6387511546255711
17673,1853.934920960232,1.510055792065691
17674,493.97815572804416,0.4149526772790776
17675,15059.712083508672,6.6991767928572585
17676,1181.0697964942353,1.2847812938597496
17677,13895.227395583712,3.8286116787182514
17678,313.287171658251,0.24414570629524052
17679,1445.5620254409873,0.6737659658742038
17680,406.31231560671716,0.48368541783700897
17681,20.265732219489095,0.02736718923765346
17682,1873.8776187847009,1.3657291922837065
17683,201.95291855379926,0.22696288911681337
17685,2301.61849912615,1.4361641352681243
17686,3980.423320678823,1.0348527892323682
17689,155.13431110421007,0.15140089323684947
17690,3044.057289842091,2.215442032886533
17691,222.55652370525308,0.27474679315590245
17692,1431.6233608604468,1.4129357028936083
17694,762.1068230000843,0.42367283019586827
17695,799.431622058761,0.5886878825653008
17696,3061.954825059823,2.5956464027140225
17699,125.87972917242844,0.10363753480173983
17700,2572.1062625601844,1.4205806447166798
17702,1845.429485528835,1.118156708918238
17703,813.922172711038,0.7377129022232086
17704,687.1928448124542,0.4288572274661381
17705,1209.6670237606836,1.4969684520382653
17706,7772.456414762074,2.637747550262835
17707,369.5788068435751,0.8109780752836692
17708,556.9553258699548,0.6140038234403142
17709,388.26301500468514,0.6256780176206469
17711,536.9270133970425,0.5169626790577312
17713,261.99491932711595,0.2194648433299903
17714,353.4347099124734,0.32623908533351076
17715,352.87921290446025,0.26497331884045894
17716,6309.502196479031,2.1620523405866976
17718,245.26145792252458,0.24294336000550215
17719,4672.843641181784,3.6860568657111896
17720,1468.4428937783096,1.354500603783746
17722,1931.2655933464248,0.9431515659864307
17723,2275.9537961724377,1.1902949620097234
17724,1388.0579514295307,1.0940989905241647
17725,3146.897165295526,2.7083785984702216
17726,147.75177661093213,0.19982842503585094
17728,2277.1352316546645,0.8612412526498754
17730,3795.165454144819,2.500280497801152
17731,783.251281226549,0.6113534185798771
17732,42.26081684232081,0.036779170572712364
17733,852.1687841935768,0.544050356119365
17734,712.6315416831377,0.7564585189674292
17735,9370.765933455314,3.7703243872991345
17736,791.3463154441474,1.3445452201923571
17737,1062.3239187306076,1.2162855075101955
17738,1924.867268717566,1.1404712895811229
17739,3114.003387611018,1.9661514114626528
17740,138.29214737711234,0.28314337465480344
17741,145.3201407477013,0.16710813070746472
17742,896.2669754295372,1.1607019174350979
17744,1932.411080702669,1.3589416548070148
17745,95.25849374915636,0.09940094207663792
17746,404.6011907814887,0.3641289596397395
17749,551.5974046003497,0.41944362836587984
17750,2263.805000107782,3.0866911337100187
17753,181.39979800760034,0.19325503844447317
17754,1880.4631802703352,1.333623115026218
17756,93.70482898832172,0.08037203756213838
17757,3906.395077488166,6.199235750429765
17758,2492.0874917451292,1.3768727022077514
17759,795.1817335345481,0.5667311244883656
17760,480.4157591990681,0.6367085957507785
17763,204.06689709357818,0.33818587845678644
17764,724.6602935713968,0.5679513802211038
17765,455.90931283992063,0.6321761756365182
17767,487.2604191332132,0.3966154275549761
17768,1374.0906424806117,0.6791050591204847
17769,3054.4223197907913,1.9588711717558431
17770,482.13125484731444,0.555406126616056
17771,403.9701859883785,0.5556452314196298
17772,436.2371952745472,0.41167625957676746
17773,138.7776028273083,0.12265684064398405
17774,1352.9566918401267,1.0531535250024662
17776,182.95503011596736,0.18660330579161274
17777,1445.8803641422894,1.4019638664457934
17779,1040.6730692501383,1.1736974790958887
17780,26.995623784579696,0.024432468718658708
17781,397.7402866038105,0.44084040760565535
17783,404.77654986811615,0.47384219518328874
17785,379.71517687801986,0.4410102595044872
17786,473.31549648390467,0.4557441228055964
17787,959.6668620004358,0.7099766193076475
17788,1984.1004648654875,0.7627677377401756
17789,263.07355506129545,0.2268008455687851
17790,1544.9212775089209,2.518576957713469
17792,56.0939476632157,0.05803224938882575
17794,13.982476936331095,0.01764660229465288
17795,432.81909256010135,0.4024810766651489
17796,980.7128517968886,1.237947948530539
17797,912.2027537410936,0.7960056820647191
17799,2564.2979268155445,1.8685747989617576
17800,1123.5094100721844,1.8765606049466466
17801,198.8810754615572,0.20275006913675983
17802,1954.92159891069,0.9916830471859477
17804,221.75328851818654,0.2672732238736873
17805,464.8100991625291,0.2809972682253644
17807,208.07961532677294,0.2548146779451266
17808,6.191276848033664,0.011871509923148935
17809,3906.0180341618657,1.8466915454350703
17810,20.779109740299706,0.02361077627970736
17811,5839.455245431213,7.365869786041341
17812,672.7599845579269,1.0385134533968459
17813,3383.0880022277825,2.6460477195408716
17814,286.75075472045035,0.13314240980557754
17816,213.06791704035018,0.6859321071992542
17817,734.8877531259698,0.9111217556733511
17819,2366.9384998832065,1.311461198912002
17822,408.3863479047055,0.15519048030927207
17825,98.74039004461977,0.0803713516469642
17827,1170.1497961298926,0.5388399557951873
17828,1083.7263266356472,1.3219372922087185
17829,1299.593858847601,0.4641241954100244
17830,577.5559424177594,0.7590549869484596
17834,119.15036067858951,0.09606638919426005
17835,1730.5479273997644,2.268732943229371
17837,2198.111241013319,2.6476862488546216
17838,2564.799919502012,1.5022684223520402
17841,26952.799879954076,20.562493699361667
17843,254.40741248865857,0.23079757422060468
17845,43.20345569022917,0.04246726082698079
17847,99.6253304249986,0.10800438710637618
17848,1425.0812685203177,2.846781527747992
17849,500.67602728108994,0.7346693709861409
17850,4.273033650186871,0.0005414062274208075
17851,238.42415764372691,0.2353964570494164
17852,424.50668418632677,0.4679511173496578
17853,425.87706848935466,0.24769876382640763
17854,532.6869853520454,0.5370362442864284
17856,1226.0183759073611,1.0076431499153553
17857,11549.83508505654,2.5665511318620964
17858,4957.867263385625,3.033578435433034
17860,294.2028540649037,0.27253823862681614
17861,2098.8959773306574,1.8683495619261432
17862,498.9561445442468,0.36139972121689407
17863,2402.5762304918144,1.442815850821968
17864,717.2161965497039,0.9005889246800173
17865,10280.837052460682,3.731275285138808
17866,585.3768333408658,0.3468496530641974
17867,769.188756699385,1.206545876358414
17869,555.6355544264286,0.8389617150005795
17870,1595.3078456653047,1.9082568838899432
17871,506.1003573028554,0.548048931743237
17873,2370.9011677718427,1.6201665203688924
17874,654.7186016419053,0.5308460356616084
17876,907.0592190659472,0.24877554237623214
17878,568.6137144215196,0.40221929508512955
17880,355.8598141608472,0.2746807776043698
17883,574.9584111671955,0.7554191144921467
17884,1197.945736975848,1.7484892821231361
17886,921.4014853303592,0.8181916455937753
17888,886.8531100405754,2.6450249368447563
17889,491.31677551682145,0.5820966718237587
17890,164.42581564662953,0.16897638602088472
17892,673.0642745483804,1.0711607100381406
17894,1436.5932490241353,2.557757679671932
17897,981.4734950918964,0.9508398892099555
17898,317.4338244883939,0.5667246151936008
17901,311.3101099873625,0.3256191111774259
17905,1027.704981320151,1.3850699263814343
17908,300.8834593804297,0.35168888902809603
17912,61.335614646642995,0.11398700113170698
17913,1424.325334081857,1.4078200479537122
17916,52.1000648049075,0.06499174651743468
17917,492.39675187774856,0.627661864162223
17918,19.469721280629276,0.023212067639052703
17919,1086.6335232275878,0.36130271904116834
17920,9196.887792639605,5.489870641060862
17921,1428.3978202891901,1.4705262015516358
17923,313.10549255759327,0.3535297486608286
17924,2234.2107644885277,1.0957523661042474
17926,622.5267319912509,0.6660008613445939
17928,324.0358275992727,0.43840672553485444
17929,1271.3025261954606,1.2210296650167671
17930,1998.1829999974289,1.5872774677597374
17931,1423.0534459451103,1.2290499942493474
17932,1268.2749517801208,0.9235636685387992
17934,770.883183788614,0.5736937632532157
17935,401.58948042837676,0.6522835361995396
17937,2425.134361214588,1.408616900369039
17940,9748.002820921307,1.3072635056311075
17941,611.0428740889749,0.46705463189540697
17946,267.0231944922899,0.2721800017068236
17949,42024.496248483694,7.486374737773042
17950,620.0385295944337,0.695790801059715
17951,974.6725796886229,0.7561710790655383
17952,279.9936214905413,0.18593328603452952
17954,1578.6455894393125,1.972759861004346
17955,558.7066621105581,0.5671009871327349
17958,394.0589268949736,0.23853443540864222
17960,251.58545771578292,0.37589324410124736
17961,1292.0917577631665,8.881921623443526
17962,314.8185949768989,0.3588796599891989
17963,139.5201115593492,0.1703553645064959
17964,469.10532433037827,0.42387315828108946
17965,2863.638769427672,3.03353683304119
17966,868.1808361718001,0.8269454380820532
17967,128.27235851699987,0.13423408635275447
17968,161.7098166063722,0.20048075236456414
17969,718.6255132747474,1.4503688279038802
17974,1307.2254263458185,1.1057427045175534
17975,3914.8649452151944,3.6512397062067703
17977,504.7089061221261,0.4014824922147064
17978,441.40992419843514,0.3330421125617975
17979,877.3984889269889,0.8026445235518255
17980,745.8711875108963,0.669834008366456
17984,544.2071058700956,0.5471939159329244
17987,576.2793032004698,0.6497993296156367
17988,309.4389695388501,1.2181340535104972
17990,585.2142459282906,0.5920689213722055
17991,239.06880138527353,0.3781525447638745
17994,927.3828116518897,1.3101869668720174
17995,227.16595796352397,0.32053053461091685
17996,209.03970656599418,0.1860732499332965
17997,2114.6391778592565,2.2797981276313086
17998,267.0111459983354,0.26493097482996464
17999,587.7739364550407,0.6100941547609224
18001,490.9679692819257,0.5718117510315609
18002,183.9857784776248,0.3227192681915884
18005,1173.9650116925648,1.313051157810962
18006,574.2211098222188,0.47186300765462225
18008,8116.653698924886,2.302642073592963
18009,838.746735761264,0.6933598836991558
18011,182.74320339363533,0.19352624299276677
18016,953.2191984588919,0.8372567178018143
18017,604.047543614808,0.703356625044769
18018,374.0079510650519,0.7015844018720944
18021,39.97038273418402,0.04136946302418497
18022,935.8827695080448,0.7332050028826976
18025,262.78863215649716,0.2680911497503166
18026,136.73324845053952,0.04472191947814425
18030,1243.2901118371185,1.3538822712613001
18034,626.8301992460139,0.4236195598589162
18035,815.27922146873,0.6022072579336568
18036,785.111583421977,1.121222056246146
18037,206.76071346825086,1.3410144812384388
18039,235.34100181283495,0.30241725844116496
18040,551.5635809738314,0.5766474833212155
18041,3308.6566859921495,4.071350714818017
18042,328.5533828906978,0.31258366205413224
18043,503.50465334965793,0.6290444013452632
18044,1959.6450986898478,2.4736166559377795
18048,315.1761301854224,0.29679582230482404
18049,177.09043195613387,0.1501074625559781
18050,118.18409508595754,0.13285564908656014
18051,1.2693927030339471,0.001022941726174334
18053,421.37966052887316,0.46347545769915643
18055,5929.212760959251,2.305821908277259
18056,325.16529421928277,0.23273405334357694
18057,396.25491330607144,0.25544223611627037
18058,420.0305198813055,0.3885473550047554
18059,1179.6514448681523,1.6555057217330704
18060,335.10403987406636,0.1664815497257775
18061,2466.2421381097465,2.910213571731516
18062,731.5667473068743,0.7353112463667005
18063,171.22323446553884,0.1872401420894375
18064,1835.049932246504,1.0136934734949172
18065,2412.509625218144,1.7583736074954404
18066,738.2232116185256,0.5565371599873871
18069,2021.4729683622259,1.2285669319964532
18071,493.6632144000114,0.49412434901792834
18073,1737.5091001795204,1.143204717629849
18074,292.079525288219,0.1814369169547457
18075,3076.899647598274,3.004406334823788
18077,1730.0516110107203,1.9671469457278539
18078,386.37553462568684,0.4737435432221783
18079,2336.67317246357,0.6469444402030389
18080,825.7613191809796,0.5819149724668319
18081,927.9254963591692,1.1986272147540102
18084,439.5013078461125,0.6035412543515316
18085,499.2971817783966,0.3660519844328375
18087,1564.2490081430594,0.3978007580443443
18092,5632.945758380529,1.8553484078308193
18093,2077.9575160464947,1.006652574773077
18094,2464.4045682039755,1.1292208375008224
18095,526.8080936086651,0.4246321444816414
18096,1033.9739107656383,0.9221098995571613
18097,2012.9060994802423,1.1252640677147998
18101,423.92975208041076,0.617752467185641
18102,228524.51141930575,7.159926641459725
18106,521.5916995629889,0.36892575622341683
18108,300.7206570262696,0.31857845939200696
18109,5141.850374130583,5.298631657233173
18110,436.2580231688599,0.39511251528138935
18112,564.8581041550684,0.5947813394205913
18116,1452.7948588352976,2.2126631606093707
18118,4429.18947393057,5.381304317728571
18121,370.3530951214686,0.4698369725876944
18122,2751.0026272863774,2.206028947492516
18123,576.5599941980892,0.48199159679875425
18125,832.275224455256,0.9138409473901031
18127,541.7091703652703,0.5853515223749066
18130,2399.1930863128005,1.775405348339607
18134,69.79349524900138,0.06864168663479833
18135,685.652420803218,1.2522439525293458
18136,842.3797611323363,0.8450495861171005
18139,5834.370021021422,1.5568378521777964
18141,265.3258571973144,0.1767886450602967
18142,919.8774869571517,0.45866264158926495
18143,994.5596429966868,0.6121163959694361
18144,1922.5205259111513,1.98870640863189
18145,2327.3401182972716,1.21937462129716
18146,441.9777460712967,0.4932874079812195
18147,780.3874983887589,0.8869583597442812
18149,748.9796303085697,0.8841043644406739
18150,860.0087300640716,0.9500367288454126
18151,767.6020900590545,0.7245992742849208
18154,687.6650203339912,0.8081865935112553
18155,584.7601254159467,0.7163437617410391
18156,689.1624410438195,0.43085794733398236
18158,957.9395058552466,1.0344403357636767
18160,751.6745638566041,0.5941288076326576
18161,1445.3581267873362,1.1723479013550837
18167,2089.7523377302814,1.3722548397886905
18168,1092.2441107019272,1.3151800227869743
18170,1288.7631009492402,1.0391589288812875
18171,1073.5427647501383,1.0282150121733669
18172,7066.774151552248,3.796629990404109
18173,1202.026912209679,0.6553548800332629
18174,275.4747232399174,0.29079390154459545
18177,951.1960447650456,1.0099229529240625
18178,2500.461983035364,1.2428474351877379
18179,1193.2062395107223,0.9774444673831324
18180,2668.952997941551,2.2816626773197104
18181,549.4593962009911,0.5718658110618589
18183,393.11957629218807,0.30203067294518504
18188,1615.1579613470653,0.783416120215476
18189,727.3035872146709,0.4023385406518823
18190,388.95131533908904,0.5415113013900006
18191,304.6650959294351,0.2714085554113431
18193,553.6895723204185,0.48855687304944917
18194,1710.3971318684387,0.7138470154956764
18196,742.1682839179396,0.5167320718468014
18198,4183.005639698958,3.514059908250121
18202,837.9637386211132,0.3616292923835253
18203,326.23803340962763,0.4460505352502098
18204,2016.346648609927,0.9288539252517907
18205,1296.1799615444247,1.05553716066229
18210,2133.9185674089345,1.354153209930295
18211,795.9697945892933,1.2366247011284641
18212,241.109581052419,0.21088530749918877
18214,14.638464386518386,0.010939404929880872
18215,878.1375461544761,0.6450587296623654
18217,596.3101855824364,0.6151283914987784
18218,521.875912258242,0.4619948580506773
18219,1466.6946114789623,1.7549710890065426
18220,770.8546292442682,0.6051916604008791
18221,1016.0289252764536,1.1438578751442359
18223,5284.012639557263,2.7072511438319253
18225,5340.43639145493,2.707649997790635
18226,5226.82309688007,2.988018045740787
18227,272.0783812765203,0.2937612655893561
18228,1301.4158380413758,0.9693614833395088
18229,4057.1948362345724,2.913414214287525
18230,2388.3458273757064,1.3314207651469419
18231,517.8026707966376,0.5011204192603469
18232,949.1702183210596,1.1650087310486401
18235,1815.399950635782,0.8660815739353641
18236,952.704191419263,1.306274742546148
18237,1545.8901210859344,1.9871324829202224
18239,792.6994862061118,0.6602109602342773
18241,1487.4666294271435,2.6487547569230134
18242,1566.031245408041,0.8116094921909603
18244,144.41083831184693,0.11801738899091783
18245,2910.055272124569,1.846116879378907
18246,512.2909083056775,0.41825914068497455
18247,288.02018001372363,0.22268758453367493
18248,709.5748844172365,0.557575065293707
18251,9531.834038536526,0.8942176200902655
18252,658.8424762740837,0.7938513828284485
18255,329.8769554492747,0.3503059687472791
18257,2052.612654443476,1.3247511409392645
18258,52.05792633679704,0.04449306040170412
18259,1649.065154501576,0.7891048337707297
18260,2113.0327864470046,1.2539808021124066
18261,856.7027475734823,0.9414230905230808
18262,388.10660094563696,0.40229937614203803
18263,1290.0062072497078,0.8233849259537311
18265,892.0531359537815,0.6979441405316319
18268,619.4025585792341,0.6588118443628154
18270,468.4829794425267,0.5501405191322066
18271,122.46031853544713,0.07572772022471287
18272,1902.7277691895436,1.1214943491299303
18273,325.4423985462348,0.5630277048718386
18275,133.43645032372606,0.09460692457031772
18276,772.9155262174194,0.6808006484095287
18277,733.5987771252511,0.6404459885298667
18278,411.50528727791715,0.3878445504895706
18280,278.4118318418658,0.25970288898306626
18281,248.95283473975473,0.27461181780166766
18282,764.9589390257421,0.8717033860880032
18283,1320.8795838200474,2.275625557216688
18286,331.4896182811735,0.14960156059604823
18287,1764.0241098478323,0.8369231919379775
