Customer ID,Segment_Code_2010,Segment_Code_2011,Segment_2010_Name,Segment_2011_Name
12346,2.0,3.0,At-Risk ,Loyal Customer
12347,0.0,1.0,Low-Value,High-Value Customer
12348,2.0,3.0,At-Risk ,Loyal Customer
12349,3.0,0.0,Loyal Customer,Low-Value
12350,,2.0,New Customer,At-Risk 
12351,0.0,,Low-Value,Lost Customer
12352,0.0,1.0,Low-Value,High-Value Customer
12353,0.0,2.0,Low-Value,At-Risk 
12354,,3.0,New Customer,Loyal Customer
12355,2.0,2.0,At-Risk ,At-Risk 
12356,1.0,1.0,High-Value Customer,High-Value Customer
12357,3.0,3.0,Loyal Customer,Loyal Customer
12358,1.0,0.0,High-Value Customer,Low-Value
12359,1.0,1.0,High-Value Customer,High-Value Customer
12360,1.0,3.0,High-Value Customer,Loyal Customer
12361,3.0,2.0,Loyal Customer,At-Risk 
12362,,1.0,New Customer,High-Value Customer
12363,,3.0,New Customer,Loyal Customer
12364,,1.0,New Customer,High-Value Customer
12365,,2.0,New Customer,At-Risk 
12366,2.0,,At-Risk ,Lost Customer
12367,,0.0,New Customer,Low-Value
12368,2.0,,At-Risk ,Lost Customer
12369,3.0,,Loyal Customer,Lost Customer
12370,3.0,1.0,Loyal Customer,High-Value Customer
12371,3.0,3.0,Loyal Customer,Loyal Customer
12372,,3.0,New Customer,Loyal Customer
12373,3.0,2.0,Loyal Customer,At-Risk 
12374,3.0,0.0,Loyal Customer,Low-Value
12375,,0.0,New Customer,Low-Value
12376,0.0,,Low-Value,Lost Customer
12377,0.0,3.0,Low-Value,Loyal Customer
12378,3.0,3.0,Loyal Customer,Loyal Customer
12379,3.0,3.0,Loyal Customer,Loyal Customer
12380,3.0,1.0,Loyal Customer,High-Value Customer
12381,,1.0,New Customer,High-Value Customer
12383,,3.0,New Customer,Loyal Customer
12384,,0.0,New Customer,Low-Value
12385,0.0,,Low-Value,Lost Customer
12386,,2.0,New Customer,At-Risk 
12387,2.0,,At-Risk ,Lost Customer
12388,3.0,1.0,Loyal Customer,High-Value Customer
12389,3.0,,Loyal Customer,Lost Customer
12390,,2.0,New Customer,At-Risk 
12391,3.0,0.0,Loyal Customer,Low-Value
12392,2.0,,At-Risk ,Lost Customer
12393,0.0,3.0,Low-Value,Loyal Customer
12394,,3.0,New Customer,Loyal Customer
12395,3.0,1.0,Loyal Customer,High-Value Customer
12396,2.0,,At-Risk ,Lost Customer
12397,,3.0,New Customer,Loyal Customer
12398,,3.0,New Customer,Loyal Customer
12399,0.0,3.0,Low-Value,Loyal Customer
12400,2.0,,At-Risk ,Lost Customer
12401,,2.0,New Customer,At-Risk 
12402,1.0,2.0,High-Value Customer,At-Risk 
12403,2.0,0.0,At-Risk ,Low-Value
12405,,3.0,New Customer,Loyal Customer
12406,1.0,1.0,High-Value Customer,High-Value Customer
12407,,1.0,New Customer,High-Value Customer
12408,1.0,1.0,High-Value Customer,High-Value Customer
12409,1.0,1.0,High-Value Customer,High-Value Customer
12410,2.0,3.0,At-Risk ,Loyal Customer
12411,0.0,,Low-Value,Lost Customer
12412,3.0,3.0,Loyal Customer,Loyal Customer
12413,0.0,3.0,Low-Value,Loyal Customer
12414,2.0,3.0,At-Risk ,Loyal Customer
12415,1.0,-1.0,High-Value Customer,TOP VIP
12416,2.0,,At-Risk ,Lost Customer
12417,1.0,1.0,High-Value Customer,High-Value Customer
12418,3.0,2.0,Loyal Customer,At-Risk 
12419,0.0,,Low-Value,Lost Customer
12420,,3.0,New Customer,Loyal Customer
12421,0.0,1.0,Low-Value,High-Value Customer
12422,1.0,3.0,High-Value Customer,Loyal Customer
12423,0.0,1.0,Low-Value,High-Value Customer
12424,3.0,3.0,Loyal Customer,Loyal Customer
12425,3.0,3.0,Loyal Customer,Loyal Customer
12426,2.0,2.0,At-Risk ,At-Risk 
12427,,0.0,New Customer,Low-Value
12428,,1.0,New Customer,High-Value Customer
12429,3.0,1.0,Loyal Customer,High-Value Customer
12430,,2.0,New Customer,At-Risk 
12431,1.0,-1.0,High-Value Customer,TOP VIP
12432,,1.0,New Customer,High-Value Customer
12433,1.0,1.0,High-Value Customer,High-Value Customer
12434,0.0,3.0,Low-Value,Loyal Customer
12435,1.0,3.0,High-Value Customer,Loyal Customer
12436,,2.0,New Customer,At-Risk 
12437,-1.0,-1.0,TOP VIP,TOP VIP
12438,,1.0,New Customer,High-Value Customer
12439,3.0,,Loyal Customer,Lost Customer
12440,3.0,,Loyal Customer,Lost Customer
12441,,2.0,New Customer,At-Risk 
12442,,0.0,New Customer,Low-Value
12443,2.0,,At-Risk ,Lost Customer
12444,,1.0,New Customer,High-Value Customer
12445,2.0,0.0,At-Risk ,Low-Value
12446,,3.0,New Customer,Loyal Customer
12447,,2.0,New Customer,At-Risk 
12448,,0.0,New Customer,Low-Value
12449,2.0,1.0,At-Risk ,High-Value Customer
12450,0.0,2.0,Low-Value,At-Risk 
12451,3.0,1.0,Loyal Customer,High-Value Customer
12452,,0.0,New Customer,Low-Value
12453,,3.0,New Customer,Loyal Customer
12454,1.0,3.0,High-Value Customer,Loyal Customer
12455,3.0,1.0,Loyal Customer,High-Value Customer
12456,,3.0,New Customer,Loyal Customer
12457,2.0,1.0,At-Risk ,High-Value Customer
12458,3.0,3.0,Loyal Customer,Loyal Customer
12459,2.0,,At-Risk ,Lost Customer
12460,2.0,,At-Risk ,Lost Customer
12461,,2.0,New Customer,At-Risk 
12462,,0.0,New Customer,Low-Value
12463,,3.0,New Customer,Loyal Customer
12464,,1.0,New Customer,High-Value Customer
12465,,0.0,New Customer,Low-Value
12467,2.0,,At-Risk ,Lost Customer
12468,3.0,3.0,Loyal Customer,Loyal Customer
12469,3.0,,Loyal Customer,Lost Customer
12470,2.0,,At-Risk ,Lost Customer
12471,-1.0,-1.0,TOP VIP,TOP VIP
12472,-1.0,1.0,TOP VIP,High-Value Customer
12473,,3.0,New Customer,Loyal Customer
12474,1.0,-1.0,High-Value Customer,TOP VIP
12475,0.0,3.0,Low-Value,Loyal Customer
12476,1.0,1.0,High-Value Customer,High-Value Customer
12477,1.0,1.0,High-Value Customer,High-Value Customer
12478,,0.0,New Customer,Low-Value
12479,,0.0,New Customer,Low-Value
12480,3.0,1.0,Loyal Customer,High-Value Customer
12481,1.0,1.0,High-Value Customer,High-Value Customer
12482,1.0,,High-Value Customer,Lost Customer
12483,1.0,1.0,High-Value Customer,High-Value Customer
12484,3.0,1.0,Loyal Customer,High-Value Customer
12485,2.0,,At-Risk ,Lost Customer
12486,0.0,,Low-Value,Lost Customer
12487,2.0,,At-Risk ,Lost Customer
12488,,1.0,New Customer,High-Value Customer
12489,,2.0,New Customer,At-Risk 
12490,1.0,1.0,High-Value Customer,High-Value Customer
12491,,0.0,New Customer,Low-Value
12492,0.0,2.0,Low-Value,At-Risk 
12493,,2.0,New Customer,At-Risk 
12494,0.0,1.0,Low-Value,High-Value Customer
12495,2.0,,At-Risk ,Lost Customer
12496,2.0,,At-Risk ,Lost Customer
12497,3.0,3.0,Loyal Customer,Loyal Customer
12498,,0.0,New Customer,Low-Value
12499,2.0,,At-Risk ,Lost Customer
12500,1.0,1.0,High-Value Customer,High-Value Customer
12501,,3.0,New Customer,Loyal Customer
12502,,1.0,New Customer,High-Value Customer
12503,2.0,,At-Risk ,Lost Customer
12504,0.0,0.0,Low-Value,Low-Value
12505,0.0,,Low-Value,Lost Customer
12506,,2.0,New Customer,At-Risk 
12507,2.0,3.0,At-Risk ,Loyal Customer
12508,,0.0,New Customer,Low-Value
12509,,2.0,New Customer,At-Risk 
12510,3.0,3.0,Loyal Customer,Loyal Customer
12511,3.0,,Loyal Customer,Lost Customer
12512,,2.0,New Customer,At-Risk 
12513,,2.0,New Customer,At-Risk 
12514,2.0,3.0,At-Risk ,Loyal Customer
12515,,2.0,New Customer,At-Risk 
12516,3.0,3.0,Loyal Customer,Loyal Customer
12517,,1.0,New Customer,High-Value Customer
12518,,1.0,New Customer,High-Value Customer
12519,2.0,2.0,At-Risk ,At-Risk 
12520,,1.0,New Customer,High-Value Customer
12521,,2.0,New Customer,At-Risk 
12522,,0.0,New Customer,Low-Value
12523,1.0,1.0,High-Value Customer,High-Value Customer
12524,1.0,1.0,High-Value Customer,High-Value Customer
12525,3.0,,Loyal Customer,Lost Customer
12526,,1.0,New Customer,High-Value Customer
12527,2.0,3.0,At-Risk ,Loyal Customer
12528,,1.0,New Customer,High-Value Customer
12529,2.0,,At-Risk ,Lost Customer
12530,1.0,3.0,High-Value Customer,Loyal Customer
12531,3.0,0.0,Loyal Customer,Low-Value
12532,,0.0,New Customer,Low-Value
12533,3.0,,Loyal Customer,Lost Customer
12534,,3.0,New Customer,Loyal Customer
12535,,3.0,New Customer,Loyal Customer
12536,,3.0,New Customer,Loyal Customer
12537,0.0,,Low-Value,Lost Customer
12538,0.0,0.0,Low-Value,Low-Value
12539,3.0,1.0,Loyal Customer,High-Value Customer
12540,-1.0,-1.0,TOP VIP,TOP VIP
12541,,3.0,New Customer,Loyal Customer
12542,3.0,,Loyal Customer,Lost Customer
12543,3.0,,Loyal Customer,Lost Customer
12544,,0.0,New Customer,Low-Value
12545,,3.0,New Customer,Loyal Customer
12546,,3.0,New Customer,Loyal Customer
12547,2.0,2.0,At-Risk ,At-Risk 
12548,,2.0,New Customer,At-Risk 
12549,3.0,,Loyal Customer,Lost Customer
12550,,3.0,New Customer,Loyal Customer
12551,,2.0,New Customer,At-Risk 
12552,,0.0,New Customer,Low-Value
12553,0.0,1.0,Low-Value,High-Value Customer
12554,2.0,,At-Risk ,Lost Customer
12556,,3.0,New Customer,Loyal Customer
12557,3.0,1.0,Loyal Customer,High-Value Customer
12558,,0.0,New Customer,Low-Value
12559,,3.0,New Customer,Loyal Customer
12560,,1.0,New Customer,High-Value Customer
12561,,2.0,New Customer,At-Risk 
12562,0.0,1.0,Low-Value,High-Value Customer
12563,0.0,,Low-Value,Lost Customer
12564,,2.0,New Customer,At-Risk 
12565,,2.0,New Customer,At-Risk 
12566,,2.0,New Customer,At-Risk 
12567,1.0,1.0,High-Value Customer,High-Value Customer
12568,2.0,,At-Risk ,Lost Customer
12569,,1.0,New Customer,High-Value Customer
12571,,0.0,New Customer,Low-Value
12572,,0.0,New Customer,Low-Value
12573,1.0,2.0,High-Value Customer,At-Risk 
12574,,2.0,New Customer,At-Risk 
12575,3.0,,Loyal Customer,Lost Customer
12576,0.0,1.0,Low-Value,High-Value Customer
12577,1.0,3.0,High-Value Customer,Loyal Customer
12578,0.0,3.0,Low-Value,Loyal Customer
12579,,2.0,New Customer,At-Risk 
12580,2.0,2.0,At-Risk ,At-Risk 
12581,,2.0,New Customer,At-Risk 
12582,3.0,2.0,Loyal Customer,At-Risk 
12583,-1.0,-1.0,TOP VIP,TOP VIP
12584,,1.0,New Customer,High-Value Customer
12585,,3.0,New Customer,Loyal Customer
12586,1.0,0.0,High-Value Customer,Low-Value
12587,,0.0,New Customer,Low-Value
12588,0.0,2.0,Low-Value,At-Risk 
12589,3.0,0.0,Loyal Customer,Low-Value
12590,,3.0,New Customer,Loyal Customer
12591,0.0,2.0,Low-Value,At-Risk 
12592,3.0,3.0,Loyal Customer,Loyal Customer
12593,,3.0,New Customer,Loyal Customer
12594,1.0,1.0,High-Value Customer,High-Value Customer
12595,2.0,,At-Risk ,Lost Customer
12596,,3.0,New Customer,Loyal Customer
12597,,1.0,New Customer,High-Value Customer
12598,3.0,1.0,Loyal Customer,High-Value Customer
12599,1.0,1.0,High-Value Customer,High-Value Customer
12600,1.0,1.0,High-Value Customer,High-Value Customer
12601,2.0,3.0,At-Risk ,Loyal Customer
12602,,2.0,New Customer,At-Risk 
12603,,0.0,New Customer,Low-Value
12604,,2.0,New Customer,At-Risk 
12605,1.0,,High-Value Customer,Lost Customer
12607,,3.0,New Customer,Loyal Customer
12608,0.0,,Low-Value,Lost Customer
12609,1.0,3.0,High-Value Customer,Loyal Customer
12610,,1.0,New Customer,High-Value Customer
12611,,3.0,New Customer,Loyal Customer
12612,,3.0,New Customer,Loyal Customer
12613,1.0,1.0,High-Value Customer,High-Value Customer
12614,,2.0,New Customer,At-Risk 
12615,1.0,1.0,High-Value Customer,High-Value Customer
12616,0.0,3.0,Low-Value,Loyal Customer
12617,,0.0,New Customer,Low-Value
12618,,0.0,New Customer,Low-Value
12619,2.0,1.0,At-Risk ,High-Value Customer
12620,,1.0,New Customer,High-Value Customer
12621,-1.0,-1.0,TOP VIP,TOP VIP
12622,,2.0,New Customer,At-Risk 
12623,1.0,2.0,High-Value Customer,At-Risk 
12624,,3.0,New Customer,Loyal Customer
12625,3.0,3.0,Loyal Customer,Loyal Customer
12626,,1.0,New Customer,High-Value Customer
12627,,1.0,New Customer,High-Value Customer
12628,,0.0,New Customer,Low-Value
12629,0.0,,Low-Value,Lost Customer
12630,,0.0,New Customer,Low-Value
12631,3.0,2.0,Loyal Customer,At-Risk 
12632,3.0,,Loyal Customer,Lost Customer
12633,1.0,3.0,High-Value Customer,Loyal Customer
12634,2.0,,At-Risk ,Lost Customer
12635,0.0,3.0,Low-Value,Loyal Customer
12637,1.0,1.0,High-Value Customer,High-Value Customer
12638,2.0,0.0,At-Risk ,Low-Value
12639,3.0,2.0,Loyal Customer,At-Risk 
12640,,3.0,New Customer,Loyal Customer
12641,,2.0,New Customer,At-Risk 
12642,,3.0,New Customer,Loyal Customer
12643,1.0,1.0,High-Value Customer,High-Value Customer
12644,3.0,2.0,Loyal Customer,At-Risk 
12645,3.0,1.0,Loyal Customer,High-Value Customer
12646,,0.0,New Customer,Low-Value
12647,-1.0,1.0,TOP VIP,High-Value Customer
12648,3.0,2.0,Loyal Customer,At-Risk 
12649,1.0,3.0,High-Value Customer,Loyal Customer
12650,,0.0,New Customer,Low-Value
12651,0.0,2.0,Low-Value,At-Risk 
12652,2.0,2.0,At-Risk ,At-Risk 
12653,3.0,3.0,Loyal Customer,Loyal Customer
12654,,1.0,New Customer,High-Value Customer
12655,2.0,,At-Risk ,Lost Customer
12656,3.0,1.0,Loyal Customer,High-Value Customer
12657,,1.0,New Customer,High-Value Customer
12658,,0.0,New Customer,Low-Value
12659,,2.0,New Customer,At-Risk 
12660,,0.0,New Customer,Low-Value
12661,2.0,,At-Risk ,Lost Customer
12662,1.0,1.0,High-Value Customer,High-Value Customer
12663,2.0,,At-Risk ,Lost Customer
12664,3.0,1.0,Loyal Customer,High-Value Customer
12665,0.0,2.0,Low-Value,At-Risk 
12666,0.0,,Low-Value,Lost Customer
12667,,2.0,New Customer,At-Risk 
12668,1.0,1.0,High-Value Customer,High-Value Customer
12669,,3.0,New Customer,Loyal Customer
12670,0.0,1.0,Low-Value,High-Value Customer
12671,3.0,,Loyal Customer,Lost Customer
12672,2.0,2.0,At-Risk ,At-Risk 
12673,0.0,0.0,Low-Value,Low-Value
12674,,1.0,New Customer,High-Value Customer
12675,3.0,,Loyal Customer,Lost Customer
12676,3.0,1.0,Loyal Customer,High-Value Customer
12677,2.0,,At-Risk ,Lost Customer
12678,1.0,1.0,High-Value Customer,High-Value Customer
12679,,3.0,New Customer,Loyal Customer
12680,,1.0,New Customer,High-Value Customer
12681,-1.0,-1.0,TOP VIP,TOP VIP
12682,-1.0,-1.0,TOP VIP,TOP VIP
12683,3.0,-1.0,Loyal Customer,TOP VIP
12684,,1.0,New Customer,High-Value Customer
12685,,1.0,New Customer,High-Value Customer
12686,,2.0,New Customer,At-Risk 
12687,3.0,,Loyal Customer,Lost Customer
12688,,3.0,New Customer,Loyal Customer
12689,,3.0,New Customer,Loyal Customer
12690,,2.0,New Customer,At-Risk 
12691,2.0,1.0,At-Risk ,High-Value Customer
12692,2.0,,At-Risk ,Lost Customer
12693,3.0,3.0,Loyal Customer,Loyal Customer
12694,0.0,3.0,Low-Value,Loyal Customer
12695,3.0,1.0,Loyal Customer,High-Value Customer
12696,3.0,,Loyal Customer,Lost Customer
12697,,3.0,New Customer,Loyal Customer
12698,2.0,,At-Risk ,Lost Customer
12699,0.0,,Low-Value,Lost Customer
12700,,1.0,New Customer,High-Value Customer
12701,3.0,3.0,Loyal Customer,Loyal Customer
12702,,0.0,New Customer,Low-Value
12703,3.0,2.0,Loyal Customer,At-Risk 
12704,,1.0,New Customer,High-Value Customer
12705,1.0,1.0,High-Value Customer,High-Value Customer
12707,,2.0,New Customer,At-Risk 
12708,1.0,1.0,High-Value Customer,High-Value Customer
12709,-1.0,-1.0,TOP VIP,TOP VIP
12710,,3.0,New Customer,Loyal Customer
12711,3.0,,Loyal Customer,Lost Customer
12712,1.0,-1.0,High-Value Customer,TOP VIP
12713,,0.0,New Customer,Low-Value
12714,1.0,1.0,High-Value Customer,High-Value Customer
12715,,2.0,New Customer,At-Risk 
12716,,0.0,New Customer,Low-Value
12717,2.0,3.0,At-Risk ,Loyal Customer
12718,,2.0,New Customer,At-Risk 
12719,,0.0,New Customer,Low-Value
12720,3.0,-1.0,Loyal Customer,TOP VIP
12721,0.0,1.0,Low-Value,High-Value Customer
12722,,3.0,New Customer,Loyal Customer
12723,,1.0,New Customer,High-Value Customer
12724,1.0,1.0,High-Value Customer,High-Value Customer
12725,3.0,2.0,Loyal Customer,At-Risk 
12726,1.0,1.0,High-Value Customer,High-Value Customer
12727,3.0,1.0,Loyal Customer,High-Value Customer
12728,0.0,3.0,Low-Value,Loyal Customer
12729,,2.0,New Customer,At-Risk 
12730,2.0,,At-Risk ,Lost Customer
12731,1.0,-1.0,High-Value Customer,TOP VIP
12732,,2.0,New Customer,At-Risk 
12733,1.0,2.0,High-Value Customer,At-Risk 
12734,0.0,2.0,Low-Value,At-Risk 
12735,,3.0,New Customer,Loyal Customer
12736,,2.0,New Customer,At-Risk 
12738,,2.0,New Customer,At-Risk 
12739,0.0,3.0,Low-Value,Loyal Customer
12740,,2.0,New Customer,At-Risk 
12741,2.0,,At-Risk ,Lost Customer
12742,3.0,,Loyal Customer,Lost Customer
12743,,3.0,New Customer,Loyal Customer
12744,3.0,1.0,Loyal Customer,High-Value Customer
12745,3.0,,Loyal Customer,Lost Customer
12746,2.0,,At-Risk ,Lost Customer
12747,-1.0,1.0,TOP VIP,High-Value Customer
12748,-1.0,-1.0,TOP VIP,TOP VIP
12749,1.0,1.0,High-Value Customer,High-Value Customer
12750,,2.0,New Customer,At-Risk 
12751,2.0,,At-Risk ,Lost Customer
12752,,3.0,New Customer,Loyal Customer
12753,,1.0,New Customer,High-Value Customer
12754,,3.0,New Customer,Loyal Customer
12755,1.0,3.0,High-Value Customer,Loyal Customer
12756,,2.0,New Customer,At-Risk 
12757,,1.0,New Customer,High-Value Customer
12758,3.0,3.0,Loyal Customer,Loyal Customer
12759,1.0,3.0,High-Value Customer,Loyal Customer
12760,2.0,,At-Risk ,Lost Customer
12761,2.0,,At-Risk ,Lost Customer
12762,,1.0,New Customer,High-Value Customer
12763,,3.0,New Customer,Loyal Customer
12764,,3.0,New Customer,Loyal Customer
12765,3.0,,Loyal Customer,Lost Customer
12766,0.0,1.0,Low-Value,High-Value Customer
12767,0.0,,Low-Value,Lost Customer
12768,2.0,,At-Risk ,Lost Customer
12769,,3.0,New Customer,Loyal Customer
12770,3.0,3.0,Loyal Customer,Loyal Customer
12771,2.0,,At-Risk ,Lost Customer
12772,,3.0,New Customer,Loyal Customer
12773,2.0,,At-Risk ,Lost Customer
12774,2.0,,At-Risk ,Lost Customer
12775,0.0,1.0,Low-Value,High-Value Customer
12776,2.0,,At-Risk ,Lost Customer
12777,2.0,,At-Risk ,Lost Customer
12778,3.0,1.0,Loyal Customer,High-Value Customer
12779,1.0,1.0,High-Value Customer,High-Value Customer
12780,2.0,,At-Risk ,Lost Customer
12781,,3.0,New Customer,Loyal Customer
12782,1.0,1.0,High-Value Customer,High-Value Customer
12783,,1.0,New Customer,High-Value Customer
12784,3.0,0.0,Loyal Customer,Low-Value
12785,3.0,2.0,Loyal Customer,At-Risk 
12786,2.0,,At-Risk ,Lost Customer
12787,0.0,0.0,Low-Value,Low-Value
12788,3.0,,Loyal Customer,Lost Customer
12789,2.0,2.0,At-Risk ,At-Risk 
12790,0.0,2.0,Low-Value,At-Risk 
12791,0.0,2.0,Low-Value,At-Risk 
12792,2.0,2.0,At-Risk ,At-Risk 
12793,0.0,2.0,Low-Value,At-Risk 
12794,,3.0,New Customer,Loyal Customer
12795,,0.0,New Customer,Low-Value
12796,2.0,,At-Risk ,Lost Customer
12797,2.0,2.0,At-Risk ,At-Risk 
12798,3.0,1.0,Loyal Customer,High-Value Customer
12799,2.0,,At-Risk ,Lost Customer
12800,3.0,,Loyal Customer,Lost Customer
12801,2.0,,At-Risk ,Lost Customer
12802,3.0,2.0,Loyal Customer,At-Risk 
12803,0.0,,Low-Value,Lost Customer
12804,2.0,,At-Risk ,Lost Customer
12805,1.0,,High-Value Customer,Lost Customer
12806,3.0,,Loyal Customer,Lost Customer
12807,0.0,,Low-Value,Lost Customer
12808,2.0,3.0,At-Risk ,Loyal Customer
12809,3.0,2.0,Loyal Customer,At-Risk 
12810,3.0,,Loyal Customer,Lost Customer
12811,0.0,3.0,Low-Value,Loyal Customer
12812,,2.0,New Customer,At-Risk 
12813,3.0,,Loyal Customer,Lost Customer
12814,,2.0,New Customer,At-Risk 
12815,,3.0,New Customer,Loyal Customer
12816,,3.0,New Customer,Loyal Customer
12817,0.0,2.0,Low-Value,At-Risk 
12818,,3.0,New Customer,Loyal Customer
12819,2.0,,At-Risk ,Lost Customer
12820,1.0,1.0,High-Value Customer,High-Value Customer
12821,2.0,2.0,At-Risk ,At-Risk 
12822,,3.0,New Customer,Loyal Customer
12823,-1.0,1.0,TOP VIP,High-Value Customer
12824,,2.0,New Customer,At-Risk 
12825,3.0,,Loyal Customer,Lost Customer
12826,1.0,1.0,High-Value Customer,High-Value Customer
12827,,0.0,New Customer,Low-Value
12828,,1.0,New Customer,High-Value Customer
12829,2.0,2.0,At-Risk ,At-Risk 
12830,,1.0,New Customer,High-Value Customer
12831,2.0,2.0,At-Risk ,At-Risk 
12832,,0.0,New Customer,Low-Value
12833,,2.0,New Customer,At-Risk 
12834,,2.0,New Customer,At-Risk 
12835,-1.0,,TOP VIP,Lost Customer
12836,1.0,1.0,High-Value Customer,High-Value Customer
12837,2.0,2.0,At-Risk ,At-Risk 
12838,1.0,3.0,High-Value Customer,Loyal Customer
12839,-1.0,-1.0,TOP VIP,TOP VIP
12840,3.0,3.0,Loyal Customer,Loyal Customer
12841,1.0,-1.0,High-Value Customer,TOP VIP
12842,0.0,3.0,Low-Value,Loyal Customer
12843,-1.0,1.0,TOP VIP,High-Value Customer
12844,2.0,0.0,At-Risk ,Low-Value
12845,,3.0,New Customer,Loyal Customer
12847,0.0,0.0,Low-Value,Low-Value
12848,2.0,,At-Risk ,Lost Customer
12849,1.0,3.0,High-Value Customer,Loyal Customer
12850,2.0,,At-Risk ,Lost Customer
12851,2.0,2.0,At-Risk ,At-Risk 
12852,,2.0,New Customer,At-Risk 
12853,3.0,3.0,Loyal Customer,Loyal Customer
12854,3.0,3.0,Loyal Customer,Loyal Customer
12855,0.0,2.0,Low-Value,At-Risk 
12856,,1.0,New Customer,High-Value Customer
12857,3.0,3.0,Loyal Customer,Loyal Customer
12858,0.0,,Low-Value,Lost Customer
12859,2.0,,At-Risk ,Lost Customer
12860,2.0,,At-Risk ,Lost Customer
12861,2.0,,At-Risk ,Lost Customer
12862,3.0,,Loyal Customer,Lost Customer
12863,1.0,0.0,High-Value Customer,Low-Value
12864,2.0,2.0,At-Risk ,At-Risk 
12865,0.0,3.0,Low-Value,Loyal Customer
12866,3.0,2.0,Loyal Customer,At-Risk 
12867,1.0,1.0,High-Value Customer,High-Value Customer
12868,0.0,3.0,Low-Value,Loyal Customer
12869,2.0,,At-Risk ,Lost Customer
12870,1.0,,High-Value Customer,Lost Customer
12871,2.0,3.0,At-Risk ,Loyal Customer
12872,1.0,3.0,High-Value Customer,Loyal Customer
12873,3.0,2.0,Loyal Customer,At-Risk 
12874,0.0,,Low-Value,Lost Customer
12875,3.0,2.0,Loyal Customer,At-Risk 
12876,3.0,3.0,Loyal Customer,Loyal Customer
12877,1.0,1.0,High-Value Customer,High-Value Customer
12878,,3.0,New Customer,Loyal Customer
12879,,3.0,New Customer,Loyal Customer
12880,0.0,,Low-Value,Lost Customer
12881,,2.0,New Customer,At-Risk 
12882,,0.0,New Customer,Low-Value
12883,,1.0,New Customer,High-Value Customer
12884,,2.0,New Customer,At-Risk 
12885,,3.0,New Customer,Loyal Customer
12886,,3.0,New Customer,Loyal Customer
12887,0.0,,Low-Value,Lost Customer
12888,,2.0,New Customer,At-Risk 
12889,0.0,,Low-Value,Lost Customer
12890,0.0,0.0,Low-Value,Low-Value
12891,3.0,3.0,Loyal Customer,Loyal Customer
12892,0.0,,Low-Value,Lost Customer
12893,,0.0,New Customer,Low-Value
12894,2.0,,At-Risk ,Lost Customer
12895,,0.0,New Customer,Low-Value
12897,0.0,2.0,Low-Value,At-Risk 
12898,2.0,,At-Risk ,Lost Customer
12899,0.0,,Low-Value,Lost Customer
12900,2.0,,At-Risk ,Lost Customer
12901,,-1.0,New Customer,TOP VIP
12902,,2.0,New Customer,At-Risk 
12903,0.0,,Low-Value,Lost Customer
12904,,0.0,New Customer,Low-Value
12905,3.0,,Loyal Customer,Lost Customer
12906,,1.0,New Customer,High-Value Customer
12907,0.0,,Low-Value,Lost Customer
12908,1.0,3.0,High-Value Customer,Loyal Customer
12909,3.0,1.0,Loyal Customer,High-Value Customer
12910,1.0,1.0,High-Value Customer,High-Value Customer
12911,3.0,,Loyal Customer,Lost Customer
12912,,1.0,New Customer,High-Value Customer
12913,1.0,1.0,High-Value Customer,High-Value Customer
12914,0.0,,Low-Value,Lost Customer
12915,3.0,2.0,Loyal Customer,At-Risk 
12916,3.0,3.0,Loyal Customer,Loyal Customer
12917,1.0,2.0,High-Value Customer,At-Risk 
12919,,1.0,New Customer,High-Value Customer
12920,2.0,0.0,At-Risk ,Low-Value
12921,-1.0,-1.0,TOP VIP,TOP VIP
12922,,2.0,New Customer,At-Risk 
12923,0.0,2.0,Low-Value,At-Risk 
12924,1.0,3.0,High-Value Customer,Loyal Customer
12925,2.0,0.0,At-Risk ,Low-Value
12926,3.0,,Loyal Customer,Lost Customer
12927,0.0,,Low-Value,Lost Customer
12928,1.0,1.0,High-Value Customer,High-Value Customer
12929,,2.0,New Customer,At-Risk 
12930,,3.0,New Customer,Loyal Customer
12931,-1.0,-1.0,TOP VIP,TOP VIP
12932,3.0,,Loyal Customer,Lost Customer
12933,1.0,0.0,High-Value Customer,Low-Value
12934,2.0,,At-Risk ,Lost Customer
12935,1.0,1.0,High-Value Customer,High-Value Customer
12936,,1.0,New Customer,High-Value Customer
12937,3.0,1.0,Loyal Customer,High-Value Customer
12938,,0.0,New Customer,Low-Value
12939,-1.0,1.0,TOP VIP,High-Value Customer
12940,,3.0,New Customer,Loyal Customer
12941,2.0,,At-Risk ,Lost Customer
12942,,3.0,New Customer,Loyal Customer
12943,2.0,,At-Risk ,Lost Customer
12944,,0.0,New Customer,Low-Value
12945,2.0,2.0,At-Risk ,At-Risk 
12946,2.0,,At-Risk ,Lost Customer
12947,,3.0,New Customer,Loyal Customer
12948,2.0,1.0,At-Risk ,High-Value Customer
12949,-1.0,1.0,TOP VIP,High-Value Customer
12950,,1.0,New Customer,High-Value Customer
12951,1.0,1.0,High-Value Customer,High-Value Customer
12952,,1.0,New Customer,High-Value Customer
12953,2.0,0.0,At-Risk ,Low-Value
12954,2.0,,At-Risk ,Lost Customer
12955,,1.0,New Customer,High-Value Customer
12956,3.0,2.0,Loyal Customer,At-Risk 
12957,3.0,1.0,Loyal Customer,High-Value Customer
12958,0.0,,Low-Value,Lost Customer
12959,2.0,,At-Risk ,Lost Customer
12960,3.0,,Loyal Customer,Lost Customer
12961,0.0,,Low-Value,Lost Customer
12962,,0.0,New Customer,Low-Value
12963,3.0,1.0,Loyal Customer,High-Value Customer
12964,2.0,,At-Risk ,Lost Customer
12965,,3.0,New Customer,Loyal Customer
12966,,0.0,New Customer,Low-Value
12967,0.0,3.0,Low-Value,Loyal Customer
12968,,2.0,New Customer,At-Risk 
12969,2.0,,At-Risk ,Lost Customer
12970,1.0,0.0,High-Value Customer,Low-Value
12971,-1.0,-1.0,TOP VIP,TOP VIP
12972,3.0,,Loyal Customer,Lost Customer
12973,0.0,,Low-Value,Lost Customer
12974,2.0,2.0,At-Risk ,At-Risk 
12975,1.0,,High-Value Customer,Lost Customer
12976,1.0,2.0,High-Value Customer,At-Risk 
12977,3.0,2.0,Loyal Customer,At-Risk 
12978,1.0,,High-Value Customer,Lost Customer
12979,2.0,,At-Risk ,Lost Customer
12980,-1.0,1.0,TOP VIP,High-Value Customer
12981,,0.0,New Customer,Low-Value
12982,1.0,2.0,High-Value Customer,At-Risk 
12983,2.0,,At-Risk ,Lost Customer
12984,,0.0,New Customer,Low-Value
12985,,0.0,New Customer,Low-Value
12986,1.0,,High-Value Customer,Lost Customer
12987,3.0,3.0,Loyal Customer,Loyal Customer
12988,,2.0,New Customer,At-Risk 
12989,-1.0,-1.0,TOP VIP,TOP VIP
12990,3.0,0.0,Loyal Customer,Low-Value
12991,0.0,0.0,Low-Value,Low-Value
12992,2.0,,At-Risk ,Lost Customer
12993,3.0,0.0,Loyal Customer,Low-Value
12994,,1.0,New Customer,High-Value Customer
12995,,2.0,New Customer,At-Risk 
12996,0.0,,Low-Value,Lost Customer
12997,1.0,1.0,High-Value Customer,High-Value Customer
12998,3.0,,Loyal Customer,Lost Customer
12999,,3.0,New Customer,Loyal Customer
13000,2.0,3.0,At-Risk ,Loyal Customer
13001,-1.0,-1.0,TOP VIP,TOP VIP
13002,0.0,2.0,Low-Value,At-Risk 
13003,,2.0,New Customer,At-Risk 
13004,-1.0,-1.0,TOP VIP,TOP VIP
13005,3.0,3.0,Loyal Customer,Loyal Customer
13006,,2.0,New Customer,At-Risk 
13007,2.0,,At-Risk ,Lost Customer
13008,0.0,2.0,Low-Value,At-Risk 
13009,2.0,,At-Risk ,Lost Customer
13010,0.0,,Low-Value,Lost Customer
13011,,2.0,New Customer,At-Risk 
13012,3.0,1.0,Loyal Customer,High-Value Customer
13013,-1.0,-1.0,TOP VIP,TOP VIP
13014,3.0,1.0,Loyal Customer,High-Value Customer
13015,1.0,1.0,High-Value Customer,High-Value Customer
13016,,3.0,New Customer,Loyal Customer
13017,,0.0,New Customer,Low-Value
13018,1.0,-1.0,High-Value Customer,TOP VIP
13019,1.0,,High-Value Customer,Lost Customer
13020,3.0,,Loyal Customer,Lost Customer
13021,1.0,1.0,High-Value Customer,High-Value Customer
13022,2.0,,At-Risk ,Lost Customer
13023,2.0,3.0,At-Risk ,Loyal Customer
13024,3.0,,Loyal Customer,Lost Customer
13025,2.0,,At-Risk ,Lost Customer
13026,3.0,1.0,Loyal Customer,High-Value Customer
13027,-1.0,1.0,TOP VIP,High-Value Customer
13028,,0.0,New Customer,Low-Value
13029,0.0,3.0,Low-Value,Loyal Customer
13030,,0.0,New Customer,Low-Value
13031,1.0,,High-Value Customer,Lost Customer
13032,1.0,3.0,High-Value Customer,Loyal Customer
13033,2.0,2.0,At-Risk ,At-Risk 
13034,0.0,3.0,Low-Value,Loyal Customer
13035,2.0,3.0,At-Risk ,Loyal Customer
13036,2.0,,At-Risk ,Lost Customer
13037,1.0,3.0,High-Value Customer,Loyal Customer
13038,,3.0,New Customer,Loyal Customer
13039,3.0,,Loyal Customer,Lost Customer
13040,,0.0,New Customer,Low-Value
13041,3.0,,Loyal Customer,Lost Customer
13042,3.0,,Loyal Customer,Lost Customer
13043,,2.0,New Customer,At-Risk 
13044,1.0,2.0,High-Value Customer,At-Risk 
13045,0.0,2.0,Low-Value,At-Risk 
13046,2.0,0.0,At-Risk ,Low-Value
13047,-1.0,1.0,TOP VIP,High-Value Customer
13048,3.0,1.0,Loyal Customer,High-Value Customer
13049,0.0,3.0,Low-Value,Loyal Customer
13050,-1.0,-1.0,TOP VIP,TOP VIP
13051,2.0,,At-Risk ,Lost Customer
13052,1.0,2.0,High-Value Customer,At-Risk 
13053,2.0,,At-Risk ,Lost Customer
13055,3.0,3.0,Loyal Customer,Loyal Customer
13056,2.0,,At-Risk ,Lost Customer
13057,3.0,,Loyal Customer,Lost Customer
13058,,0.0,New Customer,Low-Value
13059,1.0,2.0,High-Value Customer,At-Risk 
13060,,2.0,New Customer,At-Risk 
13061,,2.0,New Customer,At-Risk 
13062,,2.0,New Customer,At-Risk 
13063,2.0,,At-Risk ,Lost Customer
13064,3.0,1.0,Loyal Customer,High-Value Customer
13065,1.0,2.0,High-Value Customer,At-Risk 
13066,,0.0,New Customer,Low-Value
13067,0.0,2.0,Low-Value,At-Risk 
13068,,0.0,New Customer,Low-Value
13069,-1.0,-1.0,TOP VIP,TOP VIP
13070,3.0,2.0,Loyal Customer,At-Risk 
13071,2.0,,At-Risk ,Lost Customer
13072,,2.0,New Customer,At-Risk 
13073,0.0,,Low-Value,Lost Customer
13074,3.0,,Loyal Customer,Lost Customer
13075,,3.0,New Customer,Loyal Customer
13076,2.0,,At-Risk ,Lost Customer
13077,1.0,1.0,High-Value Customer,High-Value Customer
13078,-1.0,-1.0,TOP VIP,TOP VIP
13079,2.0,0.0,At-Risk ,Low-Value
13080,0.0,2.0,Low-Value,At-Risk 
13081,-1.0,1.0,TOP VIP,High-Value Customer
13082,-1.0,1.0,TOP VIP,High-Value Customer
13083,2.0,0.0,At-Risk ,Low-Value
13084,2.0,,At-Risk ,Lost Customer
13085,3.0,3.0,Loyal Customer,Loyal Customer
13086,0.0,,Low-Value,Lost Customer
13087,2.0,,At-Risk ,Lost Customer
13088,2.0,,At-Risk ,Lost Customer
13089,-1.0,-1.0,TOP VIP,TOP VIP
13090,1.0,-1.0,High-Value Customer,TOP VIP
13091,2.0,0.0,At-Risk ,Low-Value
13092,1.0,3.0,High-Value Customer,Loyal Customer
13093,-1.0,1.0,TOP VIP,High-Value Customer
13094,0.0,1.0,Low-Value,High-Value Customer
13095,,2.0,New Customer,At-Risk 
13096,0.0,,Low-Value,Lost Customer
13097,-1.0,1.0,TOP VIP,High-Value Customer
13098,,-1.0,New Customer,TOP VIP
13099,,2.0,New Customer,At-Risk 
13101,3.0,2.0,Loyal Customer,At-Risk 
13102,-1.0,-1.0,TOP VIP,TOP VIP
13103,3.0,0.0,Loyal Customer,Low-Value
13104,3.0,1.0,Loyal Customer,High-Value Customer
13105,2.0,,At-Risk ,Lost Customer
13106,0.0,2.0,Low-Value,At-Risk 
13107,1.0,1.0,High-Value Customer,High-Value Customer
13108,2.0,2.0,At-Risk ,At-Risk 
13109,2.0,3.0,At-Risk ,Loyal Customer
13110,3.0,1.0,Loyal Customer,High-Value Customer
13111,2.0,,At-Risk ,Lost Customer
13112,2.0,,At-Risk ,Lost Customer
13113,-1.0,-1.0,TOP VIP,TOP VIP
13114,2.0,,At-Risk ,Lost Customer
13115,1.0,1.0,High-Value Customer,High-Value Customer
13116,,2.0,New Customer,At-Risk 
13117,1.0,1.0,High-Value Customer,High-Value Customer
13118,1.0,1.0,High-Value Customer,High-Value Customer
13119,2.0,,At-Risk ,Lost Customer
13120,,2.0,New Customer,At-Risk 
13121,,2.0,New Customer,At-Risk 
13122,,3.0,New Customer,Loyal Customer
13123,3.0,,Loyal Customer,Lost Customer
13124,0.0,3.0,Low-Value,Loyal Customer
13125,2.0,,At-Risk ,Lost Customer
13126,1.0,1.0,High-Value Customer,High-Value Customer
13127,,2.0,New Customer,At-Risk 
13128,2.0,,At-Risk ,Lost Customer
13129,2.0,,At-Risk ,Lost Customer
13130,,2.0,New Customer,At-Risk 
13131,3.0,1.0,Loyal Customer,High-Value Customer
13132,,2.0,New Customer,At-Risk 
13133,2.0,2.0,At-Risk ,At-Risk 
13134,0.0,3.0,Low-Value,Loyal Customer
13135,2.0,3.0,At-Risk ,Loyal Customer
13136,1.0,1.0,High-Value Customer,High-Value Customer
13137,1.0,1.0,High-Value Customer,High-Value Customer
13138,0.0,1.0,Low-Value,High-Value Customer
13139,3.0,1.0,Loyal Customer,High-Value Customer
13140,3.0,3.0,Loyal Customer,Loyal Customer
13141,-1.0,1.0,TOP VIP,High-Value Customer
13142,,0.0,New Customer,Low-Value
13143,2.0,,At-Risk ,Lost Customer
13144,2.0,2.0,At-Risk ,At-Risk 
13145,3.0,3.0,Loyal Customer,Loyal Customer
13146,,0.0,New Customer,Low-Value
13147,,1.0,New Customer,High-Value Customer
13148,-1.0,-1.0,TOP VIP,TOP VIP
13149,,1.0,New Customer,High-Value Customer
13150,3.0,,Loyal Customer,Lost Customer
13151,3.0,3.0,Loyal Customer,Loyal Customer
13152,1.0,,High-Value Customer,Lost Customer
13153,,0.0,New Customer,Low-Value
13154,3.0,,Loyal Customer,Lost Customer
13155,0.0,1.0,Low-Value,High-Value Customer
13156,1.0,,High-Value Customer,Lost Customer
13157,1.0,1.0,High-Value Customer,High-Value Customer
13158,0.0,3.0,Low-Value,Loyal Customer
13159,,1.0,New Customer,High-Value Customer
13160,,0.0,New Customer,Low-Value
13161,2.0,2.0,At-Risk ,At-Risk 
13162,-1.0,3.0,TOP VIP,Loyal Customer
13163,2.0,,At-Risk ,Lost Customer
13164,2.0,,At-Risk ,Lost Customer
13165,0.0,3.0,Low-Value,Loyal Customer
13166,0.0,2.0,Low-Value,At-Risk 
13167,0.0,1.0,Low-Value,High-Value Customer
13168,2.0,1.0,At-Risk ,High-Value Customer
13169,2.0,3.0,At-Risk ,Loyal Customer
13170,,0.0,New Customer,Low-Value
13171,,0.0,New Customer,Low-Value
13172,2.0,,At-Risk ,Lost Customer
13173,1.0,0.0,High-Value Customer,Low-Value
13174,1.0,1.0,High-Value Customer,High-Value Customer
13175,3.0,,Loyal Customer,Lost Customer
13176,,0.0,New Customer,Low-Value
13177,2.0,2.0,At-Risk ,At-Risk 
13178,1.0,1.0,High-Value Customer,High-Value Customer
13179,2.0,,At-Risk ,Lost Customer
13180,2.0,,At-Risk ,Lost Customer
13181,0.0,,Low-Value,Lost Customer
13182,,2.0,New Customer,At-Risk 
13183,1.0,1.0,High-Value Customer,High-Value Customer
13184,,1.0,New Customer,High-Value Customer
13185,,2.0,New Customer,At-Risk 
13186,,3.0,New Customer,Loyal Customer
13187,2.0,2.0,At-Risk ,At-Risk 
13188,,0.0,New Customer,Low-Value
13189,,0.0,New Customer,Low-Value
13190,3.0,,Loyal Customer,Lost Customer
13191,2.0,,At-Risk ,Lost Customer
13192,3.0,3.0,Loyal Customer,Loyal Customer
13193,,2.0,New Customer,At-Risk 
13194,0.0,2.0,Low-Value,At-Risk 
13195,2.0,,At-Risk ,Lost Customer
13196,3.0,1.0,Loyal Customer,High-Value Customer
13197,2.0,,At-Risk ,Lost Customer
13198,0.0,1.0,Low-Value,High-Value Customer
13199,-1.0,-1.0,TOP VIP,TOP VIP
13200,,1.0,New Customer,High-Value Customer
13201,3.0,,Loyal Customer,Lost Customer
13202,1.0,,High-Value Customer,Lost Customer
13203,1.0,1.0,High-Value Customer,High-Value Customer
13204,2.0,,At-Risk ,Lost Customer
13205,3.0,,Loyal Customer,Lost Customer
13206,-1.0,,TOP VIP,Lost Customer
13207,2.0,0.0,At-Risk ,Low-Value
13208,3.0,1.0,Loyal Customer,High-Value Customer
13209,3.0,1.0,Loyal Customer,High-Value Customer
13210,,2.0,New Customer,At-Risk 
13211,1.0,1.0,High-Value Customer,High-Value Customer
13212,,0.0,New Customer,Low-Value
13213,1.0,1.0,High-Value Customer,High-Value Customer
13214,1.0,,High-Value Customer,Lost Customer
13215,2.0,,At-Risk ,Lost Customer
13216,,2.0,New Customer,At-Risk 
13217,2.0,3.0,At-Risk ,Loyal Customer
13218,,2.0,New Customer,At-Risk 
13219,2.0,,At-Risk ,Lost Customer
13220,2.0,3.0,At-Risk ,Loyal Customer
13221,,3.0,New Customer,Loyal Customer
13222,2.0,,At-Risk ,Lost Customer
13223,3.0,2.0,Loyal Customer,At-Risk 
13224,,3.0,New Customer,Loyal Customer
13225,1.0,1.0,High-Value Customer,High-Value Customer
13226,0.0,2.0,Low-Value,At-Risk 
13227,,2.0,New Customer,At-Risk 
13228,,2.0,New Customer,At-Risk 
13229,,2.0,New Customer,At-Risk 
13230,1.0,1.0,High-Value Customer,High-Value Customer
13232,,1.0,New Customer,High-Value Customer
13233,3.0,3.0,Loyal Customer,Loyal Customer
13234,2.0,,At-Risk ,Lost Customer
13235,,3.0,New Customer,Loyal Customer
13236,,0.0,New Customer,Low-Value
13237,0.0,,Low-Value,Lost Customer
13238,2.0,1.0,At-Risk ,High-Value Customer
13239,3.0,2.0,Loyal Customer,At-Risk 
13240,3.0,3.0,Loyal Customer,Loyal Customer
13241,2.0,,At-Risk ,Lost Customer
13242,3.0,3.0,Loyal Customer,Loyal Customer
13243,3.0,2.0,Loyal Customer,At-Risk 
13244,,2.0,New Customer,At-Risk 
13245,2.0,0.0,At-Risk ,Low-Value
13246,1.0,1.0,High-Value Customer,High-Value Customer
13247,,1.0,New Customer,High-Value Customer
13248,,3.0,New Customer,Loyal Customer
13249,1.0,3.0,High-Value Customer,Loyal Customer
13250,2.0,,At-Risk ,Lost Customer
13251,0.0,,Low-Value,Lost Customer
13252,0.0,,Low-Value,Lost Customer
13253,3.0,3.0,Loyal Customer,Loyal Customer
13254,0.0,,Low-Value,Lost Customer
13255,2.0,0.0,At-Risk ,Low-Value
13257,2.0,,At-Risk ,Lost Customer
13258,0.0,0.0,Low-Value,Low-Value
13259,1.0,2.0,High-Value Customer,At-Risk 
13260,,2.0,New Customer,At-Risk 
13261,,3.0,New Customer,Loyal Customer
13262,0.0,2.0,Low-Value,At-Risk 
13263,1.0,-1.0,High-Value Customer,TOP VIP
13264,2.0,,At-Risk ,Lost Customer
13265,,1.0,New Customer,High-Value Customer
13266,1.0,-1.0,High-Value Customer,TOP VIP
13267,-1.0,-1.0,TOP VIP,TOP VIP
13268,,1.0,New Customer,High-Value Customer
13269,1.0,-1.0,High-Value Customer,TOP VIP
13270,,2.0,New Customer,At-Risk 
13271,,0.0,New Customer,Low-Value
13272,,0.0,New Customer,Low-Value
13273,,2.0,New Customer,At-Risk 
13274,0.0,,Low-Value,Lost Customer
13275,0.0,,Low-Value,Lost Customer
13276,3.0,3.0,Loyal Customer,Loyal Customer
13277,0.0,0.0,Low-Value,Low-Value
13278,3.0,0.0,Loyal Customer,Low-Value
13279,,2.0,New Customer,At-Risk 
13280,1.0,3.0,High-Value Customer,Loyal Customer
13281,2.0,,At-Risk ,Lost Customer
13282,0.0,1.0,Low-Value,High-Value Customer
13283,2.0,2.0,At-Risk ,At-Risk 
13284,,2.0,New Customer,At-Risk 
13285,3.0,1.0,Loyal Customer,High-Value Customer
13286,2.0,,At-Risk ,Lost Customer
13287,3.0,,Loyal Customer,Lost Customer
13288,3.0,,Loyal Customer,Lost Customer
13289,2.0,,At-Risk ,Lost Customer
13291,1.0,2.0,High-Value Customer,At-Risk 
13292,3.0,3.0,Loyal Customer,Loyal Customer
13293,1.0,,High-Value Customer,Lost Customer
13294,2.0,3.0,At-Risk ,Loyal Customer
13295,1.0,2.0,High-Value Customer,At-Risk 
13296,3.0,2.0,Loyal Customer,At-Risk 
13297,1.0,1.0,High-Value Customer,High-Value Customer
13298,,0.0,New Customer,Low-Value
13299,3.0,2.0,Loyal Customer,At-Risk 
13300,0.0,2.0,Low-Value,At-Risk 
13301,,3.0,New Customer,Loyal Customer
13302,2.0,2.0,At-Risk ,At-Risk 
13303,2.0,,At-Risk ,Lost Customer
13304,3.0,2.0,Loyal Customer,At-Risk 
13305,1.0,1.0,High-Value Customer,High-Value Customer
13306,2.0,,At-Risk ,Lost Customer
13307,2.0,2.0,At-Risk ,At-Risk 
13308,2.0,1.0,At-Risk ,High-Value Customer
13309,0.0,1.0,Low-Value,High-Value Customer
13310,0.0,3.0,Low-Value,Loyal Customer
13311,,0.0,New Customer,Low-Value
13312,2.0,,At-Risk ,Lost Customer
13313,3.0,1.0,Loyal Customer,High-Value Customer
13314,,0.0,New Customer,Low-Value
13315,2.0,,At-Risk ,Lost Customer
13316,1.0,1.0,High-Value Customer,High-Value Customer
13317,-1.0,1.0,TOP VIP,High-Value Customer
13318,,0.0,New Customer,Low-Value
13319,-1.0,-1.0,TOP VIP,TOP VIP
13320,3.0,3.0,Loyal Customer,Loyal Customer
13321,,3.0,New Customer,Loyal Customer
13322,,0.0,New Customer,Low-Value
13323,,1.0,New Customer,High-Value Customer
13324,1.0,1.0,High-Value Customer,High-Value Customer
13325,,3.0,New Customer,Loyal Customer
13326,2.0,,At-Risk ,Lost Customer
13327,1.0,1.0,High-Value Customer,High-Value Customer
13328,,3.0,New Customer,Loyal Customer
13329,1.0,3.0,High-Value Customer,Loyal Customer
13330,3.0,3.0,Loyal Customer,Loyal Customer
13331,0.0,,Low-Value,Lost Customer
13332,,0.0,New Customer,Low-Value
13333,3.0,,Loyal Customer,Lost Customer
13334,3.0,3.0,Loyal Customer,Loyal Customer
13336,,3.0,New Customer,Loyal Customer
13337,3.0,,Loyal Customer,Lost Customer
13338,3.0,2.0,Loyal Customer,At-Risk 
13339,,3.0,New Customer,Loyal Customer
13340,1.0,1.0,High-Value Customer,High-Value Customer
13341,,2.0,New Customer,At-Risk 
13343,,2.0,New Customer,At-Risk 
13344,,3.0,New Customer,Loyal Customer
13345,,2.0,New Customer,At-Risk 
13346,3.0,,Loyal Customer,Lost Customer
13347,,2.0,New Customer,At-Risk 
13348,,2.0,New Customer,At-Risk 
13349,,0.0,New Customer,Low-Value
13350,,0.0,New Customer,Low-Value
13351,,2.0,New Customer,At-Risk 
13352,,2.0,New Customer,At-Risk 
13354,,3.0,New Customer,Loyal Customer
13355,,2.0,New Customer,At-Risk 
13356,,3.0,New Customer,Loyal Customer
13357,3.0,2.0,Loyal Customer,At-Risk 
13358,,2.0,New Customer,At-Risk 
13359,0.0,2.0,Low-Value,At-Risk 
13360,3.0,,Loyal Customer,Lost Customer
13361,3.0,,Loyal Customer,Lost Customer
13362,1.0,1.0,High-Value Customer,High-Value Customer
13363,0.0,0.0,Low-Value,Low-Value
13364,,2.0,New Customer,At-Risk 
13365,,3.0,New Customer,Loyal Customer
13366,,2.0,New Customer,At-Risk 
13367,2.0,,At-Risk ,Lost Customer
13368,0.0,3.0,Low-Value,Loyal Customer
13369,,2.0,New Customer,At-Risk 
13370,,2.0,New Customer,At-Risk 
13371,3.0,,Loyal Customer,Lost Customer
13372,,2.0,New Customer,At-Risk 
13373,3.0,3.0,Loyal Customer,Loyal Customer
13374,0.0,,Low-Value,Lost Customer
13375,3.0,3.0,Loyal Customer,Loyal Customer
13376,,3.0,New Customer,Loyal Customer
13377,3.0,,Loyal Customer,Lost Customer
13379,,0.0,New Customer,Low-Value
13380,2.0,,At-Risk ,Lost Customer
13381,1.0,1.0,High-Value Customer,High-Value Customer
13382,3.0,2.0,Loyal Customer,At-Risk 
13383,2.0,,At-Risk ,Lost Customer
13384,1.0,1.0,High-Value Customer,High-Value Customer
13385,,2.0,New Customer,At-Risk 
13386,3.0,,Loyal Customer,Lost Customer
13387,2.0,,At-Risk ,Lost Customer
13388,2.0,3.0,At-Risk ,Loyal Customer
13389,,0.0,New Customer,Low-Value
13390,,2.0,New Customer,At-Risk 
13391,,2.0,New Customer,At-Risk 
13392,2.0,,At-Risk ,Lost Customer
13393,3.0,,Loyal Customer,Lost Customer
13394,1.0,1.0,High-Value Customer,High-Value Customer
13395,0.0,2.0,Low-Value,At-Risk 
13396,,3.0,New Customer,Loyal Customer
13397,3.0,3.0,Loyal Customer,Loyal Customer
13398,2.0,2.0,At-Risk ,At-Risk 
13399,3.0,,Loyal Customer,Lost Customer
13400,2.0,,At-Risk ,Lost Customer
13402,3.0,3.0,Loyal Customer,Loyal Customer
13403,0.0,0.0,Low-Value,Low-Value
13404,,0.0,New Customer,Low-Value
13405,3.0,3.0,Loyal Customer,Loyal Customer
13406,3.0,,Loyal Customer,Lost Customer
13407,3.0,,Loyal Customer,Lost Customer
13408,-1.0,-1.0,TOP VIP,TOP VIP
13410,1.0,1.0,High-Value Customer,High-Value Customer
13411,,2.0,New Customer,At-Risk 
13412,2.0,,At-Risk ,Lost Customer
13413,3.0,,Loyal Customer,Lost Customer
13414,3.0,3.0,Loyal Customer,Loyal Customer
13415,3.0,,Loyal Customer,Lost Customer
13416,2.0,3.0,At-Risk ,Loyal Customer
13417,3.0,0.0,Loyal Customer,Low-Value
13418,-1.0,-1.0,TOP VIP,TOP VIP
13419,,2.0,New Customer,At-Risk 
13420,,2.0,New Customer,At-Risk 
13421,1.0,3.0,High-Value Customer,Loyal Customer
13422,,3.0,New Customer,Loyal Customer
13423,2.0,,At-Risk ,Lost Customer
13424,2.0,,At-Risk ,Lost Customer
13425,3.0,3.0,Loyal Customer,Loyal Customer
13426,-1.0,1.0,TOP VIP,High-Value Customer
13427,3.0,0.0,Loyal Customer,Low-Value
13428,2.0,0.0,At-Risk ,Low-Value
13429,,1.0,New Customer,High-Value Customer
13430,,0.0,New Customer,Low-Value
13431,1.0,3.0,High-Value Customer,Loyal Customer
13432,2.0,,At-Risk ,Lost Customer
13433,3.0,,Loyal Customer,Lost Customer
13434,1.0,3.0,High-Value Customer,Loyal Customer
13435,0.0,1.0,Low-Value,High-Value Customer
13436,,0.0,New Customer,Low-Value
13437,,1.0,New Customer,High-Value Customer
13438,2.0,,At-Risk ,Lost Customer
13439,0.0,2.0,Low-Value,At-Risk 
13440,1.0,,High-Value Customer,Lost Customer
13441,2.0,2.0,At-Risk ,At-Risk 
13442,3.0,,Loyal Customer,Lost Customer
13443,3.0,,Loyal Customer,Lost Customer
13444,0.0,,Low-Value,Lost Customer
13445,2.0,,At-Risk ,Lost Customer
13446,1.0,,High-Value Customer,Lost Customer
13447,,1.0,New Customer,High-Value Customer
13448,1.0,1.0,High-Value Customer,High-Value Customer
13449,,0.0,New Customer,Low-Value
13450,1.0,1.0,High-Value Customer,High-Value Customer
13451,1.0,1.0,High-Value Customer,High-Value Customer
13452,2.0,3.0,At-Risk ,Loyal Customer
13453,0.0,2.0,Low-Value,At-Risk 
13454,2.0,,At-Risk ,Lost Customer
13455,3.0,3.0,Loyal Customer,Loyal Customer
13456,,1.0,New Customer,High-Value Customer
13457,2.0,,At-Risk ,Lost Customer
13458,1.0,-1.0,High-Value Customer,TOP VIP
13459,3.0,,Loyal Customer,Lost Customer
13460,,0.0,New Customer,Low-Value
13461,3.0,3.0,Loyal Customer,Loyal Customer
13462,3.0,2.0,Loyal Customer,At-Risk 
13464,1.0,3.0,High-Value Customer,Loyal Customer
13465,3.0,,Loyal Customer,Lost Customer
13466,3.0,2.0,Loyal Customer,At-Risk 
13467,,0.0,New Customer,Low-Value
13468,-1.0,-1.0,TOP VIP,TOP VIP
13469,2.0,,At-Risk ,Lost Customer
13470,,2.0,New Customer,At-Risk 
13471,,1.0,New Customer,High-Value Customer
13472,3.0,,Loyal Customer,Lost Customer
13473,3.0,3.0,Loyal Customer,Loyal Customer
13474,3.0,2.0,Loyal Customer,At-Risk 
13475,,3.0,New Customer,Loyal Customer
13476,3.0,3.0,Loyal Customer,Loyal Customer
13477,3.0,1.0,Loyal Customer,High-Value Customer
13478,3.0,,Loyal Customer,Lost Customer
13479,3.0,2.0,Loyal Customer,At-Risk 
13480,3.0,,Loyal Customer,Lost Customer
13481,1.0,1.0,High-Value Customer,High-Value Customer
13482,2.0,2.0,At-Risk ,At-Risk 
13483,,2.0,New Customer,At-Risk 
13484,0.0,2.0,Low-Value,At-Risk 
13485,1.0,2.0,High-Value Customer,At-Risk 
13486,,3.0,New Customer,Loyal Customer
13487,2.0,3.0,At-Risk ,Loyal Customer
13488,1.0,-1.0,High-Value Customer,TOP VIP
13489,,3.0,New Customer,Loyal Customer
13490,2.0,,At-Risk ,Lost Customer
13491,1.0,1.0,High-Value Customer,High-Value Customer
13492,,3.0,New Customer,Loyal Customer
13493,,3.0,New Customer,Loyal Customer
13494,,2.0,New Customer,At-Risk 
13495,1.0,1.0,High-Value Customer,High-Value Customer
13496,,0.0,New Customer,Low-Value
13497,3.0,2.0,Loyal Customer,At-Risk 
13498,2.0,,At-Risk ,Lost Customer
13499,,1.0,New Customer,High-Value Customer
13500,0.0,1.0,Low-Value,High-Value Customer
13501,3.0,3.0,Loyal Customer,Loyal Customer
13502,0.0,0.0,Low-Value,Low-Value
13503,3.0,2.0,Loyal Customer,At-Risk 
13504,,2.0,New Customer,At-Risk 
13505,,1.0,New Customer,High-Value Customer
13506,3.0,2.0,Loyal Customer,At-Risk 
13507,,1.0,New Customer,High-Value Customer
13508,2.0,2.0,At-Risk ,At-Risk 
13509,2.0,1.0,At-Risk ,High-Value Customer
13510,1.0,1.0,High-Value Customer,High-Value Customer
13511,2.0,,At-Risk ,Lost Customer
13512,0.0,2.0,Low-Value,At-Risk 
13513,3.0,2.0,Loyal Customer,At-Risk 
13514,3.0,2.0,Loyal Customer,At-Risk 
13515,2.0,3.0,At-Risk ,Loyal Customer
13516,2.0,1.0,At-Risk ,High-Value Customer
13517,,3.0,New Customer,Loyal Customer
13518,,2.0,New Customer,At-Risk 
13519,2.0,2.0,At-Risk ,At-Risk 
13520,1.0,1.0,High-Value Customer,High-Value Customer
13521,,1.0,New Customer,High-Value Customer
13522,,0.0,New Customer,Low-Value
13523,0.0,1.0,Low-Value,High-Value Customer
13524,,1.0,New Customer,High-Value Customer
13525,,0.0,New Customer,Low-Value
13526,3.0,,Loyal Customer,Lost Customer
13527,1.0,1.0,High-Value Customer,High-Value Customer
13529,,2.0,New Customer,At-Risk 
13530,2.0,,At-Risk ,Lost Customer
13531,3.0,3.0,Loyal Customer,Loyal Customer
13532,,0.0,New Customer,Low-Value
13533,,2.0,New Customer,At-Risk 
13534,1.0,-1.0,High-Value Customer,TOP VIP
13535,2.0,,At-Risk ,Lost Customer
13536,,1.0,New Customer,High-Value Customer
13537,3.0,,Loyal Customer,Lost Customer
13538,1.0,1.0,High-Value Customer,High-Value Customer
13539,3.0,3.0,Loyal Customer,Loyal Customer
13540,3.0,,Loyal Customer,Lost Customer
13541,3.0,,Loyal Customer,Lost Customer
13542,-1.0,,TOP VIP,Lost Customer
13543,3.0,,Loyal Customer,Lost Customer
13544,3.0,0.0,Loyal Customer,Low-Value
13545,0.0,,Low-Value,Lost Customer
13546,0.0,0.0,Low-Value,Low-Value
13547,2.0,,At-Risk ,Lost Customer
13548,2.0,3.0,At-Risk ,Loyal Customer
13549,0.0,1.0,Low-Value,High-Value Customer
13550,0.0,,Low-Value,Lost Customer
13551,2.0,2.0,At-Risk ,At-Risk 
13552,1.0,-1.0,High-Value Customer,TOP VIP
13553,2.0,,At-Risk ,Lost Customer
13554,1.0,,High-Value Customer,Lost Customer
13555,1.0,1.0,High-Value Customer,High-Value Customer
13556,2.0,,At-Risk ,Lost Customer
13557,1.0,0.0,High-Value Customer,Low-Value
13558,,1.0,New Customer,High-Value Customer
13559,3.0,,Loyal Customer,Lost Customer
13560,,0.0,New Customer,Low-Value
13561,1.0,2.0,High-Value Customer,At-Risk 
13562,1.0,3.0,High-Value Customer,Loyal Customer
13563,,3.0,New Customer,Loyal Customer
13564,-1.0,3.0,TOP VIP,Loyal Customer
13565,2.0,0.0,At-Risk ,Low-Value
13566,3.0,3.0,Loyal Customer,Loyal Customer
13567,3.0,,Loyal Customer,Lost Customer
13568,,2.0,New Customer,At-Risk 
13569,0.0,0.0,Low-Value,Low-Value
13570,,2.0,New Customer,At-Risk 
13571,1.0,1.0,High-Value Customer,High-Value Customer
13572,,3.0,New Customer,Loyal Customer
13573,1.0,0.0,High-Value Customer,Low-Value
13574,0.0,,Low-Value,Lost Customer
13575,,1.0,New Customer,High-Value Customer
13576,1.0,-1.0,High-Value Customer,TOP VIP
13577,1.0,1.0,High-Value Customer,High-Value Customer
13578,2.0,,At-Risk ,Lost Customer
13579,3.0,0.0,Loyal Customer,Low-Value
13580,2.0,,At-Risk ,Lost Customer
13581,2.0,2.0,At-Risk ,At-Risk 
13582,0.0,,Low-Value,Lost Customer
13583,2.0,3.0,At-Risk ,Loyal Customer
13584,2.0,2.0,At-Risk ,At-Risk 
13585,3.0,,Loyal Customer,Lost Customer
13586,2.0,,At-Risk ,Lost Customer
13587,3.0,3.0,Loyal Customer,Loyal Customer
13588,,1.0,New Customer,High-Value Customer
13589,3.0,0.0,Loyal Customer,Low-Value
13590,-1.0,1.0,TOP VIP,High-Value Customer
13591,3.0,3.0,Loyal Customer,Loyal Customer
13592,,0.0,New Customer,Low-Value
13593,1.0,3.0,High-Value Customer,Loyal Customer
13594,2.0,2.0,At-Risk ,At-Risk 
13595,3.0,,Loyal Customer,Lost Customer
13596,,0.0,New Customer,Low-Value
13597,0.0,,Low-Value,Lost Customer
13598,3.0,2.0,Loyal Customer,At-Risk 
13599,-1.0,-1.0,TOP VIP,TOP VIP
13600,2.0,2.0,At-Risk ,At-Risk 
13601,0.0,3.0,Low-Value,Loyal Customer
13602,0.0,2.0,Low-Value,At-Risk 
13603,,0.0,New Customer,Low-Value
13604,2.0,,At-Risk ,Lost Customer
13605,0.0,,Low-Value,Lost Customer
13606,,0.0,New Customer,Low-Value
13607,0.0,0.0,Low-Value,Low-Value
13608,2.0,,At-Risk ,Lost Customer
13609,2.0,,At-Risk ,Lost Customer
13610,1.0,1.0,High-Value Customer,High-Value Customer
13611,1.0,3.0,High-Value Customer,Loyal Customer
13612,2.0,,At-Risk ,Lost Customer
13613,3.0,,Loyal Customer,Lost Customer
13614,0.0,1.0,Low-Value,High-Value Customer
13615,1.0,2.0,High-Value Customer,At-Risk 
13616,2.0,,At-Risk ,Lost Customer
13617,3.0,3.0,Loyal Customer,Loyal Customer
13618,,2.0,New Customer,At-Risk 
13619,2.0,,At-Risk ,Lost Customer
13620,2.0,,At-Risk ,Lost Customer
13621,,2.0,New Customer,At-Risk 
13622,2.0,,At-Risk ,Lost Customer
13623,1.0,1.0,High-Value Customer,High-Value Customer
13624,0.0,,Low-Value,Lost Customer
13625,2.0,,At-Risk ,Lost Customer
13626,0.0,2.0,Low-Value,At-Risk 
13627,3.0,1.0,Loyal Customer,High-Value Customer
13628,2.0,,At-Risk ,Lost Customer
13629,1.0,1.0,High-Value Customer,High-Value Customer
13630,,1.0,New Customer,High-Value Customer
13631,,1.0,New Customer,High-Value Customer
13632,3.0,1.0,Loyal Customer,High-Value Customer
13634,1.0,1.0,High-Value Customer,High-Value Customer
13635,3.0,3.0,Loyal Customer,Loyal Customer
13636,,1.0,New Customer,High-Value Customer
13637,,3.0,New Customer,Loyal Customer
13638,,0.0,New Customer,Low-Value
13639,2.0,3.0,At-Risk ,Loyal Customer
13640,2.0,,At-Risk ,Lost Customer
13641,3.0,,Loyal Customer,Lost Customer
13642,2.0,2.0,At-Risk ,At-Risk 
13643,1.0,3.0,High-Value Customer,Loyal Customer
13644,,1.0,New Customer,High-Value Customer
13645,,2.0,New Customer,At-Risk 
13646,0.0,,Low-Value,Lost Customer
13647,3.0,1.0,Loyal Customer,High-Value Customer
13648,1.0,,High-Value Customer,Lost Customer
13649,1.0,2.0,High-Value Customer,At-Risk 
13650,1.0,1.0,High-Value Customer,High-Value Customer
13651,0.0,2.0,Low-Value,At-Risk 
13652,3.0,3.0,Loyal Customer,Loyal Customer
13653,2.0,,At-Risk ,Lost Customer
13654,1.0,1.0,High-Value Customer,High-Value Customer
13655,1.0,3.0,High-Value Customer,Loyal Customer
13656,3.0,2.0,Loyal Customer,At-Risk 
13657,,0.0,New Customer,Low-Value
13658,1.0,1.0,High-Value Customer,High-Value Customer
13659,1.0,3.0,High-Value Customer,Loyal Customer
13660,0.0,,Low-Value,Lost Customer
13661,2.0,,At-Risk ,Lost Customer
13662,1.0,3.0,High-Value Customer,Loyal Customer
13663,1.0,2.0,High-Value Customer,At-Risk 
13665,1.0,,High-Value Customer,Lost Customer
13666,2.0,2.0,At-Risk ,At-Risk 
13667,,2.0,New Customer,At-Risk 
13668,-1.0,-1.0,TOP VIP,TOP VIP
13669,0.0,0.0,Low-Value,Low-Value
13670,,2.0,New Customer,At-Risk 
13671,0.0,,Low-Value,Lost Customer
13672,2.0,2.0,At-Risk ,At-Risk 
13673,,0.0,New Customer,Low-Value
13674,2.0,,At-Risk ,Lost Customer
13675,,3.0,New Customer,Loyal Customer
13676,2.0,,At-Risk ,Lost Customer
13677,0.0,,Low-Value,Lost Customer
13678,,2.0,New Customer,At-Risk 
13679,2.0,,At-Risk ,Lost Customer
13680,1.0,1.0,High-Value Customer,High-Value Customer
13681,,1.0,New Customer,High-Value Customer
13682,,2.0,New Customer,At-Risk 
13683,2.0,,At-Risk ,Lost Customer
13684,0.0,2.0,Low-Value,At-Risk 
13685,,1.0,New Customer,High-Value Customer
13686,0.0,2.0,Low-Value,At-Risk 
13687,3.0,,Loyal Customer,Lost Customer
13688,2.0,,At-Risk ,Lost Customer
13689,2.0,3.0,At-Risk ,Loyal Customer
13690,,2.0,New Customer,At-Risk 
13691,0.0,,Low-Value,Lost Customer
13692,3.0,1.0,Loyal Customer,High-Value Customer
13693,1.0,,High-Value Customer,Lost Customer
13694,-1.0,-1.0,TOP VIP,TOP VIP
13695,2.0,1.0,At-Risk ,High-Value Customer
13696,3.0,,Loyal Customer,Lost Customer
13697,,2.0,New Customer,At-Risk 
13698,2.0,,At-Risk ,Lost Customer
13699,2.0,2.0,At-Risk ,At-Risk 
13700,3.0,1.0,Loyal Customer,High-Value Customer
13701,2.0,,At-Risk ,Lost Customer
13702,2.0,,At-Risk ,Lost Customer
13703,0.0,2.0,Low-Value,At-Risk 
13704,,1.0,New Customer,High-Value Customer
13705,3.0,0.0,Loyal Customer,Low-Value
13706,2.0,2.0,At-Risk ,At-Risk 
13707,3.0,3.0,Loyal Customer,Loyal Customer
13708,,2.0,New Customer,At-Risk 
13709,3.0,-1.0,Loyal Customer,TOP VIP
13710,0.0,0.0,Low-Value,Low-Value
13711,1.0,2.0,High-Value Customer,At-Risk 
13712,2.0,2.0,At-Risk ,At-Risk 
13713,3.0,,Loyal Customer,Lost Customer
13714,2.0,,At-Risk ,Lost Customer
13715,-1.0,3.0,TOP VIP,Loyal Customer
13716,,2.0,New Customer,At-Risk 
13717,2.0,1.0,At-Risk ,High-Value Customer
13718,,2.0,New Customer,At-Risk 
13719,1.0,1.0,High-Value Customer,High-Value Customer
13720,,3.0,New Customer,Loyal Customer
13721,0.0,0.0,Low-Value,Low-Value
13722,1.0,3.0,High-Value Customer,Loyal Customer
13723,1.0,2.0,High-Value Customer,At-Risk 
13724,2.0,,At-Risk ,Lost Customer
13725,,1.0,New Customer,High-Value Customer
13726,,3.0,New Customer,Loyal Customer
13727,3.0,0.0,Loyal Customer,Low-Value
13728,1.0,1.0,High-Value Customer,High-Value Customer
13729,3.0,,Loyal Customer,Lost Customer
13730,,3.0,New Customer,Loyal Customer
13731,,3.0,New Customer,Loyal Customer
13732,,0.0,New Customer,Low-Value
13733,0.0,,Low-Value,Lost Customer
13734,3.0,,Loyal Customer,Lost Customer
13735,1.0,1.0,High-Value Customer,High-Value Customer
13736,3.0,0.0,Loyal Customer,Low-Value
13737,,2.0,New Customer,At-Risk 
13738,0.0,,Low-Value,Lost Customer
13739,2.0,0.0,At-Risk ,Low-Value
13740,3.0,2.0,Loyal Customer,At-Risk 
13741,,3.0,New Customer,Loyal Customer
13742,,1.0,New Customer,High-Value Customer
13743,,1.0,New Customer,High-Value Customer
13744,,3.0,New Customer,Loyal Customer
13745,2.0,2.0,At-Risk ,At-Risk 
13746,2.0,,At-Risk ,Lost Customer
13747,2.0,2.0,At-Risk ,At-Risk 
13748,1.0,3.0,High-Value Customer,Loyal Customer
13750,1.0,1.0,High-Value Customer,High-Value Customer
13751,,2.0,New Customer,At-Risk 
13752,2.0,3.0,At-Risk ,Loyal Customer
13753,3.0,2.0,Loyal Customer,At-Risk 
13754,2.0,2.0,At-Risk ,At-Risk 
13755,,1.0,New Customer,High-Value Customer
13756,1.0,-1.0,High-Value Customer,TOP VIP
13757,2.0,,At-Risk ,Lost Customer
13758,1.0,1.0,High-Value Customer,High-Value Customer
13759,,0.0,New Customer,Low-Value
13760,3.0,0.0,Loyal Customer,Low-Value
13761,3.0,3.0,Loyal Customer,Loyal Customer
13762,3.0,2.0,Loyal Customer,At-Risk 
13763,3.0,3.0,Loyal Customer,Loyal Customer
13764,3.0,3.0,Loyal Customer,Loyal Customer
13765,2.0,,At-Risk ,Lost Customer
13766,2.0,,At-Risk ,Lost Customer
13767,-1.0,-1.0,TOP VIP,TOP VIP
13768,3.0,,Loyal Customer,Lost Customer
13769,1.0,1.0,High-Value Customer,High-Value Customer
13770,3.0,,Loyal Customer,Lost Customer
13771,3.0,1.0,Loyal Customer,High-Value Customer
13772,1.0,3.0,High-Value Customer,Loyal Customer
13773,0.0,,Low-Value,Lost Customer
13774,,2.0,New Customer,At-Risk 
13775,3.0,,Loyal Customer,Lost Customer
13777,-1.0,-1.0,TOP VIP,TOP VIP
13778,3.0,2.0,Loyal Customer,At-Risk 
13779,2.0,,At-Risk ,Lost Customer
13780,0.0,0.0,Low-Value,Low-Value
13781,3.0,2.0,Loyal Customer,At-Risk 
13782,3.0,1.0,Loyal Customer,High-Value Customer
13783,3.0,,Loyal Customer,Lost Customer
13784,3.0,1.0,Loyal Customer,High-Value Customer
13785,3.0,,Loyal Customer,Lost Customer
13786,1.0,2.0,High-Value Customer,At-Risk 
13787,3.0,2.0,Loyal Customer,At-Risk 
13788,2.0,,At-Risk ,Lost Customer
13789,0.0,,Low-Value,Lost Customer
13790,,0.0,New Customer,Low-Value
13791,,3.0,New Customer,Loyal Customer
13792,2.0,2.0,At-Risk ,At-Risk 
13793,2.0,,At-Risk ,Lost Customer
13794,2.0,,At-Risk ,Lost Customer
13795,1.0,,High-Value Customer,Lost Customer
13796,2.0,,At-Risk ,Lost Customer
13797,3.0,,Loyal Customer,Lost Customer
13798,-1.0,-1.0,TOP VIP,TOP VIP
13799,1.0,3.0,High-Value Customer,Loyal Customer
13800,3.0,2.0,Loyal Customer,At-Risk 
13801,,2.0,New Customer,At-Risk 
13802,-1.0,3.0,TOP VIP,Loyal Customer
13803,3.0,2.0,Loyal Customer,At-Risk 
13804,3.0,1.0,Loyal Customer,High-Value Customer
13805,,3.0,New Customer,Loyal Customer
13806,,2.0,New Customer,At-Risk 
13807,2.0,2.0,At-Risk ,At-Risk 
13808,,1.0,New Customer,High-Value Customer
13809,0.0,2.0,Low-Value,At-Risk 
13810,,3.0,New Customer,Loyal Customer
13811,,3.0,New Customer,Loyal Customer
13812,,3.0,New Customer,Loyal Customer
13813,3.0,1.0,Loyal Customer,High-Value Customer
13814,2.0,3.0,At-Risk ,Loyal Customer
13815,1.0,1.0,High-Value Customer,High-Value Customer
13816,,0.0,New Customer,Low-Value
13817,,0.0,New Customer,Low-Value
13818,2.0,,At-Risk ,Lost Customer
13819,3.0,3.0,Loyal Customer,Loyal Customer
13820,3.0,,Loyal Customer,Lost Customer
13821,1.0,2.0,High-Value Customer,At-Risk 
13822,,0.0,New Customer,Low-Value
13823,1.0,0.0,High-Value Customer,Low-Value
13824,1.0,1.0,High-Value Customer,High-Value Customer
13825,2.0,,At-Risk ,Lost Customer
13826,,2.0,New Customer,At-Risk 
13827,,3.0,New Customer,Loyal Customer
13828,,0.0,New Customer,Low-Value
13829,2.0,,At-Risk ,Lost Customer
13830,2.0,,At-Risk ,Lost Customer
13831,-1.0,1.0,TOP VIP,High-Value Customer
13832,0.0,0.0,Low-Value,Low-Value
13833,0.0,2.0,Low-Value,At-Risk 
13834,2.0,,At-Risk ,Lost Customer
13835,2.0,1.0,At-Risk ,High-Value Customer
13836,0.0,,Low-Value,Lost Customer
13837,,2.0,New Customer,At-Risk 
13838,3.0,1.0,Loyal Customer,High-Value Customer
13839,2.0,,At-Risk ,Lost Customer
13840,0.0,,Low-Value,Lost Customer
13841,,2.0,New Customer,At-Risk 
13842,1.0,1.0,High-Value Customer,High-Value Customer
13843,0.0,,Low-Value,Lost Customer
13844,,0.0,New Customer,Low-Value
13845,,2.0,New Customer,At-Risk 
13846,0.0,3.0,Low-Value,Loyal Customer
13847,2.0,,At-Risk ,Lost Customer
13848,1.0,3.0,High-Value Customer,Loyal Customer
13849,3.0,3.0,Loyal Customer,Loyal Customer
13850,,3.0,New Customer,Loyal Customer
13851,1.0,3.0,High-Value Customer,Loyal Customer
13852,2.0,,At-Risk ,Lost Customer
13853,,3.0,New Customer,Loyal Customer
13854,-1.0,-1.0,TOP VIP,TOP VIP
13855,3.0,,Loyal Customer,Lost Customer
13856,3.0,3.0,Loyal Customer,Loyal Customer
13857,1.0,,High-Value Customer,Lost Customer
13858,,2.0,New Customer,At-Risk 
13859,2.0,2.0,At-Risk ,At-Risk 
13860,,1.0,New Customer,High-Value Customer
13861,2.0,,At-Risk ,Lost Customer
13862,0.0,1.0,Low-Value,High-Value Customer
13863,3.0,2.0,Loyal Customer,At-Risk 
13864,0.0,,Low-Value,Lost Customer
13865,,3.0,New Customer,Loyal Customer
13866,,2.0,New Customer,At-Risk 
13867,,3.0,New Customer,Loyal Customer
13868,,1.0,New Customer,High-Value Customer
13869,1.0,3.0,High-Value Customer,Loyal Customer
13870,1.0,1.0,High-Value Customer,High-Value Customer
13871,3.0,-1.0,Loyal Customer,TOP VIP
13872,3.0,,Loyal Customer,Lost Customer
13873,1.0,3.0,High-Value Customer,Loyal Customer
13874,3.0,2.0,Loyal Customer,At-Risk 
13875,1.0,1.0,High-Value Customer,High-Value Customer
13876,,2.0,New Customer,At-Risk 
13877,2.0,2.0,At-Risk ,At-Risk 
13878,3.0,3.0,Loyal Customer,Loyal Customer
13879,2.0,,At-Risk ,Lost Customer
13880,3.0,1.0,Loyal Customer,High-Value Customer
13881,-1.0,-1.0,TOP VIP,TOP VIP
13882,,1.0,New Customer,High-Value Customer
13883,1.0,1.0,High-Value Customer,High-Value Customer
13884,1.0,1.0,High-Value Customer,High-Value Customer
13885,,3.0,New Customer,Loyal Customer
13886,,2.0,New Customer,At-Risk 
13887,,2.0,New Customer,At-Risk 
13888,1.0,3.0,High-Value Customer,Loyal Customer
13889,1.0,2.0,High-Value Customer,At-Risk 
13890,1.0,1.0,High-Value Customer,High-Value Customer
13891,1.0,,High-Value Customer,Lost Customer
13892,3.0,1.0,Loyal Customer,High-Value Customer
13893,,2.0,New Customer,At-Risk 
13894,,0.0,New Customer,Low-Value
13895,3.0,1.0,Loyal Customer,High-Value Customer
13896,2.0,,At-Risk ,Lost Customer
13897,3.0,2.0,Loyal Customer,At-Risk 
13898,0.0,2.0,Low-Value,At-Risk 
13899,,0.0,New Customer,Low-Value
13900,0.0,3.0,Low-Value,Loyal Customer
13901,1.0,1.0,High-Value Customer,High-Value Customer
13902,3.0,,Loyal Customer,Lost Customer
13903,0.0,,Low-Value,Lost Customer
13904,,0.0,New Customer,Low-Value
13905,2.0,,At-Risk ,Lost Customer
13906,2.0,,At-Risk ,Lost Customer
13907,2.0,,At-Risk ,Lost Customer
13908,,3.0,New Customer,Loyal Customer
13909,0.0,,Low-Value,Lost Customer
13911,1.0,1.0,High-Value Customer,High-Value Customer
13912,2.0,,At-Risk ,Lost Customer
13913,2.0,,At-Risk ,Lost Customer
13914,,0.0,New Customer,Low-Value
13915,0.0,,Low-Value,Lost Customer
13916,3.0,,Loyal Customer,Lost Customer
13917,,0.0,New Customer,Low-Value
13918,,3.0,New Customer,Loyal Customer
13919,3.0,0.0,Loyal Customer,Low-Value
13920,3.0,,Loyal Customer,Lost Customer
13921,3.0,,Loyal Customer,Lost Customer
13922,3.0,2.0,Loyal Customer,At-Risk 
13923,,2.0,New Customer,At-Risk 
13924,,1.0,New Customer,High-Value Customer
13925,,3.0,New Customer,Loyal Customer
13926,,0.0,New Customer,Low-Value
13927,2.0,2.0,At-Risk ,At-Risk 
13928,,0.0,New Customer,Low-Value
13929,1.0,3.0,High-Value Customer,Loyal Customer
13930,,0.0,New Customer,Low-Value
13931,1.0,3.0,High-Value Customer,Loyal Customer
13932,,2.0,New Customer,At-Risk 
13933,,3.0,New Customer,Loyal Customer
13934,,3.0,New Customer,Loyal Customer
13935,3.0,,Loyal Customer,Lost Customer
13936,0.0,2.0,Low-Value,At-Risk 
13937,0.0,2.0,Low-Value,At-Risk 
13938,,2.0,New Customer,At-Risk 
13939,3.0,0.0,Loyal Customer,Low-Value
13940,,1.0,New Customer,High-Value Customer
13941,1.0,1.0,High-Value Customer,High-Value Customer
13942,2.0,,At-Risk ,Lost Customer
13943,2.0,,At-Risk ,Lost Customer
13944,2.0,,At-Risk ,Lost Customer
13945,0.0,,Low-Value,Lost Customer
13946,1.0,3.0,High-Value Customer,Loyal Customer
13947,,2.0,New Customer,At-Risk 
13948,3.0,2.0,Loyal Customer,At-Risk 
13949,,1.0,New Customer,High-Value Customer
13950,,1.0,New Customer,High-Value Customer
13951,,3.0,New Customer,Loyal Customer
13952,-1.0,3.0,TOP VIP,Loyal Customer
13953,1.0,1.0,High-Value Customer,High-Value Customer
13954,,0.0,New Customer,Low-Value
13955,0.0,2.0,Low-Value,At-Risk 
13956,,1.0,New Customer,High-Value Customer
13957,3.0,,Loyal Customer,Lost Customer
13958,1.0,,High-Value Customer,Lost Customer
13959,0.0,3.0,Low-Value,Loyal Customer
13960,,0.0,New Customer,Low-Value
13961,0.0,,Low-Value,Lost Customer
13962,2.0,0.0,At-Risk ,Low-Value
13963,1.0,3.0,High-Value Customer,Loyal Customer
13964,0.0,,Low-Value,Lost Customer
13965,3.0,,Loyal Customer,Lost Customer
13966,2.0,,At-Risk ,Lost Customer
13967,0.0,2.0,Low-Value,At-Risk 
13968,2.0,,At-Risk ,Lost Customer
13969,-1.0,-1.0,TOP VIP,TOP VIP
13970,0.0,,Low-Value,Lost Customer
13971,1.0,1.0,High-Value Customer,High-Value Customer
13972,,2.0,New Customer,At-Risk 
13973,,2.0,New Customer,At-Risk 
13974,2.0,0.0,At-Risk ,Low-Value
13975,1.0,1.0,High-Value Customer,High-Value Customer
13976,3.0,2.0,Loyal Customer,At-Risk 
13977,0.0,,Low-Value,Lost Customer
13978,,0.0,New Customer,Low-Value
13979,1.0,3.0,High-Value Customer,Loyal Customer
13980,3.0,2.0,Loyal Customer,At-Risk 
13981,0.0,,Low-Value,Lost Customer
13982,3.0,1.0,Loyal Customer,High-Value Customer
13983,1.0,1.0,High-Value Customer,High-Value Customer
13984,1.0,1.0,High-Value Customer,High-Value Customer
13985,1.0,-1.0,High-Value Customer,TOP VIP
13986,,0.0,New Customer,Low-Value
13987,0.0,,Low-Value,Lost Customer
13988,0.0,1.0,Low-Value,High-Value Customer
13989,3.0,3.0,Loyal Customer,Loyal Customer
13990,,2.0,New Customer,At-Risk 
13991,,1.0,New Customer,High-Value Customer
13992,0.0,2.0,Low-Value,At-Risk 
13993,1.0,1.0,High-Value Customer,High-Value Customer
13994,,1.0,New Customer,High-Value Customer
13995,1.0,1.0,High-Value Customer,High-Value Customer
13996,0.0,,Low-Value,Lost Customer
13997,3.0,,Loyal Customer,Lost Customer
13998,3.0,,Loyal Customer,Lost Customer
13999,-1.0,-1.0,TOP VIP,TOP VIP
14000,3.0,2.0,Loyal Customer,At-Risk 
14001,1.0,3.0,High-Value Customer,Loyal Customer
14002,,3.0,New Customer,Loyal Customer
14003,2.0,,At-Risk ,Lost Customer
14004,1.0,1.0,High-Value Customer,High-Value Customer
14005,,1.0,New Customer,High-Value Customer
14006,3.0,3.0,Loyal Customer,Loyal Customer
14007,2.0,,At-Risk ,Lost Customer
14008,2.0,,At-Risk ,Lost Customer
14009,2.0,3.0,At-Risk ,Loyal Customer
14010,2.0,,At-Risk ,Lost Customer
14011,3.0,,Loyal Customer,Lost Customer
14012,,2.0,New Customer,At-Risk 
14013,0.0,3.0,Low-Value,Loyal Customer
14014,0.0,2.0,Low-Value,At-Risk 
14015,,3.0,New Customer,Loyal Customer
14016,1.0,3.0,High-Value Customer,Loyal Customer
14017,2.0,,At-Risk ,Lost Customer
14018,2.0,,At-Risk ,Lost Customer
14019,,3.0,New Customer,Loyal Customer
14020,3.0,0.0,Loyal Customer,Low-Value
14021,1.0,3.0,High-Value Customer,Loyal Customer
14022,2.0,2.0,At-Risk ,At-Risk 
14023,,0.0,New Customer,Low-Value
14024,0.0,2.0,Low-Value,At-Risk 
14025,1.0,,High-Value Customer,Lost Customer
14026,3.0,,Loyal Customer,Lost Customer
14027,,2.0,New Customer,At-Risk 
14028,3.0,,Loyal Customer,Lost Customer
14029,,3.0,New Customer,Loyal Customer
14030,-1.0,1.0,TOP VIP,High-Value Customer
14031,-1.0,-1.0,TOP VIP,TOP VIP
14032,1.0,1.0,High-Value Customer,High-Value Customer
14033,2.0,,At-Risk ,Lost Customer
14034,,0.0,New Customer,Low-Value
14035,3.0,1.0,Loyal Customer,High-Value Customer
14036,,2.0,New Customer,At-Risk 
14037,3.0,2.0,Loyal Customer,At-Risk 
14038,3.0,3.0,Loyal Customer,Loyal Customer
14039,2.0,0.0,At-Risk ,Low-Value
14040,-1.0,1.0,TOP VIP,High-Value Customer
14041,,2.0,New Customer,At-Risk 
14042,2.0,,At-Risk ,Lost Customer
14043,2.0,,At-Risk ,Lost Customer
14044,1.0,1.0,High-Value Customer,High-Value Customer
14045,-1.0,3.0,TOP VIP,Loyal Customer
14046,,2.0,New Customer,At-Risk 
14047,1.0,1.0,High-Value Customer,High-Value Customer
14048,0.0,2.0,Low-Value,At-Risk 
14049,1.0,1.0,High-Value Customer,High-Value Customer
14050,,3.0,New Customer,Loyal Customer
14051,-1.0,-1.0,TOP VIP,TOP VIP
14052,0.0,0.0,Low-Value,Low-Value
14053,0.0,2.0,Low-Value,At-Risk 
14054,,2.0,New Customer,At-Risk 
14055,3.0,3.0,Loyal Customer,Loyal Customer
14056,,-1.0,New Customer,TOP VIP
14057,1.0,-1.0,High-Value Customer,TOP VIP
14058,3.0,,Loyal Customer,Lost Customer
14059,,2.0,New Customer,At-Risk 
14060,1.0,-1.0,High-Value Customer,TOP VIP
14061,3.0,,Loyal Customer,Lost Customer
14062,-1.0,-1.0,TOP VIP,TOP VIP
14063,3.0,,Loyal Customer,Lost Customer
14064,1.0,1.0,High-Value Customer,High-Value Customer
14065,0.0,,Low-Value,Lost Customer
14066,,2.0,New Customer,At-Risk 
14067,,3.0,New Customer,Loyal Customer
14068,3.0,2.0,Loyal Customer,At-Risk 
14069,2.0,,At-Risk ,Lost Customer
14070,2.0,,At-Risk ,Lost Customer
14071,,1.0,New Customer,High-Value Customer
14072,2.0,,At-Risk ,Lost Customer
14073,,0.0,New Customer,Low-Value
14074,2.0,,At-Risk ,Lost Customer
14075,0.0,1.0,Low-Value,High-Value Customer
14076,,2.0,New Customer,At-Risk 
14077,0.0,3.0,Low-Value,Loyal Customer
14078,3.0,3.0,Loyal Customer,Loyal Customer
14079,,2.0,New Customer,At-Risk 
14080,3.0,2.0,Loyal Customer,At-Risk 
14081,1.0,3.0,High-Value Customer,Loyal Customer
14082,0.0,2.0,Low-Value,At-Risk 
14083,2.0,1.0,At-Risk ,High-Value Customer
14084,2.0,,At-Risk ,Lost Customer
14085,-1.0,-1.0,TOP VIP,TOP VIP
14086,2.0,,At-Risk ,Lost Customer
14087,0.0,0.0,Low-Value,Low-Value
14088,1.0,-1.0,High-Value Customer,TOP VIP
14089,,2.0,New Customer,At-Risk 
14090,,2.0,New Customer,At-Risk 
14091,3.0,,Loyal Customer,Lost Customer
14092,1.0,-1.0,High-Value Customer,TOP VIP
14093,,0.0,New Customer,Low-Value
14094,2.0,,At-Risk ,Lost Customer
14095,2.0,,At-Risk ,Lost Customer
14096,,-1.0,New Customer,TOP VIP
14097,2.0,,At-Risk ,Lost Customer
14098,,2.0,New Customer,At-Risk 
14099,1.0,1.0,High-Value Customer,High-Value Customer
14100,,2.0,New Customer,At-Risk 
14101,1.0,1.0,High-Value Customer,High-Value Customer
14102,,1.0,New Customer,High-Value Customer
14104,0.0,2.0,Low-Value,At-Risk 
14105,1.0,3.0,High-Value Customer,Loyal Customer
14106,2.0,,At-Risk ,Lost Customer
14107,3.0,1.0,Loyal Customer,High-Value Customer
14108,2.0,0.0,At-Risk ,Low-Value
14109,,2.0,New Customer,At-Risk 
14110,-1.0,-1.0,TOP VIP,TOP VIP
14111,,1.0,New Customer,High-Value Customer
14112,3.0,1.0,Loyal Customer,High-Value Customer
14113,-1.0,1.0,TOP VIP,High-Value Customer
14114,1.0,2.0,High-Value Customer,At-Risk 
14115,3.0,,Loyal Customer,Lost Customer
14116,,1.0,New Customer,High-Value Customer
14117,,2.0,New Customer,At-Risk 
14118,2.0,,At-Risk ,Lost Customer
14119,0.0,,Low-Value,Lost Customer
14121,,1.0,New Customer,High-Value Customer
14122,0.0,,Low-Value,Lost Customer
14123,2.0,,At-Risk ,Lost Customer
14124,,2.0,New Customer,At-Risk 
14125,,1.0,New Customer,High-Value Customer
14126,2.0,0.0,At-Risk ,Low-Value
14127,1.0,3.0,High-Value Customer,Loyal Customer
14128,2.0,3.0,At-Risk ,Loyal Customer
14129,1.0,1.0,High-Value Customer,High-Value Customer
14130,1.0,2.0,High-Value Customer,At-Risk 
14131,2.0,,At-Risk ,Lost Customer
14132,,1.0,New Customer,High-Value Customer
14133,2.0,3.0,At-Risk ,Loyal Customer
14134,-1.0,,TOP VIP,Lost Customer
14135,1.0,-1.0,High-Value Customer,TOP VIP
14136,1.0,,High-Value Customer,Lost Customer
14137,2.0,,At-Risk ,Lost Customer
14138,,0.0,New Customer,Low-Value
14139,3.0,0.0,Loyal Customer,Low-Value
14140,,0.0,New Customer,Low-Value
14141,,1.0,New Customer,High-Value Customer
14142,2.0,2.0,At-Risk ,At-Risk 
14143,,2.0,New Customer,At-Risk 
14144,2.0,,At-Risk ,Lost Customer
14145,3.0,1.0,Loyal Customer,High-Value Customer
14146,1.0,1.0,High-Value Customer,High-Value Customer
14147,1.0,3.0,High-Value Customer,Loyal Customer
14148,0.0,2.0,Low-Value,At-Risk 
14149,,2.0,New Customer,At-Risk 
14150,,3.0,New Customer,Loyal Customer
14151,3.0,,Loyal Customer,Lost Customer
14152,1.0,3.0,High-Value Customer,Loyal Customer
14153,2.0,,At-Risk ,Lost Customer
14154,1.0,3.0,High-Value Customer,Loyal Customer
14155,,2.0,New Customer,At-Risk 
14156,-1.0,-1.0,TOP VIP,TOP VIP
14157,0.0,0.0,Low-Value,Low-Value
14158,,0.0,New Customer,Low-Value
14159,1.0,1.0,High-Value Customer,High-Value Customer
14160,3.0,,Loyal Customer,Lost Customer
14161,3.0,3.0,Loyal Customer,Loyal Customer
14162,,2.0,New Customer,At-Risk 
14163,2.0,3.0,At-Risk ,Loyal Customer
14164,,3.0,New Customer,Loyal Customer
14165,,2.0,New Customer,At-Risk 
14166,2.0,,At-Risk ,Lost Customer
14167,3.0,3.0,Loyal Customer,Loyal Customer
14168,0.0,,Low-Value,Lost Customer
14169,3.0,,Loyal Customer,Lost Customer
14170,0.0,,Low-Value,Lost Customer
14171,2.0,2.0,At-Risk ,At-Risk 
14172,3.0,,Loyal Customer,Lost Customer
14173,2.0,0.0,At-Risk ,Low-Value
14174,,0.0,New Customer,Low-Value
14175,1.0,3.0,High-Value Customer,Loyal Customer
14176,0.0,3.0,Low-Value,Loyal Customer
14177,1.0,3.0,High-Value Customer,Loyal Customer
14178,,1.0,New Customer,High-Value Customer
14179,,3.0,New Customer,Loyal Customer
14180,1.0,-1.0,High-Value Customer,TOP VIP
14181,0.0,,Low-Value,Lost Customer
14182,3.0,,Loyal Customer,Lost Customer
14183,0.0,,Low-Value,Lost Customer
14184,,2.0,New Customer,At-Risk 
14185,,2.0,New Customer,At-Risk 
14186,3.0,,Loyal Customer,Lost Customer
14187,2.0,,At-Risk ,Lost Customer
14188,,1.0,New Customer,High-Value Customer
14189,0.0,-1.0,Low-Value,TOP VIP
14190,2.0,,At-Risk ,Lost Customer
14191,0.0,-1.0,Low-Value,TOP VIP
14192,0.0,,Low-Value,Lost Customer
14193,0.0,3.0,Low-Value,Loyal Customer
14194,-1.0,-1.0,TOP VIP,TOP VIP
14195,3.0,3.0,Loyal Customer,Loyal Customer
14196,,2.0,New Customer,At-Risk 
14197,0.0,,Low-Value,Lost Customer
14198,1.0,1.0,High-Value Customer,High-Value Customer
14199,3.0,2.0,Loyal Customer,At-Risk 
14200,2.0,,At-Risk ,Lost Customer
14201,3.0,1.0,Loyal Customer,High-Value Customer
14202,0.0,,Low-Value,Lost Customer
14203,0.0,,Low-Value,Lost Customer
14204,3.0,0.0,Loyal Customer,Low-Value
14205,1.0,0.0,High-Value Customer,Low-Value
14206,0.0,2.0,Low-Value,At-Risk 
14207,2.0,,At-Risk ,Lost Customer
14208,2.0,2.0,At-Risk ,At-Risk 
14209,1.0,1.0,High-Value Customer,High-Value Customer
14210,1.0,1.0,High-Value Customer,High-Value Customer
14211,1.0,1.0,High-Value Customer,High-Value Customer
14212,3.0,3.0,Loyal Customer,Loyal Customer
14213,0.0,,Low-Value,Lost Customer
14214,,1.0,New Customer,High-Value Customer
14215,3.0,1.0,Loyal Customer,High-Value Customer
14216,0.0,1.0,Low-Value,High-Value Customer
14217,1.0,1.0,High-Value Customer,High-Value Customer
14218,,2.0,New Customer,At-Risk 
14219,0.0,0.0,Low-Value,Low-Value
14220,3.0,3.0,Loyal Customer,Loyal Customer
14221,1.0,1.0,High-Value Customer,High-Value Customer
14222,,2.0,New Customer,At-Risk 
14223,,3.0,New Customer,Loyal Customer
14224,1.0,3.0,High-Value Customer,Loyal Customer
14225,3.0,,Loyal Customer,Lost Customer
14226,2.0,1.0,At-Risk ,High-Value Customer
14227,1.0,1.0,High-Value Customer,High-Value Customer
14228,3.0,,Loyal Customer,Lost Customer
14229,3.0,3.0,Loyal Customer,Loyal Customer
14230,3.0,,Loyal Customer,Lost Customer
14231,2.0,3.0,At-Risk ,Loyal Customer
14232,,1.0,New Customer,High-Value Customer
14233,3.0,3.0,Loyal Customer,Loyal Customer
14234,,1.0,New Customer,High-Value Customer
14235,3.0,1.0,Loyal Customer,High-Value Customer
14236,3.0,3.0,Loyal Customer,Loyal Customer
14237,2.0,2.0,At-Risk ,At-Risk 
14238,2.0,2.0,At-Risk ,At-Risk 
14239,1.0,1.0,High-Value Customer,High-Value Customer
14240,2.0,3.0,At-Risk ,Loyal Customer
14241,2.0,2.0,At-Risk ,At-Risk 
14242,,2.0,New Customer,At-Risk 
14243,1.0,1.0,High-Value Customer,High-Value Customer
14244,2.0,,At-Risk ,Lost Customer
14245,,3.0,New Customer,Loyal Customer
14246,,3.0,New Customer,Loyal Customer
14247,3.0,2.0,Loyal Customer,At-Risk 
14248,3.0,2.0,Loyal Customer,At-Risk 
14249,-1.0,,TOP VIP,Lost Customer
14250,,1.0,New Customer,High-Value Customer
14251,,1.0,New Customer,High-Value Customer
14252,0.0,,Low-Value,Lost Customer
14253,2.0,,At-Risk ,Lost Customer
14254,0.0,,Low-Value,Lost Customer
14256,3.0,3.0,Loyal Customer,Loyal Customer
14257,1.0,1.0,High-Value Customer,High-Value Customer
14258,-1.0,1.0,TOP VIP,High-Value Customer
14259,,2.0,New Customer,At-Risk 
14260,3.0,,Loyal Customer,Lost Customer
14261,,3.0,New Customer,Loyal Customer
14262,,1.0,New Customer,High-Value Customer
14263,2.0,,At-Risk ,Lost Customer
14264,1.0,2.0,High-Value Customer,At-Risk 
14265,3.0,3.0,Loyal Customer,Loyal Customer
14266,2.0,,At-Risk ,Lost Customer
14267,,3.0,New Customer,Loyal Customer
14268,2.0,,At-Risk ,Lost Customer
14269,2.0,,At-Risk ,Lost Customer
14270,,2.0,New Customer,At-Risk 
14271,2.0,2.0,At-Risk ,At-Risk 
14272,2.0,3.0,At-Risk ,Loyal Customer
14273,,3.0,New Customer,Loyal Customer
14274,2.0,,At-Risk ,Lost Customer
14275,1.0,,High-Value Customer,Lost Customer
14276,3.0,3.0,Loyal Customer,Loyal Customer
14277,1.0,1.0,High-Value Customer,High-Value Customer
14278,0.0,,Low-Value,Lost Customer
14279,2.0,,At-Risk ,Lost Customer
14280,,2.0,New Customer,At-Risk 
14281,0.0,,Low-Value,Lost Customer
14282,1.0,-1.0,High-Value Customer,TOP VIP
14283,3.0,,Loyal Customer,Lost Customer
14284,2.0,0.0,At-Risk ,Low-Value
14285,3.0,1.0,Loyal Customer,High-Value Customer
14286,1.0,1.0,High-Value Customer,High-Value Customer
14287,,0.0,New Customer,Low-Value
14288,,2.0,New Customer,At-Risk 
14289,,1.0,New Customer,High-Value Customer
14290,3.0,1.0,Loyal Customer,High-Value Customer
14291,-1.0,1.0,TOP VIP,High-Value Customer
14292,1.0,1.0,High-Value Customer,High-Value Customer
14293,1.0,1.0,High-Value Customer,High-Value Customer
14294,0.0,,Low-Value,Lost Customer
14295,3.0,2.0,Loyal Customer,At-Risk 
14296,0.0,,Low-Value,Lost Customer
14297,,1.0,New Customer,High-Value Customer
14298,-1.0,-1.0,TOP VIP,TOP VIP
14299,-1.0,1.0,TOP VIP,High-Value Customer
14300,,0.0,New Customer,Low-Value
14301,3.0,2.0,Loyal Customer,At-Risk 
14302,3.0,,Loyal Customer,Lost Customer
14303,0.0,,Low-Value,Lost Customer
14304,0.0,2.0,Low-Value,At-Risk 
14305,,3.0,New Customer,Loyal Customer
14306,1.0,3.0,High-Value Customer,Loyal Customer
14307,3.0,1.0,Loyal Customer,High-Value Customer
14309,3.0,1.0,Loyal Customer,High-Value Customer
14310,2.0,,At-Risk ,Lost Customer
14311,2.0,2.0,At-Risk ,At-Risk 
14312,1.0,1.0,High-Value Customer,High-Value Customer
14314,2.0,2.0,At-Risk ,At-Risk 
14315,3.0,1.0,Loyal Customer,High-Value Customer
14316,3.0,,Loyal Customer,Lost Customer
14317,,2.0,New Customer,At-Risk 
14318,2.0,,At-Risk ,Lost Customer
14319,0.0,,Low-Value,Lost Customer
14320,3.0,3.0,Loyal Customer,Loyal Customer
14321,3.0,1.0,Loyal Customer,High-Value Customer
14322,3.0,,Loyal Customer,Lost Customer
14323,,3.0,New Customer,Loyal Customer
14324,0.0,,Low-Value,Lost Customer
14325,2.0,,At-Risk ,Lost Customer
14326,3.0,2.0,Loyal Customer,At-Risk 
14327,1.0,2.0,High-Value Customer,At-Risk 
14329,1.0,1.0,High-Value Customer,High-Value Customer
14330,2.0,,At-Risk ,Lost Customer
14331,,3.0,New Customer,Loyal Customer
14332,0.0,3.0,Low-Value,Loyal Customer
14333,,2.0,New Customer,At-Risk 
14334,3.0,1.0,Loyal Customer,High-Value Customer
14335,,0.0,New Customer,Low-Value
14336,,1.0,New Customer,High-Value Customer
14338,2.0,3.0,At-Risk ,Loyal Customer
14339,2.0,2.0,At-Risk ,At-Risk 
14340,,2.0,New Customer,At-Risk 
14341,1.0,1.0,High-Value Customer,High-Value Customer
14342,2.0,1.0,At-Risk ,High-Value Customer
14343,3.0,,Loyal Customer,Lost Customer
14344,1.0,1.0,High-Value Customer,High-Value Customer
14345,,2.0,New Customer,At-Risk 
14346,3.0,3.0,Loyal Customer,Loyal Customer
14347,2.0,,At-Risk ,Lost Customer
14348,,2.0,New Customer,At-Risk 
14349,,0.0,New Customer,Low-Value
14350,0.0,2.0,Low-Value,At-Risk 
14351,,2.0,New Customer,At-Risk 
14352,,3.0,New Customer,Loyal Customer
14353,0.0,2.0,Low-Value,At-Risk 
14354,,0.0,New Customer,Low-Value
14355,3.0,2.0,Loyal Customer,At-Risk 
14356,,3.0,New Customer,Loyal Customer
14357,,2.0,New Customer,At-Risk 
14358,0.0,,Low-Value,Lost Customer
14359,,1.0,New Customer,High-Value Customer
14360,,1.0,New Customer,High-Value Customer
14361,2.0,,At-Risk ,Lost Customer
14362,,0.0,New Customer,Low-Value
14363,0.0,,Low-Value,Lost Customer
14364,,1.0,New Customer,High-Value Customer
14365,0.0,,Low-Value,Lost Customer
14366,2.0,,At-Risk ,Lost Customer
14367,,-1.0,New Customer,TOP VIP
14368,,2.0,New Customer,At-Risk 
14369,2.0,,At-Risk ,Lost Customer
14370,3.0,,Loyal Customer,Lost Customer
14371,,2.0,New Customer,At-Risk 
14372,3.0,,Loyal Customer,Lost Customer
14373,,2.0,New Customer,At-Risk 
14374,2.0,,At-Risk ,Lost Customer
14375,3.0,2.0,Loyal Customer,At-Risk 
14376,2.0,,At-Risk ,Lost Customer
14377,,3.0,New Customer,Loyal Customer
14378,2.0,,At-Risk ,Lost Customer
14379,0.0,0.0,Low-Value,Low-Value
14381,2.0,2.0,At-Risk ,At-Risk 
14382,0.0,0.0,Low-Value,Low-Value
14383,,3.0,New Customer,Loyal Customer
14384,2.0,,At-Risk ,Lost Customer
14385,,0.0,New Customer,Low-Value
14386,,2.0,New Customer,At-Risk 
14387,,3.0,New Customer,Loyal Customer
14388,1.0,1.0,High-Value Customer,High-Value Customer
14389,3.0,3.0,Loyal Customer,Loyal Customer
14390,1.0,1.0,High-Value Customer,High-Value Customer
14391,2.0,,At-Risk ,Lost Customer
14392,2.0,,At-Risk ,Lost Customer
14393,,2.0,New Customer,At-Risk 
14394,2.0,,At-Risk ,Lost Customer
14395,1.0,1.0,High-Value Customer,High-Value Customer
14396,3.0,3.0,Loyal Customer,Loyal Customer
14397,,1.0,New Customer,High-Value Customer
14398,0.0,,Low-Value,Lost Customer
14399,1.0,,High-Value Customer,Lost Customer
14400,3.0,2.0,Loyal Customer,At-Risk 
14401,1.0,-1.0,High-Value Customer,TOP VIP
14402,2.0,,At-Risk ,Lost Customer
14403,2.0,3.0,At-Risk ,Loyal Customer
14404,3.0,1.0,Loyal Customer,High-Value Customer
14405,0.0,,Low-Value,Lost Customer
14406,,2.0,New Customer,At-Risk 
14407,,3.0,New Customer,Loyal Customer
14408,3.0,1.0,Loyal Customer,High-Value Customer
14409,1.0,1.0,High-Value Customer,High-Value Customer
14410,0.0,1.0,Low-Value,High-Value Customer
14411,,3.0,New Customer,Loyal Customer
14412,0.0,3.0,Low-Value,Loyal Customer
14413,0.0,2.0,Low-Value,At-Risk 
14414,0.0,1.0,Low-Value,High-Value Customer
14415,1.0,-1.0,High-Value Customer,TOP VIP
14416,,0.0,New Customer,Low-Value
14417,0.0,,Low-Value,Lost Customer
14418,,1.0,New Customer,High-Value Customer
14419,0.0,1.0,Low-Value,High-Value Customer
14420,3.0,2.0,Loyal Customer,At-Risk 
14421,3.0,3.0,Loyal Customer,Loyal Customer
14422,-1.0,1.0,TOP VIP,High-Value Customer
14423,3.0,2.0,Loyal Customer,At-Risk 
14424,,0.0,New Customer,Low-Value
14425,3.0,,Loyal Customer,Lost Customer
14426,1.0,1.0,High-Value Customer,High-Value Customer
14427,3.0,0.0,Loyal Customer,Low-Value
14428,,1.0,New Customer,High-Value Customer
14429,0.0,,Low-Value,Lost Customer
14430,3.0,,Loyal Customer,Lost Customer
14431,1.0,2.0,High-Value Customer,At-Risk 
14432,,1.0,New Customer,High-Value Customer
14433,2.0,,At-Risk ,Lost Customer
14434,,1.0,New Customer,High-Value Customer
14435,2.0,,At-Risk ,Lost Customer
14436,2.0,2.0,At-Risk ,At-Risk 
14437,3.0,2.0,Loyal Customer,At-Risk 
14438,,2.0,New Customer,At-Risk 
14439,3.0,3.0,Loyal Customer,Loyal Customer
14440,1.0,1.0,High-Value Customer,High-Value Customer
14441,1.0,1.0,High-Value Customer,High-Value Customer
14442,1.0,3.0,High-Value Customer,Loyal Customer
14443,0.0,3.0,Low-Value,Loyal Customer
14444,2.0,,At-Risk ,Lost Customer
14445,2.0,,At-Risk ,Lost Customer
14446,0.0,1.0,Low-Value,High-Value Customer
14447,0.0,1.0,Low-Value,High-Value Customer
14448,,0.0,New Customer,Low-Value
14449,1.0,1.0,High-Value Customer,High-Value Customer
14450,1.0,3.0,High-Value Customer,Loyal Customer
14451,1.0,3.0,High-Value Customer,Loyal Customer
14452,0.0,0.0,Low-Value,Low-Value
14453,,2.0,New Customer,At-Risk 
14454,1.0,,High-Value Customer,Lost Customer
14455,3.0,,Loyal Customer,Lost Customer
14456,,1.0,New Customer,High-Value Customer
14457,,2.0,New Customer,At-Risk 
14458,0.0,,Low-Value,Lost Customer
14459,3.0,3.0,Loyal Customer,Loyal Customer
14460,1.0,3.0,High-Value Customer,Loyal Customer
14461,1.0,3.0,High-Value Customer,Loyal Customer
14462,2.0,1.0,At-Risk ,High-Value Customer
14463,2.0,3.0,At-Risk ,Loyal Customer
14464,2.0,,At-Risk ,Lost Customer
14465,1.0,3.0,High-Value Customer,Loyal Customer
14466,1.0,1.0,High-Value Customer,High-Value Customer
14467,1.0,1.0,High-Value Customer,High-Value Customer
14468,2.0,,At-Risk ,Lost Customer
14469,3.0,,Loyal Customer,Lost Customer
14470,2.0,0.0,At-Risk ,Low-Value
14471,2.0,,At-Risk ,Lost Customer
14472,2.0,1.0,At-Risk ,High-Value Customer
14473,,2.0,New Customer,At-Risk 
14474,2.0,0.0,At-Risk ,Low-Value
14475,0.0,3.0,Low-Value,Loyal Customer
14476,,2.0,New Customer,At-Risk 
14477,3.0,1.0,Loyal Customer,High-Value Customer
14478,1.0,,High-Value Customer,Lost Customer
14479,3.0,2.0,Loyal Customer,At-Risk 
14480,3.0,0.0,Loyal Customer,Low-Value
14481,3.0,3.0,Loyal Customer,Loyal Customer
14482,1.0,1.0,High-Value Customer,High-Value Customer
14483,2.0,2.0,At-Risk ,At-Risk 
14484,3.0,2.0,Loyal Customer,At-Risk 
14485,,2.0,New Customer,At-Risk 
14486,2.0,,At-Risk ,Lost Customer
14487,0.0,1.0,Low-Value,High-Value Customer
14488,,3.0,New Customer,Loyal Customer
14489,3.0,2.0,Loyal Customer,At-Risk 
14490,3.0,,Loyal Customer,Lost Customer
14491,,2.0,New Customer,At-Risk 
14492,1.0,,High-Value Customer,Lost Customer
14493,1.0,1.0,High-Value Customer,High-Value Customer
14494,0.0,0.0,Low-Value,Low-Value
14495,2.0,2.0,At-Risk ,At-Risk 
14496,1.0,3.0,High-Value Customer,Loyal Customer
14497,2.0,2.0,At-Risk ,At-Risk 
14498,1.0,1.0,High-Value Customer,High-Value Customer
14499,1.0,3.0,High-Value Customer,Loyal Customer
14500,,3.0,New Customer,Loyal Customer
14501,,2.0,New Customer,At-Risk 
14502,,1.0,New Customer,High-Value Customer
14503,,1.0,New Customer,High-Value Customer
14504,,3.0,New Customer,Loyal Customer
14505,1.0,1.0,High-Value Customer,High-Value Customer
14506,3.0,1.0,Loyal Customer,High-Value Customer
14507,1.0,1.0,High-Value Customer,High-Value Customer
14508,0.0,0.0,Low-Value,Low-Value
14509,2.0,,At-Risk ,Lost Customer
14510,1.0,,High-Value Customer,Lost Customer
14511,,1.0,New Customer,High-Value Customer
14512,1.0,2.0,High-Value Customer,At-Risk 
14513,3.0,3.0,Loyal Customer,Loyal Customer
14514,1.0,3.0,High-Value Customer,Loyal Customer
14515,1.0,1.0,High-Value Customer,High-Value Customer
14516,2.0,,At-Risk ,Lost Customer
14517,,0.0,New Customer,Low-Value
14518,,2.0,New Customer,At-Risk 
14519,2.0,,At-Risk ,Lost Customer
14520,,0.0,New Customer,Low-Value
14521,2.0,,At-Risk ,Lost Customer
14522,3.0,1.0,Loyal Customer,High-Value Customer
14523,,2.0,New Customer,At-Risk 
14524,3.0,1.0,Loyal Customer,High-Value Customer
14525,1.0,1.0,High-Value Customer,High-Value Customer
14526,0.0,,Low-Value,Lost Customer
14527,-1.0,-1.0,TOP VIP,TOP VIP
14528,,0.0,New Customer,Low-Value
14529,,3.0,New Customer,Loyal Customer
14530,1.0,1.0,High-Value Customer,High-Value Customer
14531,2.0,,At-Risk ,Lost Customer
14532,1.0,3.0,High-Value Customer,Loyal Customer
14533,3.0,1.0,Loyal Customer,High-Value Customer
14534,1.0,-1.0,High-Value Customer,TOP VIP
14535,1.0,3.0,High-Value Customer,Loyal Customer
14536,,2.0,New Customer,At-Risk 
14537,2.0,2.0,At-Risk ,At-Risk 
14538,3.0,3.0,Loyal Customer,Loyal Customer
14539,,0.0,New Customer,Low-Value
14540,1.0,1.0,High-Value Customer,High-Value Customer
14541,1.0,1.0,High-Value Customer,High-Value Customer
14542,,2.0,New Customer,At-Risk 
14543,-1.0,1.0,TOP VIP,High-Value Customer
14544,3.0,3.0,Loyal Customer,Loyal Customer
14545,2.0,,At-Risk ,Lost Customer
14546,1.0,1.0,High-Value Customer,High-Value Customer
14547,,1.0,New Customer,High-Value Customer
14548,3.0,3.0,Loyal Customer,Loyal Customer
14549,3.0,2.0,Loyal Customer,At-Risk 
14550,0.0,0.0,Low-Value,Low-Value
14551,3.0,0.0,Loyal Customer,Low-Value
14552,0.0,2.0,Low-Value,At-Risk 
14553,3.0,1.0,Loyal Customer,High-Value Customer
14554,,1.0,New Customer,High-Value Customer
14555,1.0,0.0,High-Value Customer,Low-Value
14556,3.0,,Loyal Customer,Lost Customer
14557,,3.0,New Customer,Loyal Customer
14558,3.0,,Loyal Customer,Lost Customer
14559,0.0,,Low-Value,Lost Customer
14560,-1.0,1.0,TOP VIP,High-Value Customer
14561,,3.0,New Customer,Loyal Customer
14562,1.0,-1.0,High-Value Customer,TOP VIP
14563,3.0,,Loyal Customer,Lost Customer
14564,3.0,,Loyal Customer,Lost Customer
14565,2.0,3.0,At-Risk ,Loyal Customer
14566,3.0,3.0,Loyal Customer,Loyal Customer
14567,,3.0,New Customer,Loyal Customer
14568,3.0,,Loyal Customer,Lost Customer
14569,3.0,0.0,Loyal Customer,Low-Value
14570,2.0,2.0,At-Risk ,At-Risk 
14571,2.0,,At-Risk ,Lost Customer
14572,3.0,1.0,Loyal Customer,High-Value Customer
14573,3.0,1.0,Loyal Customer,High-Value Customer
14574,2.0,,At-Risk ,Lost Customer
14575,2.0,,At-Risk ,Lost Customer
14576,,2.0,New Customer,At-Risk 
14577,0.0,1.0,Low-Value,High-Value Customer
14578,,0.0,New Customer,Low-Value
14579,2.0,,At-Risk ,Lost Customer
14580,2.0,,At-Risk ,Lost Customer
14581,2.0,0.0,At-Risk ,Low-Value
14582,,2.0,New Customer,At-Risk 
14583,0.0,1.0,Low-Value,High-Value Customer
14584,3.0,3.0,Loyal Customer,Loyal Customer
14585,1.0,2.0,High-Value Customer,At-Risk 
14586,,2.0,New Customer,At-Risk 
14587,,1.0,New Customer,High-Value Customer
14588,2.0,,At-Risk ,Lost Customer
14589,,2.0,New Customer,At-Risk 
14590,1.0,,High-Value Customer,Lost Customer
14591,,1.0,New Customer,High-Value Customer
14592,,3.0,New Customer,Loyal Customer
14593,1.0,0.0,High-Value Customer,Low-Value
14594,,0.0,New Customer,Low-Value
14595,2.0,1.0,At-Risk ,High-Value Customer
14596,2.0,,At-Risk ,Lost Customer
14597,1.0,0.0,High-Value Customer,Low-Value
14598,2.0,2.0,At-Risk ,At-Risk 
14599,0.0,,Low-Value,Lost Customer
14600,0.0,2.0,Low-Value,At-Risk 
14601,,0.0,New Customer,Low-Value
14602,2.0,,At-Risk ,Lost Customer
14603,,2.0,New Customer,At-Risk 
14604,2.0,,At-Risk ,Lost Customer
14605,1.0,,High-Value Customer,Lost Customer
14606,-1.0,-1.0,TOP VIP,TOP VIP
14607,1.0,-1.0,High-Value Customer,TOP VIP
14608,1.0,1.0,High-Value Customer,High-Value Customer
14609,1.0,3.0,High-Value Customer,Loyal Customer
14610,2.0,,At-Risk ,Lost Customer
14611,3.0,,Loyal Customer,Lost Customer
14612,0.0,,Low-Value,Lost Customer
14613,2.0,,At-Risk ,Lost Customer
14614,0.0,,Low-Value,Lost Customer
14615,1.0,,High-Value Customer,Lost Customer
14616,0.0,3.0,Low-Value,Loyal Customer
14617,0.0,,Low-Value,Lost Customer
14618,1.0,0.0,High-Value Customer,Low-Value
14619,2.0,2.0,At-Risk ,At-Risk 
14620,,2.0,New Customer,At-Risk 
14621,3.0,1.0,Loyal Customer,High-Value Customer
14622,,2.0,New Customer,At-Risk 
14623,1.0,1.0,High-Value Customer,High-Value Customer
14624,3.0,2.0,Loyal Customer,At-Risk 
14625,1.0,3.0,High-Value Customer,Loyal Customer
14626,1.0,1.0,High-Value Customer,High-Value Customer
14627,0.0,,Low-Value,Lost Customer
14628,3.0,3.0,Loyal Customer,Loyal Customer
14629,,0.0,New Customer,Low-Value
14630,2.0,,At-Risk ,Lost Customer
14631,1.0,3.0,High-Value Customer,Loyal Customer
14632,,2.0,New Customer,At-Risk 
14633,,2.0,New Customer,At-Risk 
14634,3.0,,Loyal Customer,Lost Customer
14635,2.0,,At-Risk ,Lost Customer
14636,,0.0,New Customer,Low-Value
14637,2.0,,At-Risk ,Lost Customer
14638,,0.0,New Customer,Low-Value
14639,3.0,1.0,Loyal Customer,High-Value Customer
14640,3.0,1.0,Loyal Customer,High-Value Customer
14641,,0.0,New Customer,Low-Value
14642,,2.0,New Customer,At-Risk 
14643,3.0,3.0,Loyal Customer,Loyal Customer
14644,1.0,3.0,High-Value Customer,Loyal Customer
14645,2.0,3.0,At-Risk ,Loyal Customer
14646,-1.0,-1.0,TOP VIP,TOP VIP
14647,2.0,2.0,At-Risk ,At-Risk 
14648,-1.0,,TOP VIP,Lost Customer
14649,1.0,1.0,High-Value Customer,High-Value Customer
14650,2.0,,At-Risk ,Lost Customer
14651,1.0,3.0,High-Value Customer,Loyal Customer
14652,,2.0,New Customer,At-Risk 
14653,3.0,1.0,Loyal Customer,High-Value Customer
14654,2.0,,At-Risk ,Lost Customer
14655,1.0,1.0,High-Value Customer,High-Value Customer
14656,3.0,2.0,Loyal Customer,At-Risk 
14657,3.0,1.0,Loyal Customer,High-Value Customer
14658,,0.0,New Customer,Low-Value
14659,,1.0,New Customer,High-Value Customer
14660,,2.0,New Customer,At-Risk 
14661,,0.0,New Customer,Low-Value
14662,3.0,1.0,Loyal Customer,High-Value Customer
14663,3.0,,Loyal Customer,Lost Customer
14664,,0.0,New Customer,Low-Value
14665,3.0,1.0,Loyal Customer,High-Value Customer
14666,,0.0,New Customer,Low-Value
14667,-1.0,-1.0,TOP VIP,TOP VIP
14668,2.0,,At-Risk ,Lost Customer
14669,3.0,3.0,Loyal Customer,Loyal Customer
14670,2.0,2.0,At-Risk ,At-Risk 
14671,3.0,,Loyal Customer,Lost Customer
14672,2.0,3.0,At-Risk ,Loyal Customer
14673,0.0,1.0,Low-Value,High-Value Customer
14674,2.0,,At-Risk ,Lost Customer
14675,0.0,0.0,Low-Value,Low-Value
14676,1.0,1.0,High-Value Customer,High-Value Customer
14677,2.0,,At-Risk ,Lost Customer
14678,2.0,,At-Risk ,Lost Customer
14679,1.0,,High-Value Customer,Lost Customer
14680,-1.0,-1.0,TOP VIP,TOP VIP
14681,0.0,3.0,Low-Value,Loyal Customer
14682,3.0,2.0,Loyal Customer,At-Risk 
14683,2.0,,At-Risk ,Lost Customer
14684,0.0,1.0,Low-Value,High-Value Customer
14685,3.0,,Loyal Customer,Lost Customer
14686,3.0,,Loyal Customer,Lost Customer
14687,0.0,2.0,Low-Value,At-Risk 
14688,1.0,-1.0,High-Value Customer,TOP VIP
14689,,2.0,New Customer,At-Risk 
14690,0.0,0.0,Low-Value,Low-Value
14691,,1.0,New Customer,High-Value Customer
14692,1.0,3.0,High-Value Customer,Loyal Customer
14693,3.0,2.0,Loyal Customer,At-Risk 
14694,2.0,,At-Risk ,Lost Customer
14695,3.0,,Loyal Customer,Lost Customer
14696,0.0,1.0,Low-Value,High-Value Customer
14697,,2.0,New Customer,At-Risk 
14698,,1.0,New Customer,High-Value Customer
14699,3.0,2.0,Loyal Customer,At-Risk 
14700,3.0,1.0,Loyal Customer,High-Value Customer
14701,3.0,1.0,Loyal Customer,High-Value Customer
14702,1.0,1.0,High-Value Customer,High-Value Customer
14703,,0.0,New Customer,Low-Value
14704,2.0,1.0,At-Risk ,High-Value Customer
14705,,2.0,New Customer,At-Risk 
14706,2.0,,At-Risk ,Lost Customer
14707,2.0,,At-Risk ,Lost Customer
14708,3.0,1.0,Loyal Customer,High-Value Customer
14709,-1.0,-1.0,TOP VIP,TOP VIP
14710,1.0,1.0,High-Value Customer,High-Value Customer
14711,,1.0,New Customer,High-Value Customer
14712,0.0,3.0,Low-Value,Loyal Customer
14713,1.0,1.0,High-Value Customer,High-Value Customer
14714,3.0,0.0,Loyal Customer,Low-Value
14715,3.0,1.0,Loyal Customer,High-Value Customer
14716,2.0,0.0,At-Risk ,Low-Value
14717,2.0,,At-Risk ,Lost Customer
14718,0.0,,Low-Value,Lost Customer
14719,,1.0,New Customer,High-Value Customer
14720,,0.0,New Customer,Low-Value
14721,0.0,,Low-Value,Lost Customer
14722,2.0,2.0,At-Risk ,At-Risk 
14723,1.0,1.0,High-Value Customer,High-Value Customer
14724,2.0,,At-Risk ,Lost Customer
14725,0.0,0.0,Low-Value,Low-Value
14726,2.0,,At-Risk ,Lost Customer
14727,2.0,2.0,At-Risk ,At-Risk 
14728,2.0,,At-Risk ,Lost Customer
14729,2.0,2.0,At-Risk ,At-Risk 
14730,,1.0,New Customer,High-Value Customer
14731,,3.0,New Customer,Loyal Customer
14732,1.0,1.0,High-Value Customer,High-Value Customer
14733,1.0,-1.0,High-Value Customer,TOP VIP
14734,3.0,,Loyal Customer,Lost Customer
14735,-1.0,-1.0,TOP VIP,TOP VIP
14736,2.0,,At-Risk ,Lost Customer
14737,3.0,1.0,Loyal Customer,High-Value Customer
14738,2.0,1.0,At-Risk ,High-Value Customer
14739,-1.0,1.0,TOP VIP,High-Value Customer
14740,1.0,3.0,High-Value Customer,Loyal Customer
14741,0.0,1.0,Low-Value,High-Value Customer
14742,2.0,,At-Risk ,Lost Customer
14743,2.0,,At-Risk ,Lost Customer
14744,1.0,1.0,High-Value Customer,High-Value Customer
14745,3.0,3.0,Loyal Customer,Loyal Customer
14746,3.0,,Loyal Customer,Lost Customer
14747,,2.0,New Customer,At-Risk 
14748,3.0,1.0,Loyal Customer,High-Value Customer
14749,2.0,,At-Risk ,Lost Customer
14750,2.0,,At-Risk ,Lost Customer
14751,2.0,,At-Risk ,Lost Customer
14752,,0.0,New Customer,Low-Value
14753,2.0,2.0,At-Risk ,At-Risk 
14754,3.0,3.0,Loyal Customer,Loyal Customer
14755,-1.0,1.0,TOP VIP,High-Value Customer
14756,0.0,0.0,Low-Value,Low-Value
14757,,2.0,New Customer,At-Risk 
14758,3.0,3.0,Loyal Customer,Loyal Customer
14759,,1.0,New Customer,High-Value Customer
14760,,2.0,New Customer,At-Risk 
14761,2.0,2.0,At-Risk ,At-Risk 
14762,2.0,2.0,At-Risk ,At-Risk 
14764,,2.0,New Customer,At-Risk 
14765,,0.0,New Customer,Low-Value
14766,1.0,1.0,High-Value Customer,High-Value Customer
14767,2.0,,At-Risk ,Lost Customer
14768,,0.0,New Customer,Low-Value
14769,1.0,1.0,High-Value Customer,High-Value Customer
14770,3.0,3.0,Loyal Customer,Loyal Customer
14771,3.0,,Loyal Customer,Lost Customer
14772,,2.0,New Customer,At-Risk 
14773,2.0,,At-Risk ,Lost Customer
14774,2.0,,At-Risk ,Lost Customer
14775,,3.0,New Customer,Loyal Customer
14776,1.0,1.0,High-Value Customer,High-Value Customer
14777,0.0,,Low-Value,Lost Customer
14778,,3.0,New Customer,Loyal Customer
14779,,3.0,New Customer,Loyal Customer
14780,,3.0,New Customer,Loyal Customer
14782,,2.0,New Customer,At-Risk 
14783,2.0,,At-Risk ,Lost Customer
14784,0.0,0.0,Low-Value,Low-Value
14785,,0.0,New Customer,Low-Value
14786,2.0,,At-Risk ,Lost Customer
14787,2.0,,At-Risk ,Lost Customer
14788,2.0,0.0,At-Risk ,Low-Value
14789,,0.0,New Customer,Low-Value
14790,1.0,1.0,High-Value Customer,High-Value Customer
14791,2.0,,At-Risk ,Lost Customer
14792,,2.0,New Customer,At-Risk 
14793,2.0,0.0,At-Risk ,Low-Value
14794,3.0,1.0,Loyal Customer,High-Value Customer
14795,,2.0,New Customer,At-Risk 
14796,1.0,-1.0,High-Value Customer,TOP VIP
14797,2.0,,At-Risk ,Lost Customer
14798,1.0,0.0,High-Value Customer,Low-Value
14799,2.0,2.0,At-Risk ,At-Risk 
14800,1.0,-1.0,High-Value Customer,TOP VIP
14801,,2.0,New Customer,At-Risk 
14803,,3.0,New Customer,Loyal Customer
14804,,0.0,New Customer,Low-Value
14805,3.0,1.0,Loyal Customer,High-Value Customer
14806,2.0,2.0,At-Risk ,At-Risk 
14807,0.0,,Low-Value,Lost Customer
14808,,1.0,New Customer,High-Value Customer
14809,3.0,,Loyal Customer,Lost Customer
14810,0.0,1.0,Low-Value,High-Value Customer
14811,0.0,,Low-Value,Lost Customer
14812,2.0,,At-Risk ,Lost Customer
14813,0.0,2.0,Low-Value,At-Risk 
14814,2.0,,At-Risk ,Lost Customer
14815,,3.0,New Customer,Loyal Customer
14816,,2.0,New Customer,At-Risk 
14817,1.0,3.0,High-Value Customer,Loyal Customer
14818,3.0,3.0,Loyal Customer,Loyal Customer
14819,2.0,2.0,At-Risk ,At-Risk 
14820,1.0,1.0,High-Value Customer,High-Value Customer
14821,1.0,2.0,High-Value Customer,At-Risk 
14822,2.0,,At-Risk ,Lost Customer
14823,,3.0,New Customer,Loyal Customer
14824,1.0,1.0,High-Value Customer,High-Value Customer
14825,1.0,1.0,High-Value Customer,High-Value Customer
14826,2.0,,At-Risk ,Lost Customer
14828,1.0,3.0,High-Value Customer,Loyal Customer
14829,0.0,1.0,Low-Value,High-Value Customer
14830,,2.0,New Customer,At-Risk 
14831,3.0,,Loyal Customer,Lost Customer
14833,2.0,,At-Risk ,Lost Customer
14834,0.0,1.0,Low-Value,High-Value Customer
14835,2.0,,At-Risk ,Lost Customer
14836,,0.0,New Customer,Low-Value
14837,3.0,3.0,Loyal Customer,Loyal Customer
14838,3.0,,Loyal Customer,Lost Customer
14839,3.0,,Loyal Customer,Lost Customer
14840,2.0,2.0,At-Risk ,At-Risk 
14841,1.0,1.0,High-Value Customer,High-Value Customer
14842,,1.0,New Customer,High-Value Customer
14843,2.0,,At-Risk ,Lost Customer
14844,1.0,1.0,High-Value Customer,High-Value Customer
14845,2.0,,At-Risk ,Lost Customer
14846,2.0,,At-Risk ,Lost Customer
14847,3.0,2.0,Loyal Customer,At-Risk 
14848,0.0,,Low-Value,Lost Customer
14849,-1.0,-1.0,TOP VIP,TOP VIP
14850,1.0,2.0,High-Value Customer,At-Risk 
14851,2.0,0.0,At-Risk ,Low-Value
14852,1.0,1.0,High-Value Customer,High-Value Customer
14853,3.0,0.0,Loyal Customer,Low-Value
14854,1.0,1.0,High-Value Customer,High-Value Customer
14855,3.0,3.0,Loyal Customer,Loyal Customer
14856,,3.0,New Customer,Loyal Customer
14857,3.0,3.0,Loyal Customer,Loyal Customer
14858,2.0,,At-Risk ,Lost Customer
14859,2.0,1.0,At-Risk ,High-Value Customer
14860,,0.0,New Customer,Low-Value
14861,1.0,2.0,High-Value Customer,At-Risk 
14862,,0.0,New Customer,Low-Value
14863,,0.0,New Customer,Low-Value
14865,0.0,0.0,Low-Value,Low-Value
14866,1.0,1.0,High-Value Customer,High-Value Customer
14867,1.0,3.0,High-Value Customer,Loyal Customer
14868,1.0,1.0,High-Value Customer,High-Value Customer
14869,1.0,0.0,High-Value Customer,Low-Value
14870,1.0,2.0,High-Value Customer,At-Risk 
14871,3.0,1.0,Loyal Customer,High-Value Customer
14872,3.0,,Loyal Customer,Lost Customer
14873,2.0,2.0,At-Risk ,At-Risk 
14874,2.0,,At-Risk ,Lost Customer
14875,3.0,3.0,Loyal Customer,Loyal Customer
14876,2.0,,At-Risk ,Lost Customer
14877,0.0,,Low-Value,Lost Customer
14878,1.0,1.0,High-Value Customer,High-Value Customer
14879,2.0,,At-Risk ,Lost Customer
14880,,3.0,New Customer,Loyal Customer
14881,,0.0,New Customer,Low-Value
14882,1.0,0.0,High-Value Customer,Low-Value
14883,,1.0,New Customer,High-Value Customer
14884,2.0,,At-Risk ,Lost Customer
14885,3.0,3.0,Loyal Customer,Loyal Customer
14886,,2.0,New Customer,At-Risk 
14887,,3.0,New Customer,Loyal Customer
14888,,2.0,New Customer,At-Risk 
14889,,2.0,New Customer,At-Risk 
14890,3.0,2.0,Loyal Customer,At-Risk 
14891,0.0,3.0,Low-Value,Loyal Customer
14892,2.0,,At-Risk ,Lost Customer
14893,2.0,0.0,At-Risk ,Low-Value
14894,3.0,3.0,Loyal Customer,Loyal Customer
14895,-1.0,-1.0,TOP VIP,TOP VIP
14896,3.0,3.0,Loyal Customer,Loyal Customer
14897,3.0,1.0,Loyal Customer,High-Value Customer
14898,1.0,1.0,High-Value Customer,High-Value Customer
14899,0.0,,Low-Value,Lost Customer
14900,2.0,,At-Risk ,Lost Customer
14901,3.0,1.0,Loyal Customer,High-Value Customer
14902,0.0,0.0,Low-Value,Low-Value
14903,,1.0,New Customer,High-Value Customer
14904,0.0,0.0,Low-Value,Low-Value
14905,1.0,3.0,High-Value Customer,Loyal Customer
14907,1.0,1.0,High-Value Customer,High-Value Customer
14908,2.0,2.0,At-Risk ,At-Risk 
14909,3.0,,Loyal Customer,Lost Customer
14910,,0.0,New Customer,Low-Value
14911,-1.0,-1.0,TOP VIP,TOP VIP
14912,3.0,0.0,Loyal Customer,Low-Value
14913,1.0,1.0,High-Value Customer,High-Value Customer
14915,1.0,2.0,High-Value Customer,At-Risk 
14916,3.0,3.0,Loyal Customer,Loyal Customer
14917,3.0,,Loyal Customer,Lost Customer
14918,1.0,3.0,High-Value Customer,Loyal Customer
14919,2.0,,At-Risk ,Lost Customer
14920,2.0,3.0,At-Risk ,Loyal Customer
14921,,3.0,New Customer,Loyal Customer
14922,0.0,,Low-Value,Lost Customer
14923,,3.0,New Customer,Loyal Customer
14924,3.0,2.0,Loyal Customer,At-Risk 
14926,0.0,,Low-Value,Lost Customer
14927,0.0,,Low-Value,Lost Customer
14928,2.0,,At-Risk ,Lost Customer
14929,0.0,0.0,Low-Value,Low-Value
14930,3.0,3.0,Loyal Customer,Loyal Customer
14931,,1.0,New Customer,High-Value Customer
14932,0.0,2.0,Low-Value,At-Risk 
14933,3.0,,Loyal Customer,Lost Customer
14934,1.0,3.0,High-Value Customer,Loyal Customer
14935,3.0,3.0,Loyal Customer,Loyal Customer
14936,1.0,1.0,High-Value Customer,High-Value Customer
14937,,3.0,New Customer,Loyal Customer
14938,3.0,,Loyal Customer,Lost Customer
14940,0.0,,Low-Value,Lost Customer
14941,2.0,,At-Risk ,Lost Customer
14942,3.0,,Loyal Customer,Lost Customer
14943,2.0,,At-Risk ,Lost Customer
14944,1.0,-1.0,High-Value Customer,TOP VIP
14945,2.0,,At-Risk ,Lost Customer
14946,,0.0,New Customer,Low-Value
14947,1.0,2.0,High-Value Customer,At-Risk 
14948,,1.0,New Customer,High-Value Customer
14949,3.0,,Loyal Customer,Lost Customer
14950,,0.0,New Customer,Low-Value
14951,,2.0,New Customer,At-Risk 
14952,-1.0,1.0,TOP VIP,High-Value Customer
14953,3.0,0.0,Loyal Customer,Low-Value
14954,2.0,0.0,At-Risk ,Low-Value
14955,2.0,,At-Risk ,Lost Customer
14956,3.0,,Loyal Customer,Lost Customer
14957,2.0,2.0,At-Risk ,At-Risk 
14958,3.0,3.0,Loyal Customer,Loyal Customer
14959,,3.0,New Customer,Loyal Customer
14960,,0.0,New Customer,Low-Value
14961,-1.0,1.0,TOP VIP,High-Value Customer
14962,2.0,2.0,At-Risk ,At-Risk 
14963,1.0,1.0,High-Value Customer,High-Value Customer
14964,,2.0,New Customer,At-Risk 
14965,,3.0,New Customer,Loyal Customer
14966,1.0,0.0,High-Value Customer,Low-Value
14967,3.0,0.0,Loyal Customer,Low-Value
14968,2.0,0.0,At-Risk ,Low-Value
14969,2.0,,At-Risk ,Lost Customer
14970,1.0,3.0,High-Value Customer,Loyal Customer
14971,,3.0,New Customer,Loyal Customer
14972,0.0,2.0,Low-Value,At-Risk 
14973,,3.0,New Customer,Loyal Customer
14974,,2.0,New Customer,At-Risk 
14975,2.0,2.0,At-Risk ,At-Risk 
14976,,1.0,New Customer,High-Value Customer
14977,2.0,,At-Risk ,Lost Customer
14978,3.0,1.0,Loyal Customer,High-Value Customer
14979,2.0,,At-Risk ,Lost Customer
14980,2.0,,At-Risk ,Lost Customer
14981,2.0,2.0,At-Risk ,At-Risk 
14982,2.0,,At-Risk ,Lost Customer
14983,2.0,,At-Risk ,Lost Customer
14984,1.0,0.0,High-Value Customer,Low-Value
14985,,2.0,New Customer,At-Risk 
14986,0.0,,Low-Value,Lost Customer
14987,1.0,0.0,High-Value Customer,Low-Value
14988,1.0,2.0,High-Value Customer,At-Risk 
14989,2.0,,At-Risk ,Lost Customer
14990,2.0,,At-Risk ,Lost Customer
14991,2.0,,At-Risk ,Lost Customer
14992,2.0,,At-Risk ,Lost Customer
14993,2.0,,At-Risk ,Lost Customer
14994,1.0,,High-Value Customer,Lost Customer
14995,,0.0,New Customer,Low-Value
14996,2.0,,At-Risk ,Lost Customer
14997,2.0,3.0,At-Risk ,Loyal Customer
14998,0.0,2.0,Low-Value,At-Risk 
14999,2.0,,At-Risk ,Lost Customer
15000,,0.0,New Customer,Low-Value
15001,0.0,,Low-Value,Lost Customer
15002,3.0,3.0,Loyal Customer,Loyal Customer
15003,3.0,,Loyal Customer,Lost Customer
15004,,3.0,New Customer,Loyal Customer
15005,-1.0,-1.0,TOP VIP,TOP VIP
15006,2.0,0.0,At-Risk ,Low-Value
15007,,2.0,New Customer,At-Risk 
15008,2.0,,At-Risk ,Lost Customer
15009,,1.0,New Customer,High-Value Customer
15010,,0.0,New Customer,Low-Value
15011,0.0,,Low-Value,Lost Customer
15012,2.0,3.0,At-Risk ,Loyal Customer
15013,1.0,,High-Value Customer,Lost Customer
15014,,0.0,New Customer,Low-Value
15015,1.0,,High-Value Customer,Lost Customer
15016,0.0,2.0,Low-Value,At-Risk 
15017,,2.0,New Customer,At-Risk 
15018,,3.0,New Customer,Loyal Customer
15019,,2.0,New Customer,At-Risk 
15020,0.0,,Low-Value,Lost Customer
15021,0.0,1.0,Low-Value,High-Value Customer
15022,2.0,1.0,At-Risk ,High-Value Customer
15023,1.0,1.0,High-Value Customer,High-Value Customer
15024,1.0,1.0,High-Value Customer,High-Value Customer
15025,2.0,0.0,At-Risk ,Low-Value
15026,0.0,3.0,Low-Value,Loyal Customer
15027,1.0,1.0,High-Value Customer,High-Value Customer
15028,0.0,1.0,Low-Value,High-Value Customer
15029,2.0,,At-Risk ,Lost Customer
15030,1.0,3.0,High-Value Customer,Loyal Customer
15031,1.0,1.0,High-Value Customer,High-Value Customer
15032,1.0,3.0,High-Value Customer,Loyal Customer
15033,,1.0,New Customer,High-Value Customer
15034,1.0,1.0,High-Value Customer,High-Value Customer
15035,,2.0,New Customer,At-Risk 
15036,,3.0,New Customer,Loyal Customer
15037,0.0,,Low-Value,Lost Customer
15038,0.0,1.0,Low-Value,High-Value Customer
15039,-1.0,-1.0,TOP VIP,TOP VIP
15040,2.0,,At-Risk ,Lost Customer
15041,2.0,2.0,At-Risk ,At-Risk 
15042,2.0,2.0,At-Risk ,At-Risk 
15043,3.0,0.0,Loyal Customer,Low-Value
15044,-1.0,-1.0,TOP VIP,TOP VIP
15045,,3.0,New Customer,Loyal Customer
15046,1.0,-1.0,High-Value Customer,TOP VIP
15047,,2.0,New Customer,At-Risk 
15048,,3.0,New Customer,Loyal Customer
15049,,2.0,New Customer,At-Risk 
15050,3.0,1.0,Loyal Customer,High-Value Customer
15051,1.0,1.0,High-Value Customer,High-Value Customer
15052,,2.0,New Customer,At-Risk 
15053,,0.0,New Customer,Low-Value
15054,,0.0,New Customer,Low-Value
15055,3.0,,Loyal Customer,Lost Customer
15056,2.0,,At-Risk ,Lost Customer
15057,3.0,3.0,Loyal Customer,Loyal Customer
15058,1.0,1.0,High-Value Customer,High-Value Customer
15059,1.0,1.0,High-Value Customer,High-Value Customer
15060,,0.0,New Customer,Low-Value
15061,-1.0,-1.0,TOP VIP,TOP VIP
15062,3.0,3.0,Loyal Customer,Loyal Customer
15063,,2.0,New Customer,At-Risk 
15064,3.0,,Loyal Customer,Lost Customer
15065,2.0,1.0,At-Risk ,High-Value Customer
15066,,3.0,New Customer,Loyal Customer
15067,3.0,3.0,Loyal Customer,Loyal Customer
15068,3.0,3.0,Loyal Customer,Loyal Customer
15069,,3.0,New Customer,Loyal Customer
15070,3.0,2.0,Loyal Customer,At-Risk 
15071,0.0,3.0,Low-Value,Loyal Customer
15072,2.0,,At-Risk ,Lost Customer
15073,1.0,1.0,High-Value Customer,High-Value Customer
15074,3.0,3.0,Loyal Customer,Loyal Customer
15075,,3.0,New Customer,Loyal Customer
15076,3.0,3.0,Loyal Customer,Loyal Customer
15077,3.0,,Loyal Customer,Lost Customer
15078,-1.0,-1.0,TOP VIP,TOP VIP
15079,3.0,3.0,Loyal Customer,Loyal Customer
15080,3.0,,Loyal Customer,Lost Customer
15081,1.0,1.0,High-Value Customer,High-Value Customer
15082,2.0,,At-Risk ,Lost Customer
15083,,2.0,New Customer,At-Risk 
15084,0.0,,Low-Value,Lost Customer
15085,2.0,,At-Risk ,Lost Customer
15086,2.0,,At-Risk ,Lost Customer
15087,,2.0,New Customer,At-Risk 
15088,,3.0,New Customer,Loyal Customer
15089,,1.0,New Customer,High-Value Customer
15090,,2.0,New Customer,At-Risk 
15091,2.0,2.0,At-Risk ,At-Risk 
15092,2.0,3.0,At-Risk ,Loyal Customer
15093,-1.0,1.0,TOP VIP,High-Value Customer
15094,2.0,,At-Risk ,Lost Customer
15095,1.0,3.0,High-Value Customer,Loyal Customer
15096,,2.0,New Customer,At-Risk 
15097,3.0,0.0,Loyal Customer,Low-Value
15098,,3.0,New Customer,Loyal Customer
15099,,2.0,New Customer,At-Risk 
15100,1.0,3.0,High-Value Customer,Loyal Customer
15101,3.0,0.0,Loyal Customer,Low-Value
15102,3.0,,Loyal Customer,Lost Customer
15103,,0.0,New Customer,Low-Value
15104,,3.0,New Customer,Loyal Customer
15105,3.0,1.0,Loyal Customer,High-Value Customer
15106,,1.0,New Customer,High-Value Customer
15107,0.0,3.0,Low-Value,Loyal Customer
15108,,3.0,New Customer,Loyal Customer
15109,2.0,2.0,At-Risk ,At-Risk 
15110,0.0,1.0,Low-Value,High-Value Customer
15111,3.0,1.0,Loyal Customer,High-Value Customer
15112,2.0,,At-Risk ,Lost Customer
15113,,1.0,New Customer,High-Value Customer
15114,0.0,1.0,Low-Value,High-Value Customer
15115,2.0,0.0,At-Risk ,Low-Value
15116,,1.0,New Customer,High-Value Customer
15117,3.0,1.0,Loyal Customer,High-Value Customer
15118,,2.0,New Customer,At-Risk 
15119,,2.0,New Customer,At-Risk 
15120,,2.0,New Customer,At-Risk 
15121,,3.0,New Customer,Loyal Customer
15122,1.0,3.0,High-Value Customer,Loyal Customer
15123,3.0,1.0,Loyal Customer,High-Value Customer
15124,2.0,0.0,At-Risk ,Low-Value
15125,1.0,-1.0,High-Value Customer,TOP VIP
15126,2.0,,At-Risk ,Lost Customer
15127,2.0,2.0,At-Risk ,At-Risk 
15128,2.0,3.0,At-Risk ,Loyal Customer
15129,1.0,1.0,High-Value Customer,High-Value Customer
15130,,2.0,New Customer,At-Risk 
15131,0.0,,Low-Value,Lost Customer
15132,,1.0,New Customer,High-Value Customer
15133,0.0,3.0,Low-Value,Loyal Customer
15134,0.0,1.0,Low-Value,High-Value Customer
15135,2.0,2.0,At-Risk ,At-Risk 
15136,,1.0,New Customer,High-Value Customer
15137,3.0,,Loyal Customer,Lost Customer
15138,0.0,,Low-Value,Lost Customer
15139,,2.0,New Customer,At-Risk 
15140,3.0,1.0,Loyal Customer,High-Value Customer
15141,3.0,,Loyal Customer,Lost Customer
15142,1.0,0.0,High-Value Customer,Low-Value
15143,2.0,2.0,At-Risk ,At-Risk 
15144,-1.0,-1.0,TOP VIP,TOP VIP
15145,,1.0,New Customer,High-Value Customer
15146,,3.0,New Customer,Loyal Customer
15147,,2.0,New Customer,At-Risk 
15148,,0.0,New Customer,Low-Value
15149,3.0,2.0,Loyal Customer,At-Risk 
15150,3.0,1.0,Loyal Customer,High-Value Customer
15151,3.0,,Loyal Customer,Lost Customer
15152,2.0,-1.0,At-Risk ,TOP VIP
15153,,0.0,New Customer,Low-Value
15154,3.0,2.0,Loyal Customer,At-Risk 
15155,0.0,,Low-Value,Lost Customer
15156,,1.0,New Customer,High-Value Customer
15157,3.0,1.0,Loyal Customer,High-Value Customer
15158,0.0,0.0,Low-Value,Low-Value
15159,1.0,-1.0,High-Value Customer,TOP VIP
15160,0.0,2.0,Low-Value,At-Risk 
15161,0.0,,Low-Value,Lost Customer
15162,2.0,,At-Risk ,Lost Customer
15163,,0.0,New Customer,Low-Value
15164,1.0,3.0,High-Value Customer,Loyal Customer
15165,,2.0,New Customer,At-Risk 
15166,2.0,,At-Risk ,Lost Customer
15167,3.0,2.0,Loyal Customer,At-Risk 
15168,,0.0,New Customer,Low-Value
15169,0.0,,Low-Value,Lost Customer
15170,2.0,,At-Risk ,Lost Customer
15171,,3.0,New Customer,Loyal Customer
15172,,1.0,New Customer,High-Value Customer
15173,1.0,,High-Value Customer,Lost Customer
15174,0.0,2.0,Low-Value,At-Risk 
15175,,2.0,New Customer,At-Risk 
15176,2.0,,At-Risk ,Lost Customer
15177,0.0,,Low-Value,Lost Customer
15178,,2.0,New Customer,At-Risk 
15179,1.0,1.0,High-Value Customer,High-Value Customer
15180,3.0,2.0,Loyal Customer,At-Risk 
15181,0.0,3.0,Low-Value,Loyal Customer
15182,1.0,3.0,High-Value Customer,Loyal Customer
15183,3.0,,Loyal Customer,Lost Customer
15184,0.0,0.0,Low-Value,Low-Value
15185,,2.0,New Customer,At-Risk 
15186,3.0,0.0,Loyal Customer,Low-Value
15187,,-1.0,New Customer,TOP VIP
15188,2.0,,At-Risk ,Lost Customer
15189,1.0,-1.0,High-Value Customer,TOP VIP
15190,0.0,,Low-Value,Lost Customer
15191,3.0,,Loyal Customer,Lost Customer
15192,3.0,3.0,Loyal Customer,Loyal Customer
15193,,2.0,New Customer,At-Risk 
15194,-1.0,-1.0,TOP VIP,TOP VIP
15195,,0.0,New Customer,Low-Value
15196,2.0,,At-Risk ,Lost Customer
15197,3.0,1.0,Loyal Customer,High-Value Customer
15198,0.0,2.0,Low-Value,At-Risk 
15199,1.0,3.0,High-Value Customer,Loyal Customer
15200,2.0,,At-Risk ,Lost Customer
15201,3.0,3.0,Loyal Customer,Loyal Customer
15203,1.0,1.0,High-Value Customer,High-Value Customer
15204,,2.0,New Customer,At-Risk 
15205,,3.0,New Customer,Loyal Customer
15206,,0.0,New Customer,Low-Value
15207,3.0,,Loyal Customer,Lost Customer
15208,2.0,1.0,At-Risk ,High-Value Customer
15209,2.0,,At-Risk ,Lost Customer
15210,0.0,2.0,Low-Value,At-Risk 
15211,,3.0,New Customer,Loyal Customer
15212,0.0,2.0,Low-Value,At-Risk 
15213,,2.0,New Customer,At-Risk 
15214,,1.0,New Customer,High-Value Customer
15215,1.0,3.0,High-Value Customer,Loyal Customer
15216,2.0,2.0,At-Risk ,At-Risk 
15217,2.0,,At-Risk ,Lost Customer
15218,1.0,1.0,High-Value Customer,High-Value Customer
15219,2.0,2.0,At-Risk ,At-Risk 
15220,,1.0,New Customer,High-Value Customer
15221,3.0,2.0,Loyal Customer,At-Risk 
15222,1.0,2.0,High-Value Customer,At-Risk 
15223,3.0,3.0,Loyal Customer,Loyal Customer
15224,3.0,2.0,Loyal Customer,At-Risk 
15225,,2.0,New Customer,At-Risk 
15226,,2.0,New Customer,At-Risk 
15227,1.0,1.0,High-Value Customer,High-Value Customer
15228,3.0,1.0,Loyal Customer,High-Value Customer
15229,2.0,,At-Risk ,Lost Customer
15230,,2.0,New Customer,At-Risk 
15231,2.0,,At-Risk ,Lost Customer
15232,,3.0,New Customer,Loyal Customer
15233,2.0,,At-Risk ,Lost Customer
15234,,2.0,New Customer,At-Risk 
15235,1.0,1.0,High-Value Customer,High-Value Customer
15236,,2.0,New Customer,At-Risk 
15237,,1.0,New Customer,High-Value Customer
15238,,3.0,New Customer,Loyal Customer
15239,,0.0,New Customer,Low-Value
15240,1.0,1.0,High-Value Customer,High-Value Customer
15241,3.0,1.0,Loyal Customer,High-Value Customer
15242,2.0,,At-Risk ,Lost Customer
15243,2.0,2.0,At-Risk ,At-Risk 
15244,2.0,3.0,At-Risk ,Loyal Customer
15245,1.0,3.0,High-Value Customer,Loyal Customer
15246,2.0,3.0,At-Risk ,Loyal Customer
15247,3.0,2.0,Loyal Customer,At-Risk 
15248,3.0,,Loyal Customer,Lost Customer
15249,3.0,-1.0,Loyal Customer,TOP VIP
15250,2.0,,At-Risk ,Lost Customer
15251,1.0,1.0,High-Value Customer,High-Value Customer
15252,3.0,3.0,Loyal Customer,Loyal Customer
15253,3.0,1.0,Loyal Customer,High-Value Customer
15254,3.0,2.0,Loyal Customer,At-Risk 
15255,1.0,3.0,High-Value Customer,Loyal Customer
15256,2.0,2.0,At-Risk ,At-Risk 
15257,0.0,2.0,Low-Value,At-Risk 
15258,,3.0,New Customer,Loyal Customer
15259,3.0,,Loyal Customer,Lost Customer
15260,-1.0,1.0,TOP VIP,High-Value Customer
15261,1.0,2.0,High-Value Customer,At-Risk 
15262,0.0,2.0,Low-Value,At-Risk 
15263,,2.0,New Customer,At-Risk 
15264,2.0,2.0,At-Risk ,At-Risk 
15265,3.0,3.0,Loyal Customer,Loyal Customer
15266,1.0,2.0,High-Value Customer,At-Risk 
15267,,1.0,New Customer,High-Value Customer
15268,3.0,,Loyal Customer,Lost Customer
15269,0.0,0.0,Low-Value,Low-Value
15270,-1.0,1.0,TOP VIP,High-Value Customer
15271,1.0,1.0,High-Value Customer,High-Value Customer
15272,3.0,3.0,Loyal Customer,Loyal Customer
15273,2.0,,At-Risk ,Lost Customer
15274,,0.0,New Customer,Low-Value
15275,,0.0,New Customer,Low-Value
15276,0.0,2.0,Low-Value,At-Risk 
15277,2.0,2.0,At-Risk ,At-Risk 
15278,3.0,,Loyal Customer,Lost Customer
15279,1.0,2.0,High-Value Customer,At-Risk 
15280,2.0,2.0,At-Risk ,At-Risk 
15281,1.0,1.0,High-Value Customer,High-Value Customer
15282,2.0,,At-Risk ,Lost Customer
15283,0.0,,Low-Value,Lost Customer
15284,2.0,,At-Risk ,Lost Customer
15285,2.0,,At-Risk ,Lost Customer
15286,,2.0,New Customer,At-Risk 
15287,0.0,0.0,Low-Value,Low-Value
15288,1.0,1.0,High-Value Customer,High-Value Customer
15289,3.0,3.0,Loyal Customer,Loyal Customer
15290,1.0,-1.0,High-Value Customer,TOP VIP
15291,-1.0,-1.0,TOP VIP,TOP VIP
15292,,2.0,New Customer,At-Risk 
15293,2.0,,At-Risk ,Lost Customer
15294,0.0,,Low-Value,Lost Customer
15295,2.0,,At-Risk ,Lost Customer
15296,1.0,1.0,High-Value Customer,High-Value Customer
15297,,0.0,New Customer,Low-Value
15298,1.0,-1.0,High-Value Customer,TOP VIP
15299,1.0,1.0,High-Value Customer,High-Value Customer
15300,,2.0,New Customer,At-Risk 
15301,1.0,-1.0,High-Value Customer,TOP VIP
15302,2.0,,At-Risk ,Lost Customer
15303,3.0,2.0,Loyal Customer,At-Risk 
15304,2.0,1.0,At-Risk ,High-Value Customer
15305,2.0,,At-Risk ,Lost Customer
15306,3.0,3.0,Loyal Customer,Loyal Customer
15307,,2.0,New Customer,At-Risk 
15308,,2.0,New Customer,At-Risk 
15309,3.0,,Loyal Customer,Lost Customer
15310,3.0,,Loyal Customer,Lost Customer
15311,-1.0,-1.0,TOP VIP,TOP VIP
15312,1.0,3.0,High-Value Customer,Loyal Customer
15313,,2.0,New Customer,At-Risk 
15314,0.0,2.0,Low-Value,At-Risk 
15315,,3.0,New Customer,Loyal Customer
15316,,2.0,New Customer,At-Risk 
15317,2.0,,At-Risk ,Lost Customer
15318,,0.0,New Customer,Low-Value
15319,,2.0,New Customer,At-Risk 
15320,,2.0,New Customer,At-Risk 
15321,1.0,3.0,High-Value Customer,Loyal Customer
15322,2.0,3.0,At-Risk ,Loyal Customer
15323,3.0,,Loyal Customer,Lost Customer
15324,2.0,,At-Risk ,Lost Customer
15325,1.0,2.0,High-Value Customer,At-Risk 
15326,3.0,2.0,Loyal Customer,At-Risk 
15327,,2.0,New Customer,At-Risk 
15328,2.0,,At-Risk ,Lost Customer
15329,1.0,3.0,High-Value Customer,Loyal Customer
15330,,3.0,New Customer,Loyal Customer
15331,3.0,,Loyal Customer,Lost Customer
15332,3.0,3.0,Loyal Customer,Loyal Customer
15333,,3.0,New Customer,Loyal Customer
15334,,3.0,New Customer,Loyal Customer
15335,,2.0,New Customer,At-Risk 
15336,0.0,,Low-Value,Lost Customer
15337,0.0,,Low-Value,Lost Customer
15338,2.0,,At-Risk ,Lost Customer
15339,3.0,3.0,Loyal Customer,Loyal Customer
15340,2.0,,At-Risk ,Lost Customer
15341,2.0,3.0,At-Risk ,Loyal Customer
15342,,2.0,New Customer,At-Risk 
15343,,2.0,New Customer,At-Risk 
15344,,0.0,New Customer,Low-Value
15345,,0.0,New Customer,Low-Value
15346,0.0,2.0,Low-Value,At-Risk 
15347,1.0,2.0,High-Value Customer,At-Risk 
15348,,2.0,New Customer,At-Risk 
15349,,3.0,New Customer,Loyal Customer
15350,0.0,2.0,Low-Value,At-Risk 
15351,3.0,1.0,Loyal Customer,High-Value Customer
15352,2.0,,At-Risk ,Lost Customer
15353,1.0,3.0,High-Value Customer,Loyal Customer
15355,,0.0,New Customer,Low-Value
15356,0.0,1.0,Low-Value,High-Value Customer
15358,-1.0,-1.0,TOP VIP,TOP VIP
15359,3.0,,Loyal Customer,Lost Customer
15360,,0.0,New Customer,Low-Value
15361,2.0,2.0,At-Risk ,At-Risk 
15362,3.0,,Loyal Customer,Lost Customer
15363,2.0,2.0,At-Risk ,At-Risk 
15364,,3.0,New Customer,Loyal Customer
15365,1.0,1.0,High-Value Customer,High-Value Customer
15366,1.0,3.0,High-Value Customer,Loyal Customer
15367,1.0,3.0,High-Value Customer,Loyal Customer
15368,0.0,0.0,Low-Value,Low-Value
15369,1.0,,High-Value Customer,Lost Customer
15370,0.0,1.0,Low-Value,High-Value Customer
15371,2.0,,At-Risk ,Lost Customer
15372,1.0,3.0,High-Value Customer,Loyal Customer
15373,3.0,1.0,Loyal Customer,High-Value Customer
15374,2.0,2.0,At-Risk ,At-Risk 
15375,2.0,,At-Risk ,Lost Customer
15376,,3.0,New Customer,Loyal Customer
15377,1.0,,High-Value Customer,Lost Customer
15378,2.0,,At-Risk ,Lost Customer
15379,0.0,1.0,Low-Value,High-Value Customer
15380,1.0,1.0,High-Value Customer,High-Value Customer
15381,3.0,3.0,Loyal Customer,Loyal Customer
15382,1.0,1.0,High-Value Customer,High-Value Customer
15384,0.0,3.0,Low-Value,Loyal Customer
15385,0.0,0.0,Low-Value,Low-Value
15386,,2.0,New Customer,At-Risk 
15387,2.0,,At-Risk ,Lost Customer
15388,,2.0,New Customer,At-Risk 
15389,1.0,2.0,High-Value Customer,At-Risk 
15390,3.0,,Loyal Customer,Lost Customer
15391,2.0,,At-Risk ,Lost Customer
15392,1.0,1.0,High-Value Customer,High-Value Customer
15393,3.0,0.0,Loyal Customer,Low-Value
15394,1.0,1.0,High-Value Customer,High-Value Customer
15395,,2.0,New Customer,At-Risk 
15396,2.0,2.0,At-Risk ,At-Risk 
15397,,2.0,New Customer,At-Risk 
15398,,0.0,New Customer,Low-Value
15399,,1.0,New Customer,High-Value Customer
15400,3.0,3.0,Loyal Customer,Loyal Customer
15401,2.0,,At-Risk ,Lost Customer
15402,1.0,3.0,High-Value Customer,Loyal Customer
15403,2.0,,At-Risk ,Lost Customer
15404,0.0,,Low-Value,Lost Customer
15405,2.0,2.0,At-Risk ,At-Risk 
15406,3.0,0.0,Loyal Customer,Low-Value
15407,,1.0,New Customer,High-Value Customer
15408,,2.0,New Customer,At-Risk 
15409,2.0,,At-Risk ,Lost Customer
15410,3.0,1.0,Loyal Customer,High-Value Customer
15411,,1.0,New Customer,High-Value Customer
15412,,2.0,New Customer,At-Risk 
15413,3.0,,Loyal Customer,Lost Customer
15414,,0.0,New Customer,Low-Value
15415,,2.0,New Customer,At-Risk 
15416,3.0,1.0,Loyal Customer,High-Value Customer
15417,,2.0,New Customer,At-Risk 
15418,0.0,,Low-Value,Lost Customer
15419,,0.0,New Customer,Low-Value
15420,3.0,,Loyal Customer,Lost Customer
15421,1.0,3.0,High-Value Customer,Loyal Customer
15422,1.0,2.0,High-Value Customer,At-Risk 
15423,2.0,2.0,At-Risk ,At-Risk 
15424,2.0,2.0,At-Risk ,At-Risk 
15425,1.0,,High-Value Customer,Lost Customer
15426,3.0,1.0,Loyal Customer,High-Value Customer
15427,,3.0,New Customer,Loyal Customer
15428,0.0,0.0,Low-Value,Low-Value
15429,,0.0,New Customer,Low-Value
15430,3.0,,Loyal Customer,Lost Customer
15431,2.0,,At-Risk ,Lost Customer
15432,2.0,0.0,At-Risk ,Low-Value
15433,,3.0,New Customer,Loyal Customer
15434,1.0,1.0,High-Value Customer,High-Value Customer
15435,,0.0,New Customer,Low-Value
15436,,1.0,New Customer,High-Value Customer
15437,2.0,2.0,At-Risk ,At-Risk 
15438,,2.0,New Customer,At-Risk 
15439,3.0,,Loyal Customer,Lost Customer
15440,,3.0,New Customer,Loyal Customer
15441,3.0,,Loyal Customer,Lost Customer
15442,,2.0,New Customer,At-Risk 
15443,3.0,1.0,Loyal Customer,High-Value Customer
15444,,0.0,New Customer,Low-Value
15445,2.0,2.0,At-Risk ,At-Risk 
15446,0.0,,Low-Value,Lost Customer
15447,3.0,2.0,Loyal Customer,At-Risk 
15448,2.0,2.0,At-Risk ,At-Risk 
15449,,3.0,New Customer,Loyal Customer
15450,,0.0,New Customer,Low-Value
15451,2.0,,At-Risk ,Lost Customer
15452,1.0,0.0,High-Value Customer,Low-Value
15453,,1.0,New Customer,High-Value Customer
15454,2.0,2.0,At-Risk ,At-Risk 
15455,2.0,,At-Risk ,Lost Customer
15456,1.0,3.0,High-Value Customer,Loyal Customer
15457,,2.0,New Customer,At-Risk 
15458,0.0,0.0,Low-Value,Low-Value
15459,0.0,,Low-Value,Lost Customer
15460,,2.0,New Customer,At-Risk 
15461,2.0,,At-Risk ,Lost Customer
15462,2.0,2.0,At-Risk ,At-Risk 
15463,,0.0,New Customer,Low-Value
15464,,3.0,New Customer,Loyal Customer
15465,-1.0,-1.0,TOP VIP,TOP VIP
15466,1.0,2.0,High-Value Customer,At-Risk 
15467,,0.0,New Customer,Low-Value
15468,0.0,3.0,Low-Value,Loyal Customer
15469,2.0,3.0,At-Risk ,Loyal Customer
15470,2.0,,At-Risk ,Lost Customer
15471,0.0,0.0,Low-Value,Low-Value
15472,,2.0,New Customer,At-Risk 
15473,2.0,1.0,At-Risk ,High-Value Customer
15474,2.0,,At-Risk ,Lost Customer
15475,,2.0,New Customer,At-Risk 
15476,1.0,,High-Value Customer,Lost Customer
15477,2.0,,At-Risk ,Lost Customer
15478,2.0,3.0,At-Risk ,Loyal Customer
15479,2.0,,At-Risk ,Lost Customer
15480,3.0,3.0,Loyal Customer,Loyal Customer
15481,0.0,,Low-Value,Lost Customer
15482,1.0,1.0,High-Value Customer,High-Value Customer
15483,1.0,3.0,High-Value Customer,Loyal Customer
15484,3.0,1.0,Loyal Customer,High-Value Customer
15485,3.0,1.0,Loyal Customer,High-Value Customer
15486,2.0,,At-Risk ,Lost Customer
15487,2.0,,At-Risk ,Lost Customer
15488,3.0,2.0,Loyal Customer,At-Risk 
15489,1.0,1.0,High-Value Customer,High-Value Customer
15490,2.0,,At-Risk ,Lost Customer
15491,,1.0,New Customer,High-Value Customer
15492,,0.0,New Customer,Low-Value
15493,1.0,1.0,High-Value Customer,High-Value Customer
15494,3.0,3.0,Loyal Customer,Loyal Customer
15495,0.0,,Low-Value,Lost Customer
15496,2.0,,At-Risk ,Lost Customer
15497,1.0,0.0,High-Value Customer,Low-Value
15498,-1.0,-1.0,TOP VIP,TOP VIP
15499,2.0,,At-Risk ,Lost Customer
15500,,1.0,New Customer,High-Value Customer
15501,0.0,,Low-Value,Lost Customer
15502,3.0,1.0,Loyal Customer,High-Value Customer
15503,2.0,2.0,At-Risk ,At-Risk 
15504,3.0,2.0,Loyal Customer,At-Risk 
15505,,1.0,New Customer,High-Value Customer
15506,1.0,3.0,High-Value Customer,Loyal Customer
15507,,2.0,New Customer,At-Risk 
15508,,3.0,New Customer,Loyal Customer
15509,0.0,,Low-Value,Lost Customer
15510,,2.0,New Customer,At-Risk 
15511,,1.0,New Customer,High-Value Customer
15512,0.0,2.0,Low-Value,At-Risk 
15513,-1.0,-1.0,TOP VIP,TOP VIP
15514,1.0,1.0,High-Value Customer,High-Value Customer
15515,0.0,,Low-Value,Lost Customer
15516,,2.0,New Customer,At-Risk 
15517,,2.0,New Customer,At-Risk 
15518,1.0,1.0,High-Value Customer,High-Value Customer
15519,0.0,,Low-Value,Lost Customer
15520,,0.0,New Customer,Low-Value
15521,1.0,1.0,High-Value Customer,High-Value Customer
15522,,0.0,New Customer,Low-Value
15523,-1.0,2.0,TOP VIP,At-Risk 
15524,2.0,0.0,At-Risk ,Low-Value
15525,0.0,0.0,Low-Value,Low-Value
15526,,0.0,New Customer,Low-Value
15527,1.0,1.0,High-Value Customer,High-Value Customer
15528,,2.0,New Customer,At-Risk 
15529,0.0,1.0,Low-Value,High-Value Customer
15530,2.0,1.0,At-Risk ,High-Value Customer
15531,,1.0,New Customer,High-Value Customer
15532,1.0,1.0,High-Value Customer,High-Value Customer
15533,,0.0,New Customer,Low-Value
15534,2.0,,At-Risk ,Lost Customer
15535,0.0,3.0,Low-Value,Loyal Customer
15536,0.0,,Low-Value,Lost Customer
15537,,2.0,New Customer,At-Risk 
15538,3.0,,Loyal Customer,Lost Customer
15539,,0.0,New Customer,Low-Value
15540,0.0,0.0,Low-Value,Low-Value
15541,,2.0,New Customer,At-Risk 
15542,3.0,,Loyal Customer,Lost Customer
15543,2.0,2.0,At-Risk ,At-Risk 
15544,1.0,1.0,High-Value Customer,High-Value Customer
15545,,0.0,New Customer,Low-Value
15546,3.0,,Loyal Customer,Lost Customer
15547,-1.0,-1.0,TOP VIP,TOP VIP
15548,2.0,,At-Risk ,Lost Customer
15549,3.0,3.0,Loyal Customer,Loyal Customer
15550,1.0,1.0,High-Value Customer,High-Value Customer
15551,1.0,0.0,High-Value Customer,Low-Value
15552,2.0,2.0,At-Risk ,At-Risk 
15553,,2.0,New Customer,At-Risk 
15554,,2.0,New Customer,At-Risk 
15555,-1.0,-1.0,TOP VIP,TOP VIP
15556,,0.0,New Customer,Low-Value
15557,,0.0,New Customer,Low-Value
15558,2.0,,At-Risk ,Lost Customer
15559,3.0,,Loyal Customer,Lost Customer
15560,0.0,,Low-Value,Lost Customer
15561,1.0,1.0,High-Value Customer,High-Value Customer
15562,3.0,2.0,Loyal Customer,At-Risk 
15563,3.0,1.0,Loyal Customer,High-Value Customer
15564,2.0,,At-Risk ,Lost Customer
15565,,2.0,New Customer,At-Risk 
15566,0.0,,Low-Value,Lost Customer
15567,,0.0,New Customer,Low-Value
15568,,0.0,New Customer,Low-Value
15569,1.0,3.0,High-Value Customer,Loyal Customer
15570,-1.0,-1.0,TOP VIP,TOP VIP
15571,1.0,1.0,High-Value Customer,High-Value Customer
15572,1.0,1.0,High-Value Customer,High-Value Customer
15573,3.0,0.0,Loyal Customer,Low-Value
15574,0.0,3.0,Low-Value,Loyal Customer
15575,2.0,,At-Risk ,Lost Customer
15576,,0.0,New Customer,Low-Value
15577,2.0,2.0,At-Risk ,At-Risk 
15578,,2.0,New Customer,At-Risk 
15579,1.0,2.0,High-Value Customer,At-Risk 
15580,1.0,,High-Value Customer,Lost Customer
15581,-1.0,1.0,TOP VIP,High-Value Customer
15582,,3.0,New Customer,Loyal Customer
15583,0.0,,Low-Value,Lost Customer
15584,0.0,1.0,Low-Value,High-Value Customer
15585,,2.0,New Customer,At-Risk 
15586,3.0,,Loyal Customer,Lost Customer
15587,0.0,3.0,Low-Value,Loyal Customer
15588,2.0,,At-Risk ,Lost Customer
15589,,3.0,New Customer,Loyal Customer
15590,1.0,,High-Value Customer,Lost Customer
15591,2.0,,At-Risk ,Lost Customer
15592,,0.0,New Customer,Low-Value
15593,,2.0,New Customer,At-Risk 
15594,,1.0,New Customer,High-Value Customer
15595,2.0,,At-Risk ,Lost Customer
15596,1.0,3.0,High-Value Customer,Loyal Customer
15597,2.0,0.0,At-Risk ,Low-Value
15598,2.0,2.0,At-Risk ,At-Risk 
15599,2.0,0.0,At-Risk ,Low-Value
15600,3.0,,Loyal Customer,Lost Customer
15601,-1.0,-1.0,TOP VIP,TOP VIP
15602,1.0,1.0,High-Value Customer,High-Value Customer
15603,2.0,2.0,At-Risk ,At-Risk 
15604,,2.0,New Customer,At-Risk 
15605,3.0,1.0,Loyal Customer,High-Value Customer
15606,1.0,1.0,High-Value Customer,High-Value Customer
15607,3.0,2.0,Loyal Customer,At-Risk 
15608,0.0,1.0,Low-Value,High-Value Customer
15609,,2.0,New Customer,At-Risk 
15610,,2.0,New Customer,At-Risk 
15611,1.0,1.0,High-Value Customer,High-Value Customer
15612,,0.0,New Customer,Low-Value
15613,2.0,,At-Risk ,Lost Customer
15614,3.0,,Loyal Customer,Lost Customer
15615,-1.0,-1.0,TOP VIP,TOP VIP
15616,2.0,,At-Risk ,Lost Customer
15617,3.0,,Loyal Customer,Lost Customer
15618,,3.0,New Customer,Loyal Customer
15619,,0.0,New Customer,Low-Value
15620,0.0,3.0,Low-Value,Loyal Customer
15621,,1.0,New Customer,High-Value Customer
15622,1.0,1.0,High-Value Customer,High-Value Customer
15623,1.0,2.0,High-Value Customer,At-Risk 
15624,,3.0,New Customer,Loyal Customer
15625,1.0,3.0,High-Value Customer,Loyal Customer
15626,0.0,3.0,Low-Value,Loyal Customer
15627,3.0,,Loyal Customer,Lost Customer
15628,1.0,1.0,High-Value Customer,High-Value Customer
15629,3.0,,Loyal Customer,Lost Customer
15630,2.0,3.0,At-Risk ,Loyal Customer
15631,2.0,,At-Risk ,Lost Customer
15632,,1.0,New Customer,High-Value Customer
15633,1.0,,High-Value Customer,Lost Customer
15634,0.0,0.0,Low-Value,Low-Value
15635,0.0,,Low-Value,Lost Customer
15636,3.0,3.0,Loyal Customer,Loyal Customer
15637,3.0,2.0,Loyal Customer,At-Risk 
15638,1.0,,High-Value Customer,Lost Customer
15639,3.0,2.0,Loyal Customer,At-Risk 
15640,-1.0,-1.0,TOP VIP,TOP VIP
15641,1.0,3.0,High-Value Customer,Loyal Customer
15642,2.0,,At-Risk ,Lost Customer
15643,,3.0,New Customer,Loyal Customer
15644,,3.0,New Customer,Loyal Customer
15645,0.0,0.0,Low-Value,Low-Value
15646,0.0,3.0,Low-Value,Loyal Customer
15647,2.0,,At-Risk ,Lost Customer
15648,,3.0,New Customer,Loyal Customer
15649,0.0,3.0,Low-Value,Loyal Customer
15650,3.0,,Loyal Customer,Lost Customer
15651,3.0,3.0,Loyal Customer,Loyal Customer
15652,1.0,2.0,High-Value Customer,At-Risk 
15653,,3.0,New Customer,Loyal Customer
15654,,0.0,New Customer,Low-Value
15655,,2.0,New Customer,At-Risk 
15656,,3.0,New Customer,Loyal Customer
15657,,2.0,New Customer,At-Risk 
15658,3.0,3.0,Loyal Customer,Loyal Customer
15659,0.0,0.0,Low-Value,Low-Value
15660,1.0,1.0,High-Value Customer,High-Value Customer
15661,1.0,2.0,High-Value Customer,At-Risk 
15662,2.0,,At-Risk ,Lost Customer
15663,,2.0,New Customer,At-Risk 
15664,3.0,2.0,Loyal Customer,At-Risk 
15665,3.0,3.0,Loyal Customer,Loyal Customer
15666,3.0,,Loyal Customer,Lost Customer
15667,,0.0,New Customer,Low-Value
15668,,2.0,New Customer,At-Risk 
15669,,3.0,New Customer,Loyal Customer
15670,2.0,2.0,At-Risk ,At-Risk 
15671,,1.0,New Customer,High-Value Customer
15672,2.0,,At-Risk ,Lost Customer
15673,3.0,3.0,Loyal Customer,Loyal Customer
15674,1.0,3.0,High-Value Customer,Loyal Customer
15675,0.0,3.0,Low-Value,Loyal Customer
15676,,1.0,New Customer,High-Value Customer
15677,3.0,0.0,Loyal Customer,Low-Value
15678,3.0,2.0,Loyal Customer,At-Risk 
15679,,1.0,New Customer,High-Value Customer
15680,1.0,1.0,High-Value Customer,High-Value Customer
15681,1.0,1.0,High-Value Customer,High-Value Customer
15682,2.0,,At-Risk ,Lost Customer
15683,2.0,2.0,At-Risk ,At-Risk 
15684,2.0,,At-Risk ,Lost Customer
15685,2.0,,At-Risk ,Lost Customer
15686,2.0,,At-Risk ,Lost Customer
15687,,1.0,New Customer,High-Value Customer
15688,2.0,,At-Risk ,Lost Customer
15689,2.0,2.0,At-Risk ,At-Risk 
15690,,0.0,New Customer,Low-Value
15691,0.0,2.0,Low-Value,At-Risk 
15692,,0.0,New Customer,Low-Value
15693,2.0,,At-Risk ,Lost Customer
15694,1.0,-1.0,High-Value Customer,TOP VIP
15695,3.0,2.0,Loyal Customer,At-Risk 
15696,3.0,1.0,Loyal Customer,High-Value Customer
15697,2.0,,At-Risk ,Lost Customer
15698,2.0,,At-Risk ,Lost Customer
15699,,0.0,New Customer,Low-Value
15700,,3.0,New Customer,Loyal Customer
15701,,1.0,New Customer,High-Value Customer
15702,2.0,,At-Risk ,Lost Customer
15703,,2.0,New Customer,At-Risk 
15704,3.0,3.0,Loyal Customer,Loyal Customer
15705,,2.0,New Customer,At-Risk 
15706,,3.0,New Customer,Loyal Customer
15707,,1.0,New Customer,High-Value Customer
15708,0.0,1.0,Low-Value,High-Value Customer
15709,2.0,2.0,At-Risk ,At-Risk 
15710,0.0,,Low-Value,Lost Customer
15711,2.0,,At-Risk ,Lost Customer
15712,1.0,1.0,High-Value Customer,High-Value Customer
15713,2.0,2.0,At-Risk ,At-Risk 
15714,3.0,0.0,Loyal Customer,Low-Value
15715,3.0,,Loyal Customer,Lost Customer
15716,3.0,3.0,Loyal Customer,Loyal Customer
15717,3.0,2.0,Loyal Customer,At-Risk 
15718,2.0,,At-Risk ,Lost Customer
15719,-1.0,-1.0,TOP VIP,TOP VIP
15720,2.0,0.0,At-Risk ,Low-Value
15721,,0.0,New Customer,Low-Value
15722,1.0,1.0,High-Value Customer,High-Value Customer
15723,3.0,2.0,Loyal Customer,At-Risk 
15724,2.0,2.0,At-Risk ,At-Risk 
15725,,0.0,New Customer,Low-Value
15726,0.0,,Low-Value,Lost Customer
15727,1.0,1.0,High-Value Customer,High-Value Customer
15728,0.0,,Low-Value,Lost Customer
15729,0.0,2.0,Low-Value,At-Risk 
15730,0.0,3.0,Low-Value,Loyal Customer
15731,2.0,,At-Risk ,Lost Customer
15732,3.0,2.0,Loyal Customer,At-Risk 
15733,,2.0,New Customer,At-Risk 
15734,3.0,3.0,Loyal Customer,Loyal Customer
15735,2.0,,At-Risk ,Lost Customer
15736,3.0,,Loyal Customer,Lost Customer
15737,,1.0,New Customer,High-Value Customer
15738,-1.0,-1.0,TOP VIP,TOP VIP
15739,,2.0,New Customer,At-Risk 
15740,,2.0,New Customer,At-Risk 
15741,2.0,,At-Risk ,Lost Customer
15742,2.0,,At-Risk ,Lost Customer
15743,,1.0,New Customer,High-Value Customer
15744,,2.0,New Customer,At-Risk 
15745,,1.0,New Customer,High-Value Customer
15746,,2.0,New Customer,At-Risk 
15747,1.0,1.0,High-Value Customer,High-Value Customer
15748,3.0,2.0,Loyal Customer,At-Risk 
15749,,3.0,New Customer,Loyal Customer
15750,1.0,1.0,High-Value Customer,High-Value Customer
15751,1.0,,High-Value Customer,Lost Customer
15752,3.0,1.0,Loyal Customer,High-Value Customer
15753,,2.0,New Customer,At-Risk 
15754,3.0,3.0,Loyal Customer,Loyal Customer
15755,1.0,1.0,High-Value Customer,High-Value Customer
15756,,3.0,New Customer,Loyal Customer
15757,1.0,3.0,High-Value Customer,Loyal Customer
15758,,0.0,New Customer,Low-Value
15759,3.0,2.0,Loyal Customer,At-Risk 
15761,2.0,,At-Risk ,Lost Customer
15762,,3.0,New Customer,Loyal Customer
15763,,3.0,New Customer,Loyal Customer
15764,3.0,1.0,Loyal Customer,High-Value Customer
15765,2.0,,At-Risk ,Lost Customer
15766,3.0,2.0,Loyal Customer,At-Risk 
15768,1.0,3.0,High-Value Customer,Loyal Customer
15769,-1.0,-1.0,TOP VIP,TOP VIP
15770,2.0,,At-Risk ,Lost Customer
15771,3.0,,Loyal Customer,Lost Customer
15772,2.0,,At-Risk ,Lost Customer
15773,2.0,0.0,At-Risk ,Low-Value
15774,3.0,2.0,Loyal Customer,At-Risk 
15775,2.0,2.0,At-Risk ,At-Risk 
15776,,2.0,New Customer,At-Risk 
15777,3.0,3.0,Loyal Customer,Loyal Customer
15778,2.0,,At-Risk ,Lost Customer
15779,2.0,,At-Risk ,Lost Customer
15780,,3.0,New Customer,Loyal Customer
15781,,0.0,New Customer,Low-Value
15782,3.0,1.0,Loyal Customer,High-Value Customer
15783,,0.0,New Customer,Low-Value
15784,3.0,,Loyal Customer,Lost Customer
15785,1.0,1.0,High-Value Customer,High-Value Customer
15786,3.0,1.0,Loyal Customer,High-Value Customer
15787,,3.0,New Customer,Loyal Customer
15788,2.0,,At-Risk ,Lost Customer
15789,3.0,2.0,Loyal Customer,At-Risk 
15790,,0.0,New Customer,Low-Value
15791,3.0,3.0,Loyal Customer,Loyal Customer
15792,0.0,,Low-Value,Lost Customer
15793,1.0,1.0,High-Value Customer,High-Value Customer
15794,3.0,,Loyal Customer,Lost Customer
15795,1.0,2.0,High-Value Customer,At-Risk 
15796,1.0,1.0,High-Value Customer,High-Value Customer
15797,3.0,3.0,Loyal Customer,Loyal Customer
15798,3.0,,Loyal Customer,Lost Customer
15799,0.0,3.0,Low-Value,Loyal Customer
15800,3.0,3.0,Loyal Customer,Loyal Customer
15801,,3.0,New Customer,Loyal Customer
15803,3.0,0.0,Loyal Customer,Low-Value
15804,,-1.0,New Customer,TOP VIP
15805,-1.0,-1.0,TOP VIP,TOP VIP
15806,,3.0,New Customer,Loyal Customer
15807,3.0,3.0,Loyal Customer,Loyal Customer
15808,-1.0,3.0,TOP VIP,Loyal Customer
15809,3.0,1.0,Loyal Customer,High-Value Customer
15810,1.0,3.0,High-Value Customer,Loyal Customer
15811,0.0,1.0,Low-Value,High-Value Customer
15812,1.0,3.0,High-Value Customer,Loyal Customer
15813,,3.0,New Customer,Loyal Customer
15814,0.0,1.0,Low-Value,High-Value Customer
15815,,1.0,New Customer,High-Value Customer
15816,2.0,,At-Risk ,Lost Customer
15817,3.0,,Loyal Customer,Lost Customer
15818,2.0,,At-Risk ,Lost Customer
15819,1.0,1.0,High-Value Customer,High-Value Customer
15820,,2.0,New Customer,At-Risk 
15821,,3.0,New Customer,Loyal Customer
15822,3.0,0.0,Loyal Customer,Low-Value
15823,3.0,,Loyal Customer,Lost Customer
15824,3.0,,Loyal Customer,Lost Customer
15825,,2.0,New Customer,At-Risk 
15826,2.0,3.0,At-Risk ,Loyal Customer
15827,1.0,1.0,High-Value Customer,High-Value Customer
15828,0.0,,Low-Value,Lost Customer
15829,,3.0,New Customer,Loyal Customer
15830,,0.0,New Customer,Low-Value
15831,,3.0,New Customer,Loyal Customer
15832,,3.0,New Customer,Loyal Customer
15833,2.0,,At-Risk ,Lost Customer
15834,1.0,3.0,High-Value Customer,Loyal Customer
15835,,3.0,New Customer,Loyal Customer
15836,,2.0,New Customer,At-Risk 
15837,2.0,2.0,At-Risk ,At-Risk 
15838,-1.0,-1.0,TOP VIP,TOP VIP
15839,,3.0,New Customer,Loyal Customer
15840,,3.0,New Customer,Loyal Customer
15841,1.0,3.0,High-Value Customer,Loyal Customer
15842,0.0,,Low-Value,Lost Customer
15843,,2.0,New Customer,At-Risk 
15844,,2.0,New Customer,At-Risk 
15845,3.0,1.0,Loyal Customer,High-Value Customer
15846,0.0,,Low-Value,Lost Customer
15847,3.0,0.0,Loyal Customer,Low-Value
15848,2.0,,At-Risk ,Lost Customer
15850,1.0,0.0,High-Value Customer,Low-Value
15851,2.0,,At-Risk ,Lost Customer
15852,2.0,2.0,At-Risk ,At-Risk 
15853,,2.0,New Customer,At-Risk 
15854,1.0,1.0,High-Value Customer,High-Value Customer
15855,2.0,3.0,At-Risk ,Loyal Customer
15856,-1.0,-1.0,TOP VIP,TOP VIP
15857,2.0,0.0,At-Risk ,Low-Value
15858,1.0,1.0,High-Value Customer,High-Value Customer
15859,2.0,,At-Risk ,Lost Customer
15860,1.0,1.0,High-Value Customer,High-Value Customer
15861,3.0,1.0,Loyal Customer,High-Value Customer
15862,1.0,1.0,High-Value Customer,High-Value Customer
15863,2.0,0.0,At-Risk ,Low-Value
15864,0.0,1.0,Low-Value,High-Value Customer
15865,3.0,3.0,Loyal Customer,Loyal Customer
15866,,2.0,New Customer,At-Risk 
15867,-1.0,-1.0,TOP VIP,TOP VIP
15868,2.0,,At-Risk ,Lost Customer
15869,2.0,2.0,At-Risk ,At-Risk 
15870,0.0,0.0,Low-Value,Low-Value
15871,2.0,,At-Risk ,Lost Customer
15872,0.0,0.0,Low-Value,Low-Value
15873,3.0,,Loyal Customer,Lost Customer
15874,-1.0,1.0,TOP VIP,High-Value Customer
15875,2.0,,At-Risk ,Lost Customer
15876,3.0,,Loyal Customer,Lost Customer
15877,,0.0,New Customer,Low-Value
15878,2.0,,At-Risk ,Lost Customer
15879,3.0,,Loyal Customer,Lost Customer
15880,,2.0,New Customer,At-Risk 
15881,,3.0,New Customer,Loyal Customer
15882,1.0,3.0,High-Value Customer,Loyal Customer
15883,,0.0,New Customer,Low-Value
15884,2.0,,At-Risk ,Lost Customer
15885,1.0,2.0,High-Value Customer,At-Risk 
15886,3.0,2.0,Loyal Customer,At-Risk 
15887,3.0,,Loyal Customer,Lost Customer
15888,0.0,2.0,Low-Value,At-Risk 
15889,1.0,2.0,High-Value Customer,At-Risk 
15890,1.0,,High-Value Customer,Lost Customer
15891,,2.0,New Customer,At-Risk 
15892,2.0,,At-Risk ,Lost Customer
15893,2.0,,At-Risk ,Lost Customer
15894,,2.0,New Customer,At-Risk 
15895,,2.0,New Customer,At-Risk 
15897,,2.0,New Customer,At-Risk 
15898,1.0,1.0,High-Value Customer,High-Value Customer
15899,,2.0,New Customer,At-Risk 
15900,3.0,0.0,Loyal Customer,Low-Value
15901,3.0,0.0,Loyal Customer,Low-Value
15902,0.0,,Low-Value,Lost Customer
15903,1.0,1.0,High-Value Customer,High-Value Customer
15904,,0.0,New Customer,Low-Value
15905,2.0,,At-Risk ,Lost Customer
15906,1.0,1.0,High-Value Customer,High-Value Customer
15907,,1.0,New Customer,High-Value Customer
15908,3.0,,Loyal Customer,Lost Customer
15909,,2.0,New Customer,At-Risk 
15910,1.0,1.0,High-Value Customer,High-Value Customer
15911,3.0,,Loyal Customer,Lost Customer
15912,3.0,2.0,Loyal Customer,At-Risk 
15913,2.0,,At-Risk ,Lost Customer
15914,0.0,,Low-Value,Lost Customer
15915,0.0,,Low-Value,Lost Customer
15916,1.0,1.0,High-Value Customer,High-Value Customer
15917,3.0,2.0,Loyal Customer,At-Risk 
15918,2.0,2.0,At-Risk ,At-Risk 
15919,,0.0,New Customer,Low-Value
15920,3.0,2.0,Loyal Customer,At-Risk 
15921,0.0,2.0,Low-Value,At-Risk 
15922,,2.0,New Customer,At-Risk 
15923,,2.0,New Customer,At-Risk 
15924,2.0,,At-Risk ,Lost Customer
15925,,2.0,New Customer,At-Risk 
15926,2.0,,At-Risk ,Lost Customer
15927,2.0,,At-Risk ,Lost Customer
15928,2.0,,At-Risk ,Lost Customer
15929,2.0,,At-Risk ,Lost Customer
15930,,2.0,New Customer,At-Risk 
15931,2.0,,At-Risk ,Lost Customer
15932,,1.0,New Customer,High-Value Customer
15933,,1.0,New Customer,High-Value Customer
15934,3.0,,Loyal Customer,Lost Customer
15935,,2.0,New Customer,At-Risk 
15936,0.0,,Low-Value,Lost Customer
15937,,2.0,New Customer,At-Risk 
15938,3.0,3.0,Loyal Customer,Loyal Customer
15939,0.0,1.0,Low-Value,High-Value Customer
15940,,2.0,New Customer,At-Risk 
15941,2.0,,At-Risk ,Lost Customer
15942,,2.0,New Customer,At-Risk 
15943,2.0,,At-Risk ,Lost Customer
15944,1.0,2.0,High-Value Customer,At-Risk 
15945,3.0,2.0,Loyal Customer,At-Risk 
15946,3.0,,Loyal Customer,Lost Customer
15947,,3.0,New Customer,Loyal Customer
15948,0.0,0.0,Low-Value,Low-Value
15949,,0.0,New Customer,Low-Value
15950,1.0,1.0,High-Value Customer,High-Value Customer
15951,0.0,0.0,Low-Value,Low-Value
15952,,3.0,New Customer,Loyal Customer
15953,1.0,1.0,High-Value Customer,High-Value Customer
15954,2.0,,At-Risk ,Lost Customer
15955,1.0,-1.0,High-Value Customer,TOP VIP
15956,3.0,,Loyal Customer,Lost Customer
15957,0.0,0.0,Low-Value,Low-Value
15958,0.0,2.0,Low-Value,At-Risk 
15959,3.0,,Loyal Customer,Lost Customer
15960,1.0,,High-Value Customer,Lost Customer
15961,0.0,,Low-Value,Lost Customer
15962,2.0,,At-Risk ,Lost Customer
15963,,0.0,New Customer,Low-Value
15964,2.0,,At-Risk ,Lost Customer
15965,1.0,1.0,High-Value Customer,High-Value Customer
15966,2.0,,At-Risk ,Lost Customer
15967,1.0,0.0,High-Value Customer,Low-Value
15968,0.0,,Low-Value,Lost Customer
15969,0.0,0.0,Low-Value,Low-Value
15970,2.0,2.0,At-Risk ,At-Risk 
15971,1.0,-1.0,High-Value Customer,TOP VIP
15972,3.0,,Loyal Customer,Lost Customer
15973,2.0,2.0,At-Risk ,At-Risk 
15974,,1.0,New Customer,High-Value Customer
15975,,2.0,New Customer,At-Risk 
15976,3.0,3.0,Loyal Customer,Loyal Customer
15977,,0.0,New Customer,Low-Value
15978,3.0,3.0,Loyal Customer,Loyal Customer
15979,2.0,,At-Risk ,Lost Customer
15980,3.0,3.0,Loyal Customer,Loyal Customer
15981,-1.0,1.0,TOP VIP,High-Value Customer
15982,2.0,,At-Risk ,Lost Customer
15983,1.0,1.0,High-Value Customer,High-Value Customer
15984,-1.0,1.0,TOP VIP,High-Value Customer
15985,3.0,3.0,Loyal Customer,Loyal Customer
15986,0.0,0.0,Low-Value,Low-Value
15987,0.0,1.0,Low-Value,High-Value Customer
15988,3.0,0.0,Loyal Customer,Low-Value
15989,0.0,,Low-Value,Lost Customer
15990,3.0,3.0,Loyal Customer,Loyal Customer
15991,2.0,,At-Risk ,Lost Customer
15992,0.0,0.0,Low-Value,Low-Value
15993,,1.0,New Customer,High-Value Customer
15994,3.0,2.0,Loyal Customer,At-Risk 
15995,0.0,,Low-Value,Lost Customer
15996,0.0,3.0,Low-Value,Loyal Customer
15998,1.0,1.0,High-Value Customer,High-Value Customer
15999,2.0,,At-Risk ,Lost Customer
16000,,1.0,New Customer,High-Value Customer
16001,0.0,,Low-Value,Lost Customer
16002,2.0,,At-Risk ,Lost Customer
16003,1.0,1.0,High-Value Customer,High-Value Customer
16004,3.0,,Loyal Customer,Lost Customer
16005,1.0,1.0,High-Value Customer,High-Value Customer
16006,0.0,2.0,Low-Value,At-Risk 
16007,1.0,1.0,High-Value Customer,High-Value Customer
16008,-1.0,0.0,TOP VIP,Low-Value
16009,,1.0,New Customer,High-Value Customer
16010,1.0,3.0,High-Value Customer,Loyal Customer
16011,1.0,1.0,High-Value Customer,High-Value Customer
16012,3.0,3.0,Loyal Customer,Loyal Customer
16013,-1.0,-1.0,TOP VIP,TOP VIP
16014,0.0,3.0,Low-Value,Loyal Customer
16015,,0.0,New Customer,Low-Value
16016,0.0,1.0,Low-Value,High-Value Customer
16017,3.0,2.0,Loyal Customer,At-Risk 
16018,0.0,0.0,Low-Value,Low-Value
16019,-1.0,1.0,TOP VIP,High-Value Customer
16020,,1.0,New Customer,High-Value Customer
16021,0.0,,Low-Value,Lost Customer
16022,,2.0,New Customer,At-Risk 
16023,,3.0,New Customer,Loyal Customer
16024,0.0,0.0,Low-Value,Low-Value
16025,,0.0,New Customer,Low-Value
16026,,2.0,New Customer,At-Risk 
16027,1.0,3.0,High-Value Customer,Loyal Customer
16028,2.0,,At-Risk ,Lost Customer
16029,-1.0,-1.0,TOP VIP,TOP VIP
16030,,2.0,New Customer,At-Risk 
16031,,3.0,New Customer,Loyal Customer
16032,3.0,,Loyal Customer,Lost Customer
16033,1.0,-1.0,High-Value Customer,TOP VIP
16034,0.0,3.0,Low-Value,Loyal Customer
16035,2.0,,At-Risk ,Lost Customer
16036,3.0,3.0,Loyal Customer,Loyal Customer
16037,3.0,3.0,Loyal Customer,Loyal Customer
16038,,0.0,New Customer,Low-Value
16039,0.0,,Low-Value,Lost Customer
16040,3.0,3.0,Loyal Customer,Loyal Customer
16041,,1.0,New Customer,High-Value Customer
16042,1.0,1.0,High-Value Customer,High-Value Customer
16043,1.0,3.0,High-Value Customer,Loyal Customer
16044,2.0,,At-Risk ,Lost Customer
16045,3.0,3.0,Loyal Customer,Loyal Customer
16046,2.0,,At-Risk ,Lost Customer
16048,0.0,2.0,Low-Value,At-Risk 
16049,1.0,3.0,High-Value Customer,Loyal Customer
16050,0.0,2.0,Low-Value,At-Risk 
16051,2.0,,At-Risk ,Lost Customer
16052,,2.0,New Customer,At-Risk 
16053,3.0,3.0,Loyal Customer,Loyal Customer
16054,3.0,3.0,Loyal Customer,Loyal Customer
16055,,2.0,New Customer,At-Risk 
16056,,0.0,New Customer,Low-Value
16057,3.0,1.0,Loyal Customer,High-Value Customer
16058,2.0,,At-Risk ,Lost Customer
16059,1.0,1.0,High-Value Customer,High-Value Customer
16060,0.0,,Low-Value,Lost Customer
16061,2.0,,At-Risk ,Lost Customer
16062,1.0,1.0,High-Value Customer,High-Value Customer
16063,,2.0,New Customer,At-Risk 
16064,2.0,,At-Risk ,Lost Customer
16065,1.0,2.0,High-Value Customer,At-Risk 
16066,,1.0,New Customer,High-Value Customer
16067,3.0,,Loyal Customer,Lost Customer
16068,2.0,,At-Risk ,Lost Customer
16069,0.0,,Low-Value,Lost Customer
16070,,0.0,New Customer,Low-Value
16071,3.0,0.0,Loyal Customer,Low-Value
16072,3.0,2.0,Loyal Customer,At-Risk 
16073,,2.0,New Customer,At-Risk 
16074,0.0,,Low-Value,Lost Customer
16075,3.0,,Loyal Customer,Lost Customer
16076,,1.0,New Customer,High-Value Customer
16077,3.0,,Loyal Customer,Lost Customer
16078,2.0,2.0,At-Risk ,At-Risk 
16079,,1.0,New Customer,High-Value Customer
16080,0.0,2.0,Low-Value,At-Risk 
16081,1.0,1.0,High-Value Customer,High-Value Customer
16082,2.0,,At-Risk ,Lost Customer
16083,0.0,3.0,Low-Value,Loyal Customer
16084,,2.0,New Customer,At-Risk 
16085,1.0,1.0,High-Value Customer,High-Value Customer
16086,1.0,1.0,High-Value Customer,High-Value Customer
16087,1.0,,High-Value Customer,Lost Customer
16088,3.0,,Loyal Customer,Lost Customer
16089,0.0,,Low-Value,Lost Customer
16090,2.0,,At-Risk ,Lost Customer
16091,,2.0,New Customer,At-Risk 
16092,3.0,3.0,Loyal Customer,Loyal Customer
16093,,2.0,New Customer,At-Risk 
16094,1.0,1.0,High-Value Customer,High-Value Customer
16095,2.0,,At-Risk ,Lost Customer
16096,3.0,2.0,Loyal Customer,At-Risk 
16097,,2.0,New Customer,At-Risk 
16098,1.0,1.0,High-Value Customer,High-Value Customer
16099,3.0,3.0,Loyal Customer,Loyal Customer
16100,2.0,,At-Risk ,Lost Customer
16101,3.0,3.0,Loyal Customer,Loyal Customer
16102,,3.0,New Customer,Loyal Customer
16103,-1.0,1.0,TOP VIP,High-Value Customer
16104,1.0,2.0,High-Value Customer,At-Risk 
16105,3.0,2.0,Loyal Customer,At-Risk 
16106,,2.0,New Customer,At-Risk 
16107,,1.0,New Customer,High-Value Customer
16108,3.0,3.0,Loyal Customer,Loyal Customer
16109,2.0,3.0,At-Risk ,Loyal Customer
16110,2.0,3.0,At-Risk ,Loyal Customer
16111,0.0,,Low-Value,Lost Customer
16112,,3.0,New Customer,Loyal Customer
16113,,2.0,New Customer,At-Risk 
16114,,2.0,New Customer,At-Risk 
16115,1.0,1.0,High-Value Customer,High-Value Customer
16116,,2.0,New Customer,At-Risk 
16117,0.0,2.0,Low-Value,At-Risk 
16118,3.0,,Loyal Customer,Lost Customer
16119,1.0,0.0,High-Value Customer,Low-Value
16120,3.0,3.0,Loyal Customer,Loyal Customer
16121,0.0,3.0,Low-Value,Loyal Customer
16122,0.0,3.0,Low-Value,Loyal Customer
16123,,2.0,New Customer,At-Risk 
16124,3.0,2.0,Loyal Customer,At-Risk 
16125,-1.0,2.0,TOP VIP,At-Risk 
16126,1.0,1.0,High-Value Customer,High-Value Customer
16127,2.0,0.0,At-Risk ,Low-Value
16128,1.0,1.0,High-Value Customer,High-Value Customer
16129,3.0,,Loyal Customer,Lost Customer
16130,3.0,,Loyal Customer,Lost Customer
16131,1.0,1.0,High-Value Customer,High-Value Customer
16132,3.0,,Loyal Customer,Lost Customer
16133,-1.0,-1.0,TOP VIP,TOP VIP
16134,3.0,0.0,Loyal Customer,Low-Value
16135,2.0,2.0,At-Risk ,At-Risk 
16136,2.0,3.0,At-Risk ,Loyal Customer
16137,2.0,,At-Risk ,Lost Customer
16138,1.0,,High-Value Customer,Lost Customer
16139,2.0,0.0,At-Risk ,Low-Value
16140,2.0,3.0,At-Risk ,Loyal Customer
16141,0.0,2.0,Low-Value,At-Risk 
16142,,2.0,New Customer,At-Risk 
16143,1.0,1.0,High-Value Customer,High-Value Customer
16144,,2.0,New Customer,At-Risk 
16145,1.0,1.0,High-Value Customer,High-Value Customer
16146,2.0,3.0,At-Risk ,Loyal Customer
16147,1.0,2.0,High-Value Customer,At-Risk 
16148,2.0,2.0,At-Risk ,At-Risk 
16149,2.0,0.0,At-Risk ,Low-Value
16150,3.0,1.0,Loyal Customer,High-Value Customer
16152,,3.0,New Customer,Loyal Customer
16153,1.0,1.0,High-Value Customer,High-Value Customer
16155,1.0,,High-Value Customer,Lost Customer
16156,1.0,1.0,High-Value Customer,High-Value Customer
16157,,0.0,New Customer,Low-Value
16158,3.0,,Loyal Customer,Lost Customer
16159,3.0,2.0,Loyal Customer,At-Risk 
16160,,3.0,New Customer,Loyal Customer
16161,-1.0,-1.0,TOP VIP,TOP VIP
16162,,2.0,New Customer,At-Risk 
16163,3.0,3.0,Loyal Customer,Loyal Customer
16164,,0.0,New Customer,Low-Value
16165,2.0,,At-Risk ,Lost Customer
16166,0.0,,Low-Value,Lost Customer
16167,1.0,,High-Value Customer,Lost Customer
16168,-1.0,-1.0,TOP VIP,TOP VIP
16169,,1.0,New Customer,High-Value Customer
16170,-1.0,1.0,TOP VIP,High-Value Customer
16171,,2.0,New Customer,At-Risk 
16172,3.0,3.0,Loyal Customer,Loyal Customer
16173,,1.0,New Customer,High-Value Customer
16174,3.0,3.0,Loyal Customer,Loyal Customer
16175,3.0,3.0,Loyal Customer,Loyal Customer
16176,3.0,,Loyal Customer,Lost Customer
16177,1.0,2.0,High-Value Customer,At-Risk 
16178,0.0,2.0,Low-Value,At-Risk 
16179,,2.0,New Customer,At-Risk 
16180,3.0,1.0,Loyal Customer,High-Value Customer
16181,,2.0,New Customer,At-Risk 
16182,3.0,1.0,Loyal Customer,High-Value Customer
16183,3.0,2.0,Loyal Customer,At-Risk 
16184,,1.0,New Customer,High-Value Customer
16185,2.0,0.0,At-Risk ,Low-Value
16186,-1.0,-1.0,TOP VIP,TOP VIP
16187,,-1.0,New Customer,TOP VIP
16188,2.0,3.0,At-Risk ,Loyal Customer
16189,,0.0,New Customer,Low-Value
16190,1.0,0.0,High-Value Customer,Low-Value
16191,1.0,-1.0,High-Value Customer,TOP VIP
16192,2.0,,At-Risk ,Lost Customer
16193,0.0,2.0,Low-Value,At-Risk 
16194,0.0,,Low-Value,Lost Customer
16195,2.0,,At-Risk ,Lost Customer
16196,2.0,,At-Risk ,Lost Customer
16197,1.0,,High-Value Customer,Lost Customer
16198,2.0,2.0,At-Risk ,At-Risk 
16199,1.0,,High-Value Customer,Lost Customer
16200,1.0,0.0,High-Value Customer,Low-Value
16201,2.0,1.0,At-Risk ,High-Value Customer
16202,1.0,2.0,High-Value Customer,At-Risk 
16203,0.0,3.0,Low-Value,Loyal Customer
16204,0.0,0.0,Low-Value,Low-Value
16205,3.0,1.0,Loyal Customer,High-Value Customer
16206,1.0,3.0,High-Value Customer,Loyal Customer
16207,,0.0,New Customer,Low-Value
16208,1.0,3.0,High-Value Customer,Loyal Customer
16209,1.0,3.0,High-Value Customer,Loyal Customer
16210,-1.0,-1.0,TOP VIP,TOP VIP
16211,3.0,2.0,Loyal Customer,At-Risk 
16212,3.0,0.0,Loyal Customer,Low-Value
16213,,2.0,New Customer,At-Risk 
16214,3.0,3.0,Loyal Customer,Loyal Customer
16215,,2.0,New Customer,At-Risk 
16216,,3.0,New Customer,Loyal Customer
16217,,2.0,New Customer,At-Risk 
16218,1.0,1.0,High-Value Customer,High-Value Customer
16219,2.0,,At-Risk ,Lost Customer
16221,1.0,3.0,High-Value Customer,Loyal Customer
16222,2.0,2.0,At-Risk ,At-Risk 
16223,0.0,,Low-Value,Lost Customer
16224,0.0,3.0,Low-Value,Loyal Customer
16225,1.0,1.0,High-Value Customer,High-Value Customer
16226,0.0,2.0,Low-Value,At-Risk 
16227,3.0,2.0,Loyal Customer,At-Risk 
16228,0.0,,Low-Value,Lost Customer
16229,1.0,3.0,High-Value Customer,Loyal Customer
16230,,3.0,New Customer,Loyal Customer
16231,1.0,,High-Value Customer,Lost Customer
16232,3.0,3.0,Loyal Customer,Loyal Customer
16233,1.0,3.0,High-Value Customer,Loyal Customer
16234,3.0,,Loyal Customer,Lost Customer
16235,1.0,3.0,High-Value Customer,Loyal Customer
16236,,2.0,New Customer,At-Risk 
16237,2.0,,At-Risk ,Lost Customer
16238,2.0,,At-Risk ,Lost Customer
16239,1.0,3.0,High-Value Customer,Loyal Customer
16240,,1.0,New Customer,High-Value Customer
16241,1.0,1.0,High-Value Customer,High-Value Customer
16242,1.0,1.0,High-Value Customer,High-Value Customer
16243,,0.0,New Customer,Low-Value
16244,,3.0,New Customer,Loyal Customer
16245,,1.0,New Customer,High-Value Customer
16246,3.0,,Loyal Customer,Lost Customer
16247,,2.0,New Customer,At-Risk 
16248,,2.0,New Customer,At-Risk 
16249,,1.0,New Customer,High-Value Customer
16250,0.0,2.0,Low-Value,At-Risk 
16251,2.0,,At-Risk ,Lost Customer
16252,0.0,,Low-Value,Lost Customer
16253,1.0,3.0,High-Value Customer,Loyal Customer
16254,1.0,,High-Value Customer,Lost Customer
16255,1.0,1.0,High-Value Customer,High-Value Customer
16256,3.0,2.0,Loyal Customer,At-Risk 
16257,,2.0,New Customer,At-Risk 
16258,1.0,1.0,High-Value Customer,High-Value Customer
16259,0.0,,Low-Value,Lost Customer
16260,,3.0,New Customer,Loyal Customer
16261,0.0,1.0,Low-Value,High-Value Customer
16262,0.0,,Low-Value,Lost Customer
16263,2.0,,At-Risk ,Lost Customer
16264,3.0,,Loyal Customer,Lost Customer
16265,1.0,1.0,High-Value Customer,High-Value Customer
16266,1.0,1.0,High-Value Customer,High-Value Customer
16267,2.0,,At-Risk ,Lost Customer
16268,,3.0,New Customer,Loyal Customer
16269,0.0,,Low-Value,Lost Customer
16270,,3.0,New Customer,Loyal Customer
16271,3.0,1.0,Loyal Customer,High-Value Customer
16272,,2.0,New Customer,At-Risk 
16273,2.0,,At-Risk ,Lost Customer
16274,,2.0,New Customer,At-Risk 
16275,3.0,2.0,Loyal Customer,At-Risk 
16276,3.0,3.0,Loyal Customer,Loyal Customer
16277,2.0,,At-Risk ,Lost Customer
16278,3.0,2.0,Loyal Customer,At-Risk 
16279,1.0,1.0,High-Value Customer,High-Value Customer
16280,2.0,,At-Risk ,Lost Customer
16281,3.0,3.0,Loyal Customer,Loyal Customer
16282,3.0,2.0,Loyal Customer,At-Risk 
16283,3.0,1.0,Loyal Customer,High-Value Customer
16284,0.0,3.0,Low-Value,Loyal Customer
16285,2.0,,At-Risk ,Lost Customer
16286,2.0,,At-Risk ,Lost Customer
16287,1.0,2.0,High-Value Customer,At-Risk 
16288,2.0,,At-Risk ,Lost Customer
16289,2.0,,At-Risk ,Lost Customer
16290,3.0,,Loyal Customer,Lost Customer
16292,1.0,2.0,High-Value Customer,At-Risk 
16293,1.0,1.0,High-Value Customer,High-Value Customer
16294,2.0,,At-Risk ,Lost Customer
16295,,1.0,New Customer,High-Value Customer
16296,3.0,,Loyal Customer,Lost Customer
16297,,2.0,New Customer,At-Risk 
16298,3.0,0.0,Loyal Customer,Low-Value
16299,2.0,,At-Risk ,Lost Customer
16300,3.0,,Loyal Customer,Lost Customer
16301,2.0,,At-Risk ,Lost Customer
16302,,2.0,New Customer,At-Risk 
16303,1.0,1.0,High-Value Customer,High-Value Customer
16304,2.0,,At-Risk ,Lost Customer
16305,,2.0,New Customer,At-Risk 
16306,2.0,3.0,At-Risk ,Loyal Customer
16307,3.0,,Loyal Customer,Lost Customer
16308,3.0,1.0,Loyal Customer,High-Value Customer
16309,,3.0,New Customer,Loyal Customer
16310,0.0,,Low-Value,Lost Customer
16311,,0.0,New Customer,Low-Value
16312,2.0,,At-Risk ,Lost Customer
16313,,0.0,New Customer,Low-Value
16314,1.0,,High-Value Customer,Lost Customer
16315,2.0,2.0,At-Risk ,At-Risk 
16316,1.0,1.0,High-Value Customer,High-Value Customer
16317,3.0,3.0,Loyal Customer,Loyal Customer
16318,,0.0,New Customer,Low-Value
16319,,2.0,New Customer,At-Risk 
16320,3.0,3.0,Loyal Customer,Loyal Customer
16321,2.0,3.0,At-Risk ,Loyal Customer
16322,,0.0,New Customer,Low-Value
16323,2.0,2.0,At-Risk ,At-Risk 
16324,,3.0,New Customer,Loyal Customer
16325,1.0,3.0,High-Value Customer,Loyal Customer
16326,1.0,1.0,High-Value Customer,High-Value Customer
16327,1.0,1.0,High-Value Customer,High-Value Customer
16328,2.0,,At-Risk ,Lost Customer
16329,3.0,,Loyal Customer,Lost Customer
16330,3.0,0.0,Loyal Customer,Low-Value
16331,1.0,,High-Value Customer,Lost Customer
16332,3.0,1.0,Loyal Customer,High-Value Customer
16333,,-1.0,New Customer,TOP VIP
16334,2.0,,At-Risk ,Lost Customer
16335,3.0,,Loyal Customer,Lost Customer
16336,3.0,,Loyal Customer,Lost Customer
16337,,2.0,New Customer,At-Risk 
16338,,2.0,New Customer,At-Risk 
16339,,2.0,New Customer,At-Risk 
16340,3.0,2.0,Loyal Customer,At-Risk 
16341,3.0,1.0,Loyal Customer,High-Value Customer
16342,,3.0,New Customer,Loyal Customer
16343,0.0,0.0,Low-Value,Low-Value
16344,3.0,2.0,Loyal Customer,At-Risk 
16345,2.0,0.0,At-Risk ,Low-Value
16346,0.0,,Low-Value,Lost Customer
16347,1.0,0.0,High-Value Customer,Low-Value
16348,2.0,1.0,At-Risk ,High-Value Customer
16349,,2.0,New Customer,At-Risk 
16350,1.0,1.0,High-Value Customer,High-Value Customer
16351,1.0,2.0,High-Value Customer,At-Risk 
16352,,0.0,New Customer,Low-Value
16353,1.0,-1.0,High-Value Customer,TOP VIP
16354,0.0,3.0,Low-Value,Loyal Customer
16355,0.0,,Low-Value,Lost Customer
16356,0.0,2.0,Low-Value,At-Risk 
16357,0.0,3.0,Low-Value,Loyal Customer
16358,0.0,1.0,Low-Value,High-Value Customer
16359,1.0,1.0,High-Value Customer,High-Value Customer
16360,,1.0,New Customer,High-Value Customer
16361,,1.0,New Customer,High-Value Customer
16362,2.0,1.0,At-Risk ,High-Value Customer
16363,,2.0,New Customer,At-Risk 
16364,,0.0,New Customer,Low-Value
16365,1.0,1.0,High-Value Customer,High-Value Customer
16366,3.0,0.0,Loyal Customer,Low-Value
16367,0.0,3.0,Low-Value,Loyal Customer
16368,2.0,0.0,At-Risk ,Low-Value
16369,3.0,1.0,Loyal Customer,High-Value Customer
16370,,3.0,New Customer,Loyal Customer
16371,2.0,,At-Risk ,Lost Customer
16372,3.0,0.0,Loyal Customer,Low-Value
16373,0.0,,Low-Value,Lost Customer
16374,3.0,3.0,Loyal Customer,Loyal Customer
16375,2.0,,At-Risk ,Lost Customer
16376,,0.0,New Customer,Low-Value
16377,2.0,2.0,At-Risk ,At-Risk 
16378,,3.0,New Customer,Loyal Customer
16379,,1.0,New Customer,High-Value Customer
16380,,3.0,New Customer,Loyal Customer
16381,0.0,,Low-Value,Lost Customer
16382,0.0,,Low-Value,Lost Customer
16383,1.0,3.0,High-Value Customer,Loyal Customer
16384,3.0,3.0,Loyal Customer,Loyal Customer
16385,0.0,3.0,Low-Value,Loyal Customer
16386,0.0,0.0,Low-Value,Low-Value
16387,1.0,2.0,High-Value Customer,At-Risk 
16388,2.0,,At-Risk ,Lost Customer
16389,,3.0,New Customer,Loyal Customer
16390,3.0,,Loyal Customer,Lost Customer
16391,3.0,,Loyal Customer,Lost Customer
16392,0.0,2.0,Low-Value,At-Risk 
16393,1.0,1.0,High-Value Customer,High-Value Customer
16394,,1.0,New Customer,High-Value Customer
16395,1.0,1.0,High-Value Customer,High-Value Customer
16396,2.0,,At-Risk ,Lost Customer
16397,2.0,,At-Risk ,Lost Customer
16398,,3.0,New Customer,Loyal Customer
16399,0.0,0.0,Low-Value,Low-Value
16400,1.0,2.0,High-Value Customer,At-Risk 
16401,1.0,-1.0,High-Value Customer,TOP VIP
16402,,2.0,New Customer,At-Risk 
16403,,2.0,New Customer,At-Risk 
16404,,2.0,New Customer,At-Risk 
16405,,2.0,New Customer,At-Risk 
16406,2.0,0.0,At-Risk ,Low-Value
16407,1.0,1.0,High-Value Customer,High-Value Customer
16408,2.0,,At-Risk ,Lost Customer
16409,1.0,1.0,High-Value Customer,High-Value Customer
16410,2.0,,At-Risk ,Lost Customer
16411,0.0,0.0,Low-Value,Low-Value
16412,0.0,2.0,Low-Value,At-Risk 
16413,0.0,2.0,Low-Value,At-Risk 
16414,3.0,0.0,Loyal Customer,Low-Value
16415,2.0,2.0,At-Risk ,At-Risk 
16416,1.0,3.0,High-Value Customer,Loyal Customer
16417,2.0,,At-Risk ,Lost Customer
16418,0.0,3.0,Low-Value,Loyal Customer
16419,2.0,3.0,At-Risk ,Loyal Customer
16420,0.0,,Low-Value,Lost Customer
16421,0.0,,Low-Value,Lost Customer
16422,-1.0,-1.0,TOP VIP,TOP VIP
16423,,0.0,New Customer,Low-Value
16424,0.0,2.0,Low-Value,At-Risk 
16425,,2.0,New Customer,At-Risk 
16426,,1.0,New Customer,High-Value Customer
16427,,2.0,New Customer,At-Risk 
16428,3.0,,Loyal Customer,Lost Customer
16429,,2.0,New Customer,At-Risk 
16430,1.0,2.0,High-Value Customer,At-Risk 
16431,,3.0,New Customer,Loyal Customer
16432,,2.0,New Customer,At-Risk 
16433,0.0,0.0,Low-Value,Low-Value
16434,3.0,1.0,Loyal Customer,High-Value Customer
16435,3.0,,Loyal Customer,Lost Customer
16436,2.0,,At-Risk ,Lost Customer
16437,0.0,,Low-Value,Lost Customer
16438,,1.0,New Customer,High-Value Customer
16439,2.0,,At-Risk ,Lost Customer
16440,2.0,1.0,At-Risk ,High-Value Customer
16441,3.0,3.0,Loyal Customer,Loyal Customer
16442,2.0,0.0,At-Risk ,Low-Value
16443,2.0,,At-Risk ,Lost Customer
16444,1.0,3.0,High-Value Customer,Loyal Customer
16445,0.0,0.0,Low-Value,Low-Value
16446,,1.0,New Customer,High-Value Customer
16447,2.0,2.0,At-Risk ,At-Risk 
16448,2.0,2.0,At-Risk ,At-Risk 
16449,,3.0,New Customer,Loyal Customer
16450,3.0,2.0,Loyal Customer,At-Risk 
16451,3.0,2.0,Loyal Customer,At-Risk 
16452,2.0,,At-Risk ,Lost Customer
16453,2.0,,At-Risk ,Lost Customer
16454,2.0,2.0,At-Risk ,At-Risk 
16455,1.0,1.0,High-Value Customer,High-Value Customer
16456,1.0,3.0,High-Value Customer,Loyal Customer
16457,,2.0,New Customer,At-Risk 
16458,1.0,1.0,High-Value Customer,High-Value Customer
16459,2.0,,At-Risk ,Lost Customer
16460,,3.0,New Customer,Loyal Customer
16461,3.0,2.0,Loyal Customer,At-Risk 
16462,,2.0,New Customer,At-Risk 
16463,,1.0,New Customer,High-Value Customer
16464,,1.0,New Customer,High-Value Customer
16465,3.0,,Loyal Customer,Lost Customer
16466,1.0,1.0,High-Value Customer,High-Value Customer
16467,3.0,,Loyal Customer,Lost Customer
16468,3.0,2.0,Loyal Customer,At-Risk 
16469,2.0,1.0,At-Risk ,High-Value Customer
16470,1.0,3.0,High-Value Customer,Loyal Customer
16471,3.0,2.0,Loyal Customer,At-Risk 
16472,3.0,,Loyal Customer,Lost Customer
16473,0.0,3.0,Low-Value,Loyal Customer
16474,,1.0,New Customer,High-Value Customer
16475,,3.0,New Customer,Loyal Customer
16476,2.0,,At-Risk ,Lost Customer
16477,1.0,1.0,High-Value Customer,High-Value Customer
16478,,0.0,New Customer,Low-Value
16479,,0.0,New Customer,Low-Value
16480,,3.0,New Customer,Loyal Customer
16481,2.0,,At-Risk ,Lost Customer
16482,,0.0,New Customer,Low-Value
16483,,2.0,New Customer,At-Risk 
16484,,2.0,New Customer,At-Risk 
16485,3.0,2.0,Loyal Customer,At-Risk 
16486,2.0,,At-Risk ,Lost Customer
16487,2.0,,At-Risk ,Lost Customer
16488,,3.0,New Customer,Loyal Customer
16489,0.0,,Low-Value,Lost Customer
16490,2.0,,At-Risk ,Lost Customer
16491,0.0,0.0,Low-Value,Low-Value
16492,2.0,,At-Risk ,Lost Customer
16493,3.0,3.0,Loyal Customer,Loyal Customer
16494,,2.0,New Customer,At-Risk 
16495,,0.0,New Customer,Low-Value
16496,3.0,1.0,Loyal Customer,High-Value Customer
16497,-1.0,1.0,TOP VIP,High-Value Customer
16498,,2.0,New Customer,At-Risk 
16499,1.0,2.0,High-Value Customer,At-Risk 
16500,0.0,1.0,Low-Value,High-Value Customer
16501,0.0,,Low-Value,Lost Customer
16502,2.0,,At-Risk ,Lost Customer
16503,1.0,3.0,High-Value Customer,Loyal Customer
16504,,0.0,New Customer,Low-Value
16505,,0.0,New Customer,Low-Value
16506,,0.0,New Customer,Low-Value
16507,2.0,,At-Risk ,Lost Customer
16508,2.0,,At-Risk ,Lost Customer
16509,,2.0,New Customer,At-Risk 
16510,3.0,2.0,Loyal Customer,At-Risk 
16511,3.0,3.0,Loyal Customer,Loyal Customer
16513,,1.0,New Customer,High-Value Customer
16515,1.0,1.0,High-Value Customer,High-Value Customer
16516,,0.0,New Customer,Low-Value
16517,,2.0,New Customer,At-Risk 
16518,0.0,3.0,Low-Value,Loyal Customer
16519,2.0,0.0,At-Risk ,Low-Value
16520,3.0,3.0,Loyal Customer,Loyal Customer
16521,3.0,,Loyal Customer,Lost Customer
16522,3.0,,Loyal Customer,Lost Customer
16523,1.0,-1.0,High-Value Customer,TOP VIP
16524,2.0,,At-Risk ,Lost Customer
16525,-1.0,-1.0,TOP VIP,TOP VIP
16526,2.0,2.0,At-Risk ,At-Risk 
16527,0.0,2.0,Low-Value,At-Risk 
16528,,0.0,New Customer,Low-Value
16529,3.0,2.0,Loyal Customer,At-Risk 
16530,2.0,,At-Risk ,Lost Customer
16531,1.0,1.0,High-Value Customer,High-Value Customer
16532,3.0,1.0,Loyal Customer,High-Value Customer
16533,,1.0,New Customer,High-Value Customer
16534,2.0,,At-Risk ,Lost Customer
16535,0.0,0.0,Low-Value,Low-Value
16536,,2.0,New Customer,At-Risk 
16537,2.0,,At-Risk ,Lost Customer
16538,3.0,,Loyal Customer,Lost Customer
16539,1.0,1.0,High-Value Customer,High-Value Customer
16540,2.0,,At-Risk ,Lost Customer
16541,2.0,,At-Risk ,Lost Customer
16542,0.0,2.0,Low-Value,At-Risk 
16543,2.0,,At-Risk ,Lost Customer
16544,3.0,,Loyal Customer,Lost Customer
16545,0.0,2.0,Low-Value,At-Risk 
16546,1.0,3.0,High-Value Customer,Loyal Customer
16547,2.0,,At-Risk ,Lost Customer
16548,2.0,,At-Risk ,Lost Customer
16549,-1.0,1.0,TOP VIP,High-Value Customer
16550,-1.0,3.0,TOP VIP,Loyal Customer
16551,3.0,3.0,Loyal Customer,Loyal Customer
16552,,2.0,New Customer,At-Risk 
16553,-1.0,1.0,TOP VIP,High-Value Customer
16554,1.0,3.0,High-Value Customer,Loyal Customer
16555,3.0,0.0,Loyal Customer,Low-Value
16556,1.0,1.0,High-Value Customer,High-Value Customer
16557,,0.0,New Customer,Low-Value
16558,-1.0,-1.0,TOP VIP,TOP VIP
16559,0.0,,Low-Value,Lost Customer
16560,1.0,0.0,High-Value Customer,Low-Value
16561,,0.0,New Customer,Low-Value
16562,2.0,,At-Risk ,Lost Customer
16563,1.0,3.0,High-Value Customer,Loyal Customer
16564,2.0,,At-Risk ,Lost Customer
16565,3.0,2.0,Loyal Customer,At-Risk 
16566,,1.0,New Customer,High-Value Customer
16567,,3.0,New Customer,Loyal Customer
16568,3.0,,Loyal Customer,Lost Customer
16569,3.0,0.0,Loyal Customer,Low-Value
16570,1.0,1.0,High-Value Customer,High-Value Customer
16571,1.0,1.0,High-Value Customer,High-Value Customer
16572,,3.0,New Customer,Loyal Customer
16573,,3.0,New Customer,Loyal Customer
16574,3.0,2.0,Loyal Customer,At-Risk 
16576,3.0,,Loyal Customer,Lost Customer
16577,2.0,,At-Risk ,Lost Customer
16578,2.0,,At-Risk ,Lost Customer
16579,2.0,,At-Risk ,Lost Customer
16581,,2.0,New Customer,At-Risk 
16582,,2.0,New Customer,At-Risk 
16583,2.0,2.0,At-Risk ,At-Risk 
16584,3.0,3.0,Loyal Customer,Loyal Customer
16585,2.0,,At-Risk ,Lost Customer
16586,3.0,2.0,Loyal Customer,At-Risk 
16587,,2.0,New Customer,At-Risk 
16588,1.0,,High-Value Customer,Lost Customer
16589,2.0,3.0,At-Risk ,Loyal Customer
16590,0.0,,Low-Value,Lost Customer
16591,,2.0,New Customer,At-Risk 
16592,-1.0,-1.0,TOP VIP,TOP VIP
16593,1.0,3.0,High-Value Customer,Loyal Customer
16594,,2.0,New Customer,At-Risk 
16595,1.0,2.0,High-Value Customer,At-Risk 
16596,2.0,0.0,At-Risk ,Low-Value
16597,,0.0,New Customer,Low-Value
16598,,2.0,New Customer,At-Risk 
16599,0.0,,Low-Value,Lost Customer
16600,1.0,1.0,High-Value Customer,High-Value Customer
16601,0.0,0.0,Low-Value,Low-Value
16602,0.0,0.0,Low-Value,Low-Value
16603,,3.0,New Customer,Loyal Customer
16604,2.0,,At-Risk ,Lost Customer
16605,2.0,,At-Risk ,Lost Customer
16606,0.0,,Low-Value,Lost Customer
16607,1.0,1.0,High-Value Customer,High-Value Customer
16608,3.0,,Loyal Customer,Lost Customer
16609,,1.0,New Customer,High-Value Customer
16610,,2.0,New Customer,At-Risk 
16611,1.0,2.0,High-Value Customer,At-Risk 
16612,1.0,1.0,High-Value Customer,High-Value Customer
16613,,3.0,New Customer,Loyal Customer
16614,0.0,2.0,Low-Value,At-Risk 
16615,2.0,,At-Risk ,Lost Customer
16616,,0.0,New Customer,Low-Value
16617,,2.0,New Customer,At-Risk 
16618,,1.0,New Customer,High-Value Customer
16619,1.0,2.0,High-Value Customer,At-Risk 
16620,1.0,0.0,High-Value Customer,Low-Value
16621,,3.0,New Customer,Loyal Customer
16622,2.0,,At-Risk ,Lost Customer
16623,3.0,2.0,Loyal Customer,At-Risk 
16624,,3.0,New Customer,Loyal Customer
16625,3.0,2.0,Loyal Customer,At-Risk 
16626,,-1.0,New Customer,TOP VIP
16627,,2.0,New Customer,At-Risk 
16628,0.0,1.0,Low-Value,High-Value Customer
16629,,3.0,New Customer,Loyal Customer
16630,2.0,,At-Risk ,Lost Customer
16631,3.0,,Loyal Customer,Lost Customer
16632,2.0,,At-Risk ,Lost Customer
16633,,1.0,New Customer,High-Value Customer
16634,1.0,2.0,High-Value Customer,At-Risk 
16635,0.0,,Low-Value,Lost Customer
16636,3.0,,Loyal Customer,Lost Customer
16637,,1.0,New Customer,High-Value Customer
16638,3.0,1.0,Loyal Customer,High-Value Customer
16639,0.0,3.0,Low-Value,Loyal Customer
16640,0.0,,Low-Value,Lost Customer
16641,2.0,2.0,At-Risk ,At-Risk 
16642,0.0,0.0,Low-Value,Low-Value
16643,0.0,2.0,Low-Value,At-Risk 
16644,,3.0,New Customer,Loyal Customer
16645,2.0,,At-Risk ,Lost Customer
16646,2.0,,At-Risk ,Lost Customer
16647,2.0,2.0,At-Risk ,At-Risk 
16648,2.0,0.0,At-Risk ,Low-Value
16649,2.0,,At-Risk ,Lost Customer
16650,1.0,2.0,High-Value Customer,At-Risk 
16651,2.0,,At-Risk ,Lost Customer
16652,1.0,1.0,High-Value Customer,High-Value Customer
16653,,0.0,New Customer,Low-Value
16654,3.0,3.0,Loyal Customer,Loyal Customer
16655,1.0,1.0,High-Value Customer,High-Value Customer
16656,-1.0,-1.0,TOP VIP,TOP VIP
16657,,1.0,New Customer,High-Value Customer
16658,3.0,2.0,Loyal Customer,At-Risk 
16659,,2.0,New Customer,At-Risk 
16660,3.0,1.0,Loyal Customer,High-Value Customer
16661,3.0,,Loyal Customer,Lost Customer
16662,0.0,,Low-Value,Lost Customer
16663,2.0,,At-Risk ,Lost Customer
16664,2.0,,At-Risk ,Lost Customer
16665,,2.0,New Customer,At-Risk 
16666,2.0,0.0,At-Risk ,Low-Value
16667,,3.0,New Customer,Loyal Customer
16668,1.0,1.0,High-Value Customer,High-Value Customer
16669,,3.0,New Customer,Loyal Customer
16670,1.0,1.0,High-Value Customer,High-Value Customer
16671,,1.0,New Customer,High-Value Customer
16672,,-1.0,New Customer,TOP VIP
16673,2.0,,At-Risk ,Lost Customer
16674,,0.0,New Customer,Low-Value
16675,3.0,,Loyal Customer,Lost Customer
16676,0.0,1.0,Low-Value,High-Value Customer
16677,3.0,,Loyal Customer,Lost Customer
16678,,1.0,New Customer,High-Value Customer
16679,0.0,2.0,Low-Value,At-Risk 
16680,3.0,2.0,Loyal Customer,At-Risk 
16681,2.0,1.0,At-Risk ,High-Value Customer
16682,,1.0,New Customer,High-Value Customer
16683,2.0,,At-Risk ,Lost Customer
16684,-1.0,-1.0,TOP VIP,TOP VIP
16685,,2.0,New Customer,At-Risk 
16686,1.0,1.0,High-Value Customer,High-Value Customer
16687,0.0,,Low-Value,Lost Customer
16688,,1.0,New Customer,High-Value Customer
16689,,3.0,New Customer,Loyal Customer
16690,0.0,2.0,Low-Value,At-Risk 
16691,2.0,,At-Risk ,Lost Customer
16692,0.0,3.0,Low-Value,Loyal Customer
16693,3.0,3.0,Loyal Customer,Loyal Customer
16694,2.0,,At-Risk ,Lost Customer
16695,2.0,,At-Risk ,Lost Customer
16696,,3.0,New Customer,Loyal Customer
16697,,2.0,New Customer,At-Risk 
16698,,3.0,New Customer,Loyal Customer
16699,1.0,,High-Value Customer,Lost Customer
16700,-1.0,-1.0,TOP VIP,TOP VIP
16701,-1.0,-1.0,TOP VIP,TOP VIP
16702,3.0,,Loyal Customer,Lost Customer
16704,3.0,,Loyal Customer,Lost Customer
16705,-1.0,-1.0,TOP VIP,TOP VIP
16706,,3.0,New Customer,Loyal Customer
16707,3.0,,Loyal Customer,Lost Customer
16708,,0.0,New Customer,Low-Value
16709,1.0,1.0,High-Value Customer,High-Value Customer
16710,1.0,1.0,High-Value Customer,High-Value Customer
16711,1.0,1.0,High-Value Customer,High-Value Customer
16712,0.0,1.0,Low-Value,High-Value Customer
16713,-1.0,-1.0,TOP VIP,TOP VIP
16714,2.0,3.0,At-Risk ,Loyal Customer
16715,2.0,2.0,At-Risk ,At-Risk 
16716,3.0,3.0,Loyal Customer,Loyal Customer
16717,1.0,1.0,High-Value Customer,High-Value Customer
16718,3.0,2.0,Loyal Customer,At-Risk 
16719,1.0,1.0,High-Value Customer,High-Value Customer
16720,0.0,0.0,Low-Value,Low-Value
16721,,2.0,New Customer,At-Risk 
16722,1.0,-1.0,High-Value Customer,TOP VIP
16723,3.0,3.0,Loyal Customer,Loyal Customer
16724,0.0,,Low-Value,Lost Customer
16725,1.0,3.0,High-Value Customer,Loyal Customer
16726,0.0,1.0,Low-Value,High-Value Customer
16727,3.0,2.0,Loyal Customer,At-Risk 
16728,,3.0,New Customer,Loyal Customer
16729,,-1.0,New Customer,TOP VIP
16730,,3.0,New Customer,Loyal Customer
16731,2.0,,At-Risk ,Lost Customer
16732,1.0,0.0,High-Value Customer,Low-Value
16733,2.0,,At-Risk ,Lost Customer
16734,,3.0,New Customer,Loyal Customer
16735,1.0,1.0,High-Value Customer,High-Value Customer
16736,3.0,,Loyal Customer,Lost Customer
16737,2.0,2.0,At-Risk ,At-Risk 
16738,,2.0,New Customer,At-Risk 
16739,2.0,2.0,At-Risk ,At-Risk 
16740,0.0,,Low-Value,Lost Customer
16741,2.0,,At-Risk ,Lost Customer
16742,1.0,,High-Value Customer,Lost Customer
16743,3.0,1.0,Loyal Customer,High-Value Customer
16744,,1.0,New Customer,High-Value Customer
16745,,1.0,New Customer,High-Value Customer
16746,-1.0,-1.0,TOP VIP,TOP VIP
16747,,3.0,New Customer,Loyal Customer
16748,1.0,1.0,High-Value Customer,High-Value Customer
16749,3.0,,Loyal Customer,Lost Customer
16750,,3.0,New Customer,Loyal Customer
16751,,3.0,New Customer,Loyal Customer
16752,,2.0,New Customer,At-Risk 
16753,,2.0,New Customer,At-Risk 
16754,-1.0,3.0,TOP VIP,Loyal Customer
16755,3.0,3.0,Loyal Customer,Loyal Customer
16756,1.0,2.0,High-Value Customer,At-Risk 
16757,2.0,2.0,At-Risk ,At-Risk 
16758,,2.0,New Customer,At-Risk 
16759,,0.0,New Customer,Low-Value
16760,2.0,,At-Risk ,Lost Customer
16761,,2.0,New Customer,At-Risk 
16762,,1.0,New Customer,High-Value Customer
16763,2.0,2.0,At-Risk ,At-Risk 
16764,,1.0,New Customer,High-Value Customer
16765,0.0,2.0,Low-Value,At-Risk 
16766,,3.0,New Customer,Loyal Customer
16767,3.0,1.0,Loyal Customer,High-Value Customer
16768,1.0,3.0,High-Value Customer,Loyal Customer
16769,3.0,2.0,Loyal Customer,At-Risk 
16770,1.0,3.0,High-Value Customer,Loyal Customer
16771,3.0,1.0,Loyal Customer,High-Value Customer
16772,3.0,,Loyal Customer,Lost Customer
16773,2.0,2.0,At-Risk ,At-Risk 
16774,3.0,3.0,Loyal Customer,Loyal Customer
16775,1.0,1.0,High-Value Customer,High-Value Customer
16776,2.0,2.0,At-Risk ,At-Risk 
16777,3.0,2.0,Loyal Customer,At-Risk 
16778,,2.0,New Customer,At-Risk 
16779,-1.0,-1.0,TOP VIP,TOP VIP
16780,0.0,3.0,Low-Value,Loyal Customer
16781,2.0,2.0,At-Risk ,At-Risk 
16782,-1.0,1.0,TOP VIP,High-Value Customer
16783,2.0,,At-Risk ,Lost Customer
16784,1.0,0.0,High-Value Customer,Low-Value
16785,0.0,,Low-Value,Lost Customer
16786,0.0,,Low-Value,Lost Customer
16787,1.0,,High-Value Customer,Lost Customer
16788,3.0,3.0,Loyal Customer,Loyal Customer
16789,,0.0,New Customer,Low-Value
16790,,1.0,New Customer,High-Value Customer
16791,1.0,1.0,High-Value Customer,High-Value Customer
16792,0.0,2.0,Low-Value,At-Risk 
16793,,2.0,New Customer,At-Risk 
16794,1.0,1.0,High-Value Customer,High-Value Customer
16795,3.0,2.0,Loyal Customer,At-Risk 
16796,,2.0,New Customer,At-Risk 
16797,1.0,,High-Value Customer,Lost Customer
16798,3.0,,Loyal Customer,Lost Customer
16799,3.0,,Loyal Customer,Lost Customer
16800,,0.0,New Customer,Low-Value
16801,,3.0,New Customer,Loyal Customer
16802,3.0,,Loyal Customer,Lost Customer
16803,,2.0,New Customer,At-Risk 
16804,,0.0,New Customer,Low-Value
16805,3.0,3.0,Loyal Customer,Loyal Customer
16806,,3.0,New Customer,Loyal Customer
16807,3.0,3.0,Loyal Customer,Loyal Customer
16808,,2.0,New Customer,At-Risk 
16809,3.0,1.0,Loyal Customer,High-Value Customer
16810,0.0,2.0,Low-Value,At-Risk 
16811,,0.0,New Customer,Low-Value
16812,1.0,2.0,High-Value Customer,At-Risk 
16813,,1.0,New Customer,High-Value Customer
16814,-1.0,-1.0,TOP VIP,TOP VIP
16815,2.0,,At-Risk ,Lost Customer
16816,,3.0,New Customer,Loyal Customer
16817,1.0,1.0,High-Value Customer,High-Value Customer
16818,,1.0,New Customer,High-Value Customer
16819,2.0,,At-Risk ,Lost Customer
16820,,2.0,New Customer,At-Risk 
16821,0.0,,Low-Value,Lost Customer
16822,2.0,,At-Risk ,Lost Customer
16823,1.0,2.0,High-Value Customer,At-Risk 
16824,0.0,0.0,Low-Value,Low-Value
16825,1.0,3.0,High-Value Customer,Loyal Customer
16826,,2.0,New Customer,At-Risk 
16827,1.0,,High-Value Customer,Lost Customer
16828,,2.0,New Customer,At-Risk 
16829,0.0,2.0,Low-Value,At-Risk 
16830,3.0,0.0,Loyal Customer,Low-Value
16831,2.0,,At-Risk ,Lost Customer
16832,2.0,2.0,At-Risk ,At-Risk 
16833,3.0,1.0,Loyal Customer,High-Value Customer
16834,2.0,2.0,At-Risk ,At-Risk 
16835,1.0,2.0,High-Value Customer,At-Risk 
16836,0.0,0.0,Low-Value,Low-Value
16837,,1.0,New Customer,High-Value Customer
16838,3.0,3.0,Loyal Customer,Loyal Customer
16839,1.0,-1.0,High-Value Customer,TOP VIP
16840,2.0,,At-Risk ,Lost Customer
16841,1.0,1.0,High-Value Customer,High-Value Customer
16842,,3.0,New Customer,Loyal Customer
16843,-1.0,-1.0,TOP VIP,TOP VIP
16844,3.0,,Loyal Customer,Lost Customer
16845,2.0,,At-Risk ,Lost Customer
16846,3.0,2.0,Loyal Customer,At-Risk 
16847,2.0,2.0,At-Risk ,At-Risk 
16848,1.0,2.0,High-Value Customer,At-Risk 
16849,,2.0,New Customer,At-Risk 
16850,,2.0,New Customer,At-Risk 
16851,,0.0,New Customer,Low-Value
16852,,0.0,New Customer,Low-Value
16854,3.0,,Loyal Customer,Lost Customer
16855,,0.0,New Customer,Low-Value
16856,0.0,0.0,Low-Value,Low-Value
16857,2.0,,At-Risk ,Lost Customer
16858,1.0,2.0,High-Value Customer,At-Risk 
16859,3.0,3.0,Loyal Customer,Loyal Customer
16860,3.0,,Loyal Customer,Lost Customer
16861,0.0,2.0,Low-Value,At-Risk 
16862,3.0,,Loyal Customer,Lost Customer
16863,0.0,0.0,Low-Value,Low-Value
16864,3.0,,Loyal Customer,Lost Customer
16865,0.0,,Low-Value,Lost Customer
16866,,2.0,New Customer,At-Risk 
16867,2.0,,At-Risk ,Lost Customer
16868,0.0,,Low-Value,Lost Customer
16869,,1.0,New Customer,High-Value Customer
16870,2.0,,At-Risk ,Lost Customer
16871,,1.0,New Customer,High-Value Customer
16872,3.0,3.0,Loyal Customer,Loyal Customer
16873,1.0,1.0,High-Value Customer,High-Value Customer
16874,0.0,,Low-Value,Lost Customer
16875,1.0,1.0,High-Value Customer,High-Value Customer
16876,0.0,,Low-Value,Lost Customer
16877,,1.0,New Customer,High-Value Customer
16878,,2.0,New Customer,At-Risk 
16880,2.0,1.0,At-Risk ,High-Value Customer
16881,,2.0,New Customer,At-Risk 
16882,,3.0,New Customer,Loyal Customer
16883,1.0,2.0,High-Value Customer,At-Risk 
16884,3.0,0.0,Loyal Customer,Low-Value
16885,0.0,0.0,Low-Value,Low-Value
16886,2.0,,At-Risk ,Lost Customer
16887,0.0,0.0,Low-Value,Low-Value
16888,0.0,,Low-Value,Lost Customer
16889,3.0,3.0,Loyal Customer,Loyal Customer
16890,2.0,,At-Risk ,Lost Customer
16891,3.0,1.0,Loyal Customer,High-Value Customer
16892,2.0,1.0,At-Risk ,High-Value Customer
16893,0.0,2.0,Low-Value,At-Risk 
16894,3.0,,Loyal Customer,Lost Customer
16895,3.0,2.0,Loyal Customer,At-Risk 
16896,2.0,,At-Risk ,Lost Customer
16897,,2.0,New Customer,At-Risk 
16898,0.0,0.0,Low-Value,Low-Value
16899,0.0,1.0,Low-Value,High-Value Customer
16900,,1.0,New Customer,High-Value Customer
16901,2.0,,At-Risk ,Lost Customer
16902,,3.0,New Customer,Loyal Customer
16903,0.0,0.0,Low-Value,Low-Value
16904,1.0,-1.0,High-Value Customer,TOP VIP
16905,1.0,1.0,High-Value Customer,High-Value Customer
16906,3.0,3.0,Loyal Customer,Loyal Customer
16907,1.0,1.0,High-Value Customer,High-Value Customer
16908,2.0,,At-Risk ,Lost Customer
16909,,2.0,New Customer,At-Risk 
16910,,1.0,New Customer,High-Value Customer
16911,2.0,,At-Risk ,Lost Customer
16912,3.0,1.0,Loyal Customer,High-Value Customer
16913,2.0,2.0,At-Risk ,At-Risk 
16914,,0.0,New Customer,Low-Value
16915,1.0,1.0,High-Value Customer,High-Value Customer
16916,0.0,0.0,Low-Value,Low-Value
16917,3.0,2.0,Loyal Customer,At-Risk 
16918,1.0,1.0,High-Value Customer,High-Value Customer
16919,1.0,1.0,High-Value Customer,High-Value Customer
16920,0.0,,Low-Value,Lost Customer
16921,2.0,2.0,At-Risk ,At-Risk 
16922,2.0,,At-Risk ,Lost Customer
16923,-1.0,-1.0,TOP VIP,TOP VIP
16924,,3.0,New Customer,Loyal Customer
16925,2.0,,At-Risk ,Lost Customer
16926,3.0,2.0,Loyal Customer,At-Risk 
16927,,3.0,New Customer,Loyal Customer
16928,1.0,1.0,High-Value Customer,High-Value Customer
16929,,1.0,New Customer,High-Value Customer
16930,,0.0,New Customer,Low-Value
16931,0.0,-1.0,Low-Value,TOP VIP
16932,0.0,2.0,Low-Value,At-Risk 
16933,1.0,0.0,High-Value Customer,Low-Value
16934,1.0,3.0,High-Value Customer,Loyal Customer
16935,0.0,,Low-Value,Lost Customer
16936,0.0,0.0,Low-Value,Low-Value
16937,2.0,,At-Risk ,Lost Customer
16938,1.0,1.0,High-Value Customer,High-Value Customer
16939,3.0,,Loyal Customer,Lost Customer
16940,3.0,3.0,Loyal Customer,Loyal Customer
16941,2.0,,At-Risk ,Lost Customer
16942,,1.0,New Customer,High-Value Customer
16943,,3.0,New Customer,Loyal Customer
16944,2.0,,At-Risk ,Lost Customer
16945,-1.0,-1.0,TOP VIP,TOP VIP
16946,1.0,,High-Value Customer,Lost Customer
16947,3.0,2.0,Loyal Customer,At-Risk 
16948,3.0,3.0,Loyal Customer,Loyal Customer
16949,,1.0,New Customer,High-Value Customer
16950,1.0,3.0,High-Value Customer,Loyal Customer
16951,,3.0,New Customer,Loyal Customer
16952,3.0,2.0,Loyal Customer,At-Risk 
16953,,2.0,New Customer,At-Risk 
16954,1.0,1.0,High-Value Customer,High-Value Customer
16955,3.0,3.0,Loyal Customer,Loyal Customer
16956,,0.0,New Customer,Low-Value
16957,,2.0,New Customer,At-Risk 
16958,0.0,,Low-Value,Lost Customer
16959,,2.0,New Customer,At-Risk 
16960,1.0,3.0,High-Value Customer,Loyal Customer
16961,0.0,2.0,Low-Value,At-Risk 
16962,0.0,,Low-Value,Lost Customer
16963,,2.0,New Customer,At-Risk 
16964,2.0,,At-Risk ,Lost Customer
16965,,2.0,New Customer,At-Risk 
16966,,1.0,New Customer,High-Value Customer
16967,,2.0,New Customer,At-Risk 
16968,,0.0,New Customer,Low-Value
16969,,3.0,New Customer,Loyal Customer
16970,2.0,,At-Risk ,Lost Customer
16971,,0.0,New Customer,Low-Value
16972,0.0,,Low-Value,Lost Customer
16973,0.0,,Low-Value,Lost Customer
16974,2.0,,At-Risk ,Lost Customer
16975,3.0,,Loyal Customer,Lost Customer
16976,,2.0,New Customer,At-Risk 
16977,3.0,,Loyal Customer,Lost Customer
16978,2.0,2.0,At-Risk ,At-Risk 
16979,1.0,1.0,High-Value Customer,High-Value Customer
16980,2.0,3.0,At-Risk ,Loyal Customer
16982,,2.0,New Customer,At-Risk 
16983,1.0,1.0,High-Value Customer,High-Value Customer
16984,1.0,3.0,High-Value Customer,Loyal Customer
16985,-1.0,1.0,TOP VIP,High-Value Customer
16986,1.0,3.0,High-Value Customer,Loyal Customer
16987,1.0,1.0,High-Value Customer,High-Value Customer
16988,0.0,0.0,Low-Value,Low-Value
16989,,1.0,New Customer,High-Value Customer
16990,2.0,2.0,At-Risk ,At-Risk 
16991,0.0,,Low-Value,Lost Customer
16992,1.0,1.0,High-Value Customer,High-Value Customer
16993,3.0,,Loyal Customer,Lost Customer
16996,0.0,1.0,Low-Value,High-Value Customer
16997,,3.0,New Customer,Loyal Customer
16998,2.0,3.0,At-Risk ,Loyal Customer
16999,,0.0,New Customer,Low-Value
17000,0.0,,Low-Value,Lost Customer
17001,1.0,1.0,High-Value Customer,High-Value Customer
17002,3.0,3.0,Loyal Customer,Loyal Customer
17003,3.0,,Loyal Customer,Lost Customer
17004,0.0,3.0,Low-Value,Loyal Customer
17005,3.0,,Loyal Customer,Lost Customer
17006,1.0,1.0,High-Value Customer,High-Value Customer
17007,2.0,1.0,At-Risk ,High-Value Customer
17008,2.0,,At-Risk ,Lost Customer
17009,2.0,,At-Risk ,Lost Customer
17010,,0.0,New Customer,Low-Value
17011,2.0,0.0,At-Risk ,Low-Value
17012,2.0,,At-Risk ,Lost Customer
17014,,0.0,New Customer,Low-Value
17015,,1.0,New Customer,High-Value Customer
17016,2.0,,At-Risk ,Lost Customer
17017,1.0,-1.0,High-Value Customer,TOP VIP
17018,1.0,3.0,High-Value Customer,Loyal Customer
17019,1.0,1.0,High-Value Customer,High-Value Customer
17020,3.0,,Loyal Customer,Lost Customer
17021,3.0,,Loyal Customer,Lost Customer
17022,2.0,2.0,At-Risk ,At-Risk 
17023,3.0,,Loyal Customer,Lost Customer
17024,,0.0,New Customer,Low-Value
17025,3.0,3.0,Loyal Customer,Loyal Customer
17026,2.0,2.0,At-Risk ,At-Risk 
17027,3.0,3.0,Loyal Customer,Loyal Customer
17028,3.0,,Loyal Customer,Lost Customer
17029,1.0,3.0,High-Value Customer,Loyal Customer
17030,,2.0,New Customer,At-Risk 
17031,1.0,0.0,High-Value Customer,Low-Value
17032,3.0,,Loyal Customer,Lost Customer
17033,0.0,3.0,Low-Value,Loyal Customer
17034,0.0,0.0,Low-Value,Low-Value
17035,2.0,2.0,At-Risk ,At-Risk 
17036,0.0,,Low-Value,Lost Customer
17037,,3.0,New Customer,Loyal Customer
17038,0.0,0.0,Low-Value,Low-Value
17039,3.0,,Loyal Customer,Lost Customer
17040,2.0,2.0,At-Risk ,At-Risk 
17041,0.0,3.0,Low-Value,Loyal Customer
17042,,1.0,New Customer,High-Value Customer
17043,1.0,1.0,High-Value Customer,High-Value Customer
17044,1.0,0.0,High-Value Customer,Low-Value
17045,0.0,3.0,Low-Value,Loyal Customer
17046,3.0,2.0,Loyal Customer,At-Risk 
17047,3.0,3.0,Loyal Customer,Loyal Customer
17048,3.0,3.0,Loyal Customer,Loyal Customer
17049,1.0,1.0,High-Value Customer,High-Value Customer
17050,1.0,1.0,High-Value Customer,High-Value Customer
17051,3.0,2.0,Loyal Customer,At-Risk 
17052,,0.0,New Customer,Low-Value
17053,,2.0,New Customer,At-Risk 
17054,,1.0,New Customer,High-Value Customer
17055,2.0,,At-Risk ,Lost Customer
17056,2.0,,At-Risk ,Lost Customer
17057,2.0,,At-Risk ,Lost Customer
17058,,3.0,New Customer,Loyal Customer
17059,3.0,1.0,Loyal Customer,High-Value Customer
17060,,2.0,New Customer,At-Risk 
17061,,1.0,New Customer,High-Value Customer
17062,0.0,3.0,Low-Value,Loyal Customer
17063,1.0,1.0,High-Value Customer,High-Value Customer
17064,,3.0,New Customer,Loyal Customer
17065,2.0,,At-Risk ,Lost Customer
17066,2.0,,At-Risk ,Lost Customer
17067,3.0,,Loyal Customer,Lost Customer
17068,-1.0,-1.0,TOP VIP,TOP VIP
17069,1.0,1.0,High-Value Customer,High-Value Customer
17070,2.0,2.0,At-Risk ,At-Risk 
17071,1.0,1.0,High-Value Customer,High-Value Customer
17072,2.0,,At-Risk ,Lost Customer
17073,,1.0,New Customer,High-Value Customer
17074,2.0,,At-Risk ,Lost Customer
17075,3.0,1.0,Loyal Customer,High-Value Customer
17076,0.0,3.0,Low-Value,Loyal Customer
17077,2.0,,At-Risk ,Lost Customer
17078,,0.0,New Customer,Low-Value
17079,,2.0,New Customer,At-Risk 
17080,1.0,0.0,High-Value Customer,Low-Value
17081,1.0,0.0,High-Value Customer,Low-Value
17082,1.0,3.0,High-Value Customer,Loyal Customer
17083,1.0,3.0,High-Value Customer,Loyal Customer
17084,0.0,3.0,Low-Value,Loyal Customer
17085,-1.0,3.0,TOP VIP,Loyal Customer
17086,,1.0,New Customer,High-Value Customer
17087,2.0,,At-Risk ,Lost Customer
17088,,1.0,New Customer,High-Value Customer
17089,0.0,,Low-Value,Lost Customer
17090,1.0,1.0,High-Value Customer,High-Value Customer
17091,1.0,1.0,High-Value Customer,High-Value Customer
17092,1.0,1.0,High-Value Customer,High-Value Customer
17093,2.0,,At-Risk ,Lost Customer
17094,2.0,2.0,At-Risk ,At-Risk 
17095,3.0,1.0,Loyal Customer,High-Value Customer
17096,1.0,1.0,High-Value Customer,High-Value Customer
17097,2.0,1.0,At-Risk ,High-Value Customer
17098,0.0,,Low-Value,Lost Customer
17099,2.0,,At-Risk ,Lost Customer
17100,,0.0,New Customer,Low-Value
17101,3.0,1.0,Loyal Customer,High-Value Customer
17102,,2.0,New Customer,At-Risk 
17103,2.0,,At-Risk ,Lost Customer
17104,0.0,,Low-Value,Lost Customer
17105,,3.0,New Customer,Loyal Customer
17106,0.0,,Low-Value,Lost Customer
17107,1.0,1.0,High-Value Customer,High-Value Customer
17108,2.0,,At-Risk ,Lost Customer
17109,0.0,1.0,Low-Value,High-Value Customer
17110,2.0,2.0,At-Risk ,At-Risk 
17111,2.0,2.0,At-Risk ,At-Risk 
17112,2.0,,At-Risk ,Lost Customer
17113,3.0,,Loyal Customer,Lost Customer
17114,,1.0,New Customer,High-Value Customer
17115,3.0,1.0,Loyal Customer,High-Value Customer
17116,2.0,,At-Risk ,Lost Customer
17117,,2.0,New Customer,At-Risk 
17118,,2.0,New Customer,At-Risk 
17119,,0.0,New Customer,Low-Value
17120,,2.0,New Customer,At-Risk 
17121,0.0,,Low-Value,Lost Customer
17122,0.0,2.0,Low-Value,At-Risk 
17123,3.0,2.0,Loyal Customer,At-Risk 
17124,,2.0,New Customer,At-Risk 
17125,,2.0,New Customer,At-Risk 
17126,1.0,3.0,High-Value Customer,Loyal Customer
17127,3.0,,Loyal Customer,Lost Customer
17128,,2.0,New Customer,At-Risk 
17129,2.0,,At-Risk ,Lost Customer
17131,,1.0,New Customer,High-Value Customer
17132,3.0,,Loyal Customer,Lost Customer
17133,3.0,1.0,Loyal Customer,High-Value Customer
17134,2.0,3.0,At-Risk ,Loyal Customer
17135,3.0,1.0,Loyal Customer,High-Value Customer
17136,2.0,,At-Risk ,Lost Customer
17137,1.0,,High-Value Customer,Lost Customer
17138,1.0,2.0,High-Value Customer,At-Risk 
17139,-1.0,-1.0,TOP VIP,TOP VIP
17140,,2.0,New Customer,At-Risk 
17141,3.0,,Loyal Customer,Lost Customer
17142,3.0,2.0,Loyal Customer,At-Risk 
17143,3.0,,Loyal Customer,Lost Customer
17144,,0.0,New Customer,Low-Value
17145,3.0,,Loyal Customer,Lost Customer
17146,1.0,3.0,High-Value Customer,Loyal Customer
17147,3.0,1.0,Loyal Customer,High-Value Customer
17148,,2.0,New Customer,At-Risk 
17149,2.0,,At-Risk ,Lost Customer
17150,1.0,,High-Value Customer,Lost Customer
17151,2.0,,At-Risk ,Lost Customer
17152,2.0,3.0,At-Risk ,Loyal Customer
17153,,0.0,New Customer,Low-Value
17154,,2.0,New Customer,At-Risk 
17155,3.0,0.0,Loyal Customer,Low-Value
17156,2.0,,At-Risk ,Lost Customer
17157,1.0,0.0,High-Value Customer,Low-Value
17158,3.0,3.0,Loyal Customer,Loyal Customer
17159,3.0,1.0,Loyal Customer,High-Value Customer
17160,1.0,1.0,High-Value Customer,High-Value Customer
17161,3.0,,Loyal Customer,Lost Customer
17162,,1.0,New Customer,High-Value Customer
17163,2.0,0.0,At-Risk ,Low-Value
17164,,1.0,New Customer,High-Value Customer
17165,1.0,2.0,High-Value Customer,At-Risk 
17166,,0.0,New Customer,Low-Value
17167,1.0,,High-Value Customer,Lost Customer
17168,2.0,,At-Risk ,Lost Customer
17169,2.0,3.0,At-Risk ,Loyal Customer
17170,0.0,,Low-Value,Lost Customer
17171,2.0,2.0,At-Risk ,At-Risk 
17172,3.0,2.0,Loyal Customer,At-Risk 
17173,,1.0,New Customer,High-Value Customer
17174,,2.0,New Customer,At-Risk 
17175,,1.0,New Customer,High-Value Customer
17176,3.0,2.0,Loyal Customer,At-Risk 
17177,2.0,,At-Risk ,Lost Customer
17178,2.0,,At-Risk ,Lost Customer
17179,0.0,3.0,Low-Value,Loyal Customer
17180,1.0,3.0,High-Value Customer,Loyal Customer
17181,2.0,2.0,At-Risk ,At-Risk 
17182,0.0,,Low-Value,Lost Customer
17183,,1.0,New Customer,High-Value Customer
17184,2.0,,At-Risk ,Lost Customer
17185,2.0,,At-Risk ,Lost Customer
17186,,2.0,New Customer,At-Risk 
17187,2.0,2.0,At-Risk ,At-Risk 
17188,3.0,1.0,Loyal Customer,High-Value Customer
17189,3.0,3.0,Loyal Customer,Loyal Customer
17190,1.0,3.0,High-Value Customer,Loyal Customer
17191,1.0,1.0,High-Value Customer,High-Value Customer
17192,2.0,,At-Risk ,Lost Customer
17193,0.0,1.0,Low-Value,High-Value Customer
17194,2.0,2.0,At-Risk ,At-Risk 
17195,2.0,,At-Risk ,Lost Customer
17196,2.0,,At-Risk ,Lost Customer
17197,,0.0,New Customer,Low-Value
17198,,3.0,New Customer,Loyal Customer
17199,2.0,,At-Risk ,Lost Customer
17200,0.0,,Low-Value,Lost Customer
17201,3.0,2.0,Loyal Customer,At-Risk 
17202,2.0,,At-Risk ,Lost Customer
17203,1.0,1.0,High-Value Customer,High-Value Customer
17204,1.0,3.0,High-Value Customer,Loyal Customer
17205,3.0,2.0,Loyal Customer,At-Risk 
17206,,2.0,New Customer,At-Risk 
17207,2.0,,At-Risk ,Lost Customer
17208,0.0,,Low-Value,Lost Customer
17209,3.0,,Loyal Customer,Lost Customer
17210,0.0,,Low-Value,Lost Customer
17211,3.0,1.0,Loyal Customer,High-Value Customer
17212,3.0,2.0,Loyal Customer,At-Risk 
17213,3.0,1.0,Loyal Customer,High-Value Customer
17214,,1.0,New Customer,High-Value Customer
17215,2.0,,At-Risk ,Lost Customer
17216,2.0,,At-Risk ,Lost Customer
17217,2.0,2.0,At-Risk ,At-Risk 
17218,1.0,1.0,High-Value Customer,High-Value Customer
17219,2.0,2.0,At-Risk ,At-Risk 
17220,1.0,1.0,High-Value Customer,High-Value Customer
17221,3.0,0.0,Loyal Customer,Low-Value
17222,3.0,2.0,Loyal Customer,At-Risk 
17223,0.0,2.0,Low-Value,At-Risk 
17224,2.0,,At-Risk ,Lost Customer
17225,2.0,,At-Risk ,Lost Customer
17226,3.0,2.0,Loyal Customer,At-Risk 
17227,1.0,1.0,High-Value Customer,High-Value Customer
17228,3.0,1.0,Loyal Customer,High-Value Customer
17229,,2.0,New Customer,At-Risk 
17230,1.0,1.0,High-Value Customer,High-Value Customer
17231,-1.0,1.0,TOP VIP,High-Value Customer
17232,,0.0,New Customer,Low-Value
17233,2.0,0.0,At-Risk ,Low-Value
17234,,2.0,New Customer,At-Risk 
17235,1.0,0.0,High-Value Customer,Low-Value
17236,1.0,1.0,High-Value Customer,High-Value Customer
17237,0.0,0.0,Low-Value,Low-Value
17238,1.0,-1.0,High-Value Customer,TOP VIP
17239,0.0,2.0,Low-Value,At-Risk 
17240,2.0,,At-Risk ,Lost Customer
17241,1.0,,High-Value Customer,Lost Customer
17242,3.0,3.0,Loyal Customer,Loyal Customer
17243,-1.0,-1.0,TOP VIP,TOP VIP
17244,1.0,3.0,High-Value Customer,Loyal Customer
17245,2.0,2.0,At-Risk ,At-Risk 
17246,2.0,,At-Risk ,Lost Customer
17247,,0.0,New Customer,Low-Value
17248,2.0,2.0,At-Risk ,At-Risk 
17249,2.0,,At-Risk ,Lost Customer
17250,,0.0,New Customer,Low-Value
17251,0.0,2.0,Low-Value,At-Risk 
17252,,2.0,New Customer,At-Risk 
17253,,0.0,New Customer,Low-Value
17254,0.0,0.0,Low-Value,Low-Value
17255,0.0,0.0,Low-Value,Low-Value
17256,2.0,2.0,At-Risk ,At-Risk 
17257,2.0,,At-Risk ,Lost Customer
17258,0.0,,Low-Value,Lost Customer
17259,3.0,3.0,Loyal Customer,Loyal Customer
17260,2.0,,At-Risk ,Lost Customer
17261,2.0,,At-Risk ,Lost Customer
17262,3.0,1.0,Loyal Customer,High-Value Customer
17263,,2.0,New Customer,At-Risk 
17264,2.0,,At-Risk ,Lost Customer
17265,,3.0,New Customer,Loyal Customer
17266,2.0,0.0,At-Risk ,Low-Value
17267,,2.0,New Customer,At-Risk 
17268,3.0,3.0,Loyal Customer,Loyal Customer
17269,0.0,,Low-Value,Lost Customer
17270,3.0,,Loyal Customer,Lost Customer
17271,2.0,,At-Risk ,Lost Customer
17272,,1.0,New Customer,High-Value Customer
17273,2.0,,At-Risk ,Lost Customer
17274,0.0,2.0,Low-Value,At-Risk 
17275,0.0,,Low-Value,Lost Customer
17276,0.0,,Low-Value,Lost Customer
17277,,3.0,New Customer,Loyal Customer
17278,2.0,2.0,At-Risk ,At-Risk 
17279,,2.0,New Customer,At-Risk 
17280,2.0,,At-Risk ,Lost Customer
17281,1.0,,High-Value Customer,Lost Customer
17282,3.0,3.0,Loyal Customer,Loyal Customer
17283,0.0,,Low-Value,Lost Customer
17284,0.0,1.0,Low-Value,High-Value Customer
17285,2.0,,At-Risk ,Lost Customer
17286,0.0,0.0,Low-Value,Low-Value
17287,1.0,1.0,High-Value Customer,High-Value Customer
17288,1.0,1.0,High-Value Customer,High-Value Customer
17289,1.0,3.0,High-Value Customer,Loyal Customer
17290,1.0,0.0,High-Value Customer,Low-Value
17291,,2.0,New Customer,At-Risk 
17292,2.0,,At-Risk ,Lost Customer
17293,1.0,1.0,High-Value Customer,High-Value Customer
17294,2.0,,At-Risk ,Lost Customer
17295,,0.0,New Customer,Low-Value
17296,2.0,,At-Risk ,Lost Customer
17297,,0.0,New Customer,Low-Value
17298,0.0,3.0,Low-Value,Loyal Customer
17299,2.0,1.0,At-Risk ,High-Value Customer
17300,0.0,,Low-Value,Lost Customer
17301,2.0,0.0,At-Risk ,Low-Value
17302,,1.0,New Customer,High-Value Customer
17303,,2.0,New Customer,At-Risk 
17304,2.0,,At-Risk ,Lost Customer
17305,3.0,,Loyal Customer,Lost Customer
17306,0.0,-1.0,Low-Value,TOP VIP
17307,1.0,,High-Value Customer,Lost Customer
17308,3.0,,Loyal Customer,Lost Customer
17309,0.0,2.0,Low-Value,At-Risk 
17310,0.0,,Low-Value,Lost Customer
17311,1.0,3.0,High-Value Customer,Loyal Customer
17312,,3.0,New Customer,Loyal Customer
17313,,3.0,New Customer,Loyal Customer
17314,1.0,1.0,High-Value Customer,High-Value Customer
17315,1.0,-1.0,High-Value Customer,TOP VIP
17316,2.0,,At-Risk ,Lost Customer
17317,,3.0,New Customer,Loyal Customer
17318,2.0,,At-Risk ,Lost Customer
17319,2.0,,At-Risk ,Lost Customer
17320,3.0,3.0,Loyal Customer,Loyal Customer
17321,1.0,0.0,High-Value Customer,Low-Value
17322,1.0,,High-Value Customer,Lost Customer
17323,3.0,1.0,Loyal Customer,High-Value Customer
17324,1.0,1.0,High-Value Customer,High-Value Customer
17325,0.0,2.0,Low-Value,At-Risk 
17326,0.0,,Low-Value,Lost Customer
17327,0.0,,Low-Value,Lost Customer
17328,2.0,,At-Risk ,Lost Customer
17329,3.0,0.0,Loyal Customer,Low-Value
17330,2.0,0.0,At-Risk ,Low-Value
17331,,2.0,New Customer,At-Risk 
17332,3.0,,Loyal Customer,Lost Customer
17333,,2.0,New Customer,At-Risk 
17334,0.0,2.0,Low-Value,At-Risk 
17335,0.0,,Low-Value,Lost Customer
17336,2.0,,At-Risk ,Lost Customer
17337,,3.0,New Customer,Loyal Customer
17338,1.0,1.0,High-Value Customer,High-Value Customer
17339,2.0,2.0,At-Risk ,At-Risk 
17340,1.0,1.0,High-Value Customer,High-Value Customer
17341,3.0,3.0,Loyal Customer,Loyal Customer
17342,1.0,,High-Value Customer,Lost Customer
17343,1.0,2.0,High-Value Customer,At-Risk 
17344,2.0,2.0,At-Risk ,At-Risk 
17345,1.0,1.0,High-Value Customer,High-Value Customer
17346,1.0,1.0,High-Value Customer,High-Value Customer
17347,,2.0,New Customer,At-Risk 
17348,3.0,1.0,Loyal Customer,High-Value Customer
17349,1.0,2.0,High-Value Customer,At-Risk 
17350,0.0,1.0,Low-Value,High-Value Customer
17351,1.0,3.0,High-Value Customer,Loyal Customer
17352,2.0,,At-Risk ,Lost Customer
17353,3.0,3.0,Loyal Customer,Loyal Customer
17354,3.0,3.0,Loyal Customer,Loyal Customer
17355,0.0,,Low-Value,Lost Customer
17356,3.0,2.0,Loyal Customer,At-Risk 
17357,,0.0,New Customer,Low-Value
17358,0.0,2.0,Low-Value,At-Risk 
17359,2.0,0.0,At-Risk ,Low-Value
17360,0.0,0.0,Low-Value,Low-Value
17361,2.0,3.0,At-Risk ,Loyal Customer
17362,1.0,2.0,High-Value Customer,At-Risk 
17363,3.0,,Loyal Customer,Lost Customer
17364,-1.0,1.0,TOP VIP,High-Value Customer
17365,1.0,1.0,High-Value Customer,High-Value Customer
17366,3.0,,Loyal Customer,Lost Customer
17367,,2.0,New Customer,At-Risk 
17368,1.0,1.0,High-Value Customer,High-Value Customer
17369,3.0,,Loyal Customer,Lost Customer
17370,,3.0,New Customer,Loyal Customer
17371,2.0,0.0,At-Risk ,Low-Value
17372,1.0,1.0,High-Value Customer,High-Value Customer
17373,3.0,3.0,Loyal Customer,Loyal Customer
17374,0.0,3.0,Low-Value,Loyal Customer
17375,2.0,3.0,At-Risk ,Loyal Customer
17376,0.0,2.0,Low-Value,At-Risk 
17377,-1.0,-1.0,TOP VIP,TOP VIP
17378,0.0,,Low-Value,Lost Customer
17379,,0.0,New Customer,Low-Value
17380,3.0,,Loyal Customer,Lost Customer
17381,1.0,-1.0,High-Value Customer,TOP VIP
17382,3.0,2.0,Loyal Customer,At-Risk 
17383,2.0,0.0,At-Risk ,Low-Value
17384,2.0,0.0,At-Risk ,Low-Value
17385,,0.0,New Customer,Low-Value
17386,0.0,1.0,Low-Value,High-Value Customer
17387,,0.0,New Customer,Low-Value
17388,1.0,3.0,High-Value Customer,Loyal Customer
17389,-1.0,-1.0,TOP VIP,TOP VIP
17390,2.0,,At-Risk ,Lost Customer
17391,,3.0,New Customer,Loyal Customer
17392,2.0,2.0,At-Risk ,At-Risk 
17393,0.0,,Low-Value,Lost Customer
17394,,2.0,New Customer,At-Risk 
17395,2.0,,At-Risk ,Lost Customer
17396,1.0,1.0,High-Value Customer,High-Value Customer
17397,0.0,0.0,Low-Value,Low-Value
17398,,3.0,New Customer,Loyal Customer
17400,3.0,3.0,Loyal Customer,Loyal Customer
17401,2.0,,At-Risk ,Lost Customer
17402,1.0,1.0,High-Value Customer,High-Value Customer
17403,2.0,0.0,At-Risk ,Low-Value
17404,1.0,-1.0,High-Value Customer,TOP VIP
17405,,1.0,New Customer,High-Value Customer
17406,1.0,3.0,High-Value Customer,Loyal Customer
17407,0.0,,Low-Value,Lost Customer
17408,2.0,2.0,At-Risk ,At-Risk 
17409,1.0,3.0,High-Value Customer,Loyal Customer
17410,,1.0,New Customer,High-Value Customer
17411,0.0,0.0,Low-Value,Low-Value
17412,1.0,1.0,High-Value Customer,High-Value Customer
17413,0.0,,Low-Value,Lost Customer
17414,3.0,3.0,Loyal Customer,Loyal Customer
17415,,2.0,New Customer,At-Risk 
17416,-1.0,1.0,TOP VIP,High-Value Customer
17417,2.0,,At-Risk ,Lost Customer
17418,0.0,0.0,Low-Value,Low-Value
17419,1.0,-1.0,High-Value Customer,TOP VIP
17420,0.0,3.0,Low-Value,Loyal Customer
17421,1.0,,High-Value Customer,Lost Customer
17422,1.0,1.0,High-Value Customer,High-Value Customer
17423,0.0,3.0,Low-Value,Loyal Customer
17425,,0.0,New Customer,Low-Value
17426,1.0,1.0,High-Value Customer,High-Value Customer
17427,,2.0,New Customer,At-Risk 
17428,-1.0,-1.0,TOP VIP,TOP VIP
17429,0.0,3.0,Low-Value,Loyal Customer
17430,0.0,0.0,Low-Value,Low-Value
17431,,2.0,New Customer,At-Risk 
17432,1.0,0.0,High-Value Customer,Low-Value
17433,0.0,2.0,Low-Value,At-Risk 
17434,,1.0,New Customer,High-Value Customer
17435,0.0,,Low-Value,Lost Customer
17436,0.0,0.0,Low-Value,Low-Value
17437,2.0,,At-Risk ,Lost Customer
17438,3.0,2.0,Loyal Customer,At-Risk 
17439,2.0,,At-Risk ,Lost Customer
17440,2.0,2.0,At-Risk ,At-Risk 
17441,2.0,,At-Risk ,Lost Customer
17442,1.0,1.0,High-Value Customer,High-Value Customer
17443,,2.0,New Customer,At-Risk 
17444,,3.0,New Customer,Loyal Customer
17446,,2.0,New Customer,At-Risk 
17447,,0.0,New Customer,Low-Value
17448,1.0,,High-Value Customer,Lost Customer
17449,1.0,1.0,High-Value Customer,High-Value Customer
17450,1.0,-1.0,High-Value Customer,TOP VIP
17451,,1.0,New Customer,High-Value Customer
17453,,0.0,New Customer,Low-Value
17454,3.0,3.0,Loyal Customer,Loyal Customer
17455,,2.0,New Customer,At-Risk 
17456,2.0,2.0,At-Risk ,At-Risk 
17457,1.0,3.0,High-Value Customer,Loyal Customer
17458,0.0,0.0,Low-Value,Low-Value
17459,,3.0,New Customer,Loyal Customer
17460,1.0,3.0,High-Value Customer,Loyal Customer
17461,,3.0,New Customer,Loyal Customer
17462,,3.0,New Customer,Loyal Customer
17463,3.0,1.0,Loyal Customer,High-Value Customer
17464,3.0,2.0,Loyal Customer,At-Risk 
17465,1.0,,High-Value Customer,Lost Customer
17466,,0.0,New Customer,Low-Value
17467,0.0,,Low-Value,Lost Customer
17468,0.0,0.0,Low-Value,Low-Value
17469,1.0,1.0,High-Value Customer,High-Value Customer
17470,1.0,1.0,High-Value Customer,High-Value Customer
17471,2.0,,At-Risk ,Lost Customer
17472,2.0,3.0,At-Risk ,Loyal Customer
17473,0.0,,Low-Value,Lost Customer
17474,3.0,,Loyal Customer,Lost Customer
17475,,2.0,New Customer,At-Risk 
17476,0.0,,Low-Value,Lost Customer
17477,3.0,,Loyal Customer,Lost Customer
17478,3.0,,Loyal Customer,Lost Customer
17479,2.0,,At-Risk ,Lost Customer
17480,2.0,2.0,At-Risk ,At-Risk 
17481,,1.0,New Customer,High-Value Customer
17482,3.0,,Loyal Customer,Lost Customer
17483,2.0,3.0,At-Risk ,Loyal Customer
17484,2.0,,At-Risk ,Lost Customer
17486,,2.0,New Customer,At-Risk 
17487,2.0,,At-Risk ,Lost Customer
17488,2.0,,At-Risk ,Lost Customer
17489,,3.0,New Customer,Loyal Customer
17490,0.0,1.0,Low-Value,High-Value Customer
17491,1.0,1.0,High-Value Customer,High-Value Customer
17492,3.0,2.0,Loyal Customer,At-Risk 
17493,0.0,,Low-Value,Lost Customer
17494,2.0,,At-Risk ,Lost Customer
17495,0.0,0.0,Low-Value,Low-Value
17496,3.0,2.0,Loyal Customer,At-Risk 
17497,0.0,,Low-Value,Lost Customer
17498,,2.0,New Customer,At-Risk 
17499,2.0,2.0,At-Risk ,At-Risk 
17500,,1.0,New Customer,High-Value Customer
17501,,2.0,New Customer,At-Risk 
17502,,1.0,New Customer,High-Value Customer
17503,,0.0,New Customer,Low-Value
17504,1.0,1.0,High-Value Customer,High-Value Customer
17505,3.0,3.0,Loyal Customer,Loyal Customer
17506,,2.0,New Customer,At-Risk 
17507,,3.0,New Customer,Loyal Customer
17508,1.0,2.0,High-Value Customer,At-Risk 
17509,,1.0,New Customer,High-Value Customer
17510,2.0,0.0,At-Risk ,Low-Value
17511,-1.0,-1.0,TOP VIP,TOP VIP
17512,1.0,1.0,High-Value Customer,High-Value Customer
17513,0.0,2.0,Low-Value,At-Risk 
17514,2.0,2.0,At-Risk ,At-Risk 
17515,1.0,3.0,High-Value Customer,Loyal Customer
17516,0.0,1.0,Low-Value,High-Value Customer
17517,,2.0,New Customer,At-Risk 
17518,0.0,,Low-Value,Lost Customer
17519,1.0,1.0,High-Value Customer,High-Value Customer
17520,,0.0,New Customer,Low-Value
17521,0.0,3.0,Low-Value,Loyal Customer
17522,,1.0,New Customer,High-Value Customer
17523,,1.0,New Customer,High-Value Customer
17524,2.0,2.0,At-Risk ,At-Risk 
17525,0.0,2.0,Low-Value,At-Risk 
17526,1.0,1.0,High-Value Customer,High-Value Customer
17527,,3.0,New Customer,Loyal Customer
17528,,1.0,New Customer,High-Value Customer
17529,3.0,,Loyal Customer,Lost Customer
17530,2.0,1.0,At-Risk ,High-Value Customer
17531,3.0,2.0,Loyal Customer,At-Risk 
17532,0.0,,Low-Value,Lost Customer
17533,2.0,,At-Risk ,Lost Customer
17534,3.0,2.0,Loyal Customer,At-Risk 
17535,,2.0,New Customer,At-Risk 
17536,0.0,2.0,Low-Value,At-Risk 
17537,,3.0,New Customer,Loyal Customer
17538,,0.0,New Customer,Low-Value
17539,3.0,,Loyal Customer,Lost Customer
17540,1.0,0.0,High-Value Customer,Low-Value
17541,2.0,,At-Risk ,Lost Customer
17542,2.0,2.0,At-Risk ,At-Risk 
17543,2.0,,At-Risk ,Lost Customer
17544,1.0,,High-Value Customer,Lost Customer
17545,0.0,3.0,Low-Value,Loyal Customer
17547,0.0,,Low-Value,Lost Customer
17548,0.0,2.0,Low-Value,At-Risk 
17549,,0.0,New Customer,Low-Value
17550,1.0,2.0,High-Value Customer,At-Risk 
17551,,2.0,New Customer,At-Risk 
17552,1.0,3.0,High-Value Customer,Loyal Customer
17553,3.0,3.0,Loyal Customer,Loyal Customer
17554,,1.0,New Customer,High-Value Customer
17555,3.0,0.0,Loyal Customer,Low-Value
17556,0.0,2.0,Low-Value,At-Risk 
17557,2.0,0.0,At-Risk ,Low-Value
17558,0.0,,Low-Value,Lost Customer
17559,2.0,,At-Risk ,Lost Customer
17560,1.0,3.0,High-Value Customer,Loyal Customer
17561,0.0,0.0,Low-Value,Low-Value
17562,,1.0,New Customer,High-Value Customer
17563,2.0,,At-Risk ,Lost Customer
17564,,0.0,New Customer,Low-Value
17565,2.0,,At-Risk ,Lost Customer
17566,,0.0,New Customer,Low-Value
17567,2.0,1.0,At-Risk ,High-Value Customer
17568,2.0,,At-Risk ,Lost Customer
17569,,2.0,New Customer,At-Risk 
17571,2.0,3.0,At-Risk ,Loyal Customer
17572,1.0,3.0,High-Value Customer,Loyal Customer
17573,,0.0,New Customer,Low-Value
17574,,2.0,New Customer,At-Risk 
17575,2.0,,At-Risk ,Lost Customer
17576,-1.0,1.0,TOP VIP,High-Value Customer
17577,2.0,,At-Risk ,Lost Customer
17578,3.0,2.0,Loyal Customer,At-Risk 
17579,2.0,0.0,At-Risk ,Low-Value
17580,0.0,2.0,Low-Value,At-Risk 
17581,-1.0,-1.0,TOP VIP,TOP VIP
17582,3.0,2.0,Loyal Customer,At-Risk 
17583,2.0,,At-Risk ,Lost Customer
17584,3.0,0.0,Loyal Customer,Low-Value
17585,3.0,3.0,Loyal Customer,Loyal Customer
17586,2.0,,At-Risk ,Lost Customer
17587,2.0,,At-Risk ,Lost Customer
17588,1.0,3.0,High-Value Customer,Loyal Customer
17589,-1.0,1.0,TOP VIP,High-Value Customer
17590,,1.0,New Customer,High-Value Customer
17591,2.0,1.0,At-Risk ,High-Value Customer
17592,2.0,,At-Risk ,Lost Customer
17593,1.0,1.0,High-Value Customer,High-Value Customer
17594,3.0,3.0,Loyal Customer,Loyal Customer
17595,,0.0,New Customer,Low-Value
17596,3.0,1.0,Loyal Customer,High-Value Customer
17597,3.0,3.0,Loyal Customer,Loyal Customer
17598,0.0,,Low-Value,Lost Customer
17599,2.0,,At-Risk ,Lost Customer
17600,,0.0,New Customer,Low-Value
17601,0.0,2.0,Low-Value,At-Risk 
17602,1.0,1.0,High-Value Customer,High-Value Customer
17603,3.0,2.0,Loyal Customer,At-Risk 
17604,3.0,2.0,Loyal Customer,At-Risk 
17605,2.0,,At-Risk ,Lost Customer
17606,2.0,,At-Risk ,Lost Customer
17607,0.0,,Low-Value,Lost Customer
17608,2.0,0.0,At-Risk ,Low-Value
17609,1.0,1.0,High-Value Customer,High-Value Customer
17610,3.0,,Loyal Customer,Lost Customer
17611,-1.0,-1.0,TOP VIP,TOP VIP
17612,1.0,1.0,High-Value Customer,High-Value Customer
17613,,-1.0,New Customer,TOP VIP
17614,,2.0,New Customer,At-Risk 
17615,0.0,3.0,Low-Value,Loyal Customer
17616,2.0,3.0,At-Risk ,Loyal Customer
17617,2.0,,At-Risk ,Lost Customer
17618,1.0,1.0,High-Value Customer,High-Value Customer
17619,,2.0,New Customer,At-Risk 
17620,,2.0,New Customer,At-Risk 
17621,3.0,1.0,Loyal Customer,High-Value Customer
17622,3.0,,Loyal Customer,Lost Customer
17623,1.0,0.0,High-Value Customer,Low-Value
17624,3.0,0.0,Loyal Customer,Low-Value
17625,3.0,1.0,Loyal Customer,High-Value Customer
17626,2.0,,At-Risk ,Lost Customer
17627,2.0,,At-Risk ,Lost Customer
17628,,2.0,New Customer,At-Risk 
17629,0.0,1.0,Low-Value,High-Value Customer
17630,,3.0,New Customer,Loyal Customer
17631,1.0,0.0,High-Value Customer,Low-Value
17633,0.0,1.0,Low-Value,High-Value Customer
17634,,1.0,New Customer,High-Value Customer
17635,3.0,,Loyal Customer,Lost Customer
17636,,0.0,New Customer,Low-Value
17637,,0.0,New Customer,Low-Value
17638,3.0,,Loyal Customer,Lost Customer
17639,1.0,2.0,High-Value Customer,At-Risk 
17640,1.0,2.0,High-Value Customer,At-Risk 
17642,3.0,3.0,Loyal Customer,Loyal Customer
17643,2.0,2.0,At-Risk ,At-Risk 
17644,1.0,1.0,High-Value Customer,High-Value Customer
17646,1.0,3.0,High-Value Customer,Loyal Customer
17647,2.0,2.0,At-Risk ,At-Risk 
17648,0.0,3.0,Low-Value,Loyal Customer
17649,3.0,3.0,Loyal Customer,Loyal Customer
17650,,0.0,New Customer,Low-Value
17651,3.0,1.0,Loyal Customer,High-Value Customer
17652,,-1.0,New Customer,TOP VIP
17653,,1.0,New Customer,High-Value Customer
17654,,2.0,New Customer,At-Risk 
17655,0.0,1.0,Low-Value,High-Value Customer
17656,,1.0,New Customer,High-Value Customer
17657,2.0,,At-Risk ,Lost Customer
17658,,0.0,New Customer,Low-Value
17659,0.0,1.0,Low-Value,High-Value Customer
17660,2.0,2.0,At-Risk ,At-Risk 
17662,2.0,,At-Risk ,Lost Customer
17663,1.0,1.0,High-Value Customer,High-Value Customer
17664,3.0,0.0,Loyal Customer,Low-Value
17665,2.0,,At-Risk ,Lost Customer
17666,3.0,0.0,Loyal Customer,Low-Value
17667,3.0,1.0,Loyal Customer,High-Value Customer
17668,,0.0,New Customer,Low-Value
17669,3.0,1.0,Loyal Customer,High-Value Customer
17670,,2.0,New Customer,At-Risk 
17671,0.0,1.0,Low-Value,High-Value Customer
17672,3.0,3.0,Loyal Customer,Loyal Customer
17673,1.0,1.0,High-Value Customer,High-Value Customer
17674,,3.0,New Customer,Loyal Customer
17675,-1.0,-1.0,TOP VIP,TOP VIP
17676,3.0,1.0,Loyal Customer,High-Value Customer
17677,-1.0,-1.0,TOP VIP,TOP VIP
17678,2.0,2.0,At-Risk ,At-Risk 
17679,3.0,3.0,Loyal Customer,Loyal Customer
17680,0.0,0.0,Low-Value,Low-Value
17681,3.0,,Loyal Customer,Lost Customer
17682,3.0,1.0,Loyal Customer,High-Value Customer
17683,0.0,,Low-Value,Lost Customer
17684,,2.0,New Customer,At-Risk 
17685,1.0,1.0,High-Value Customer,High-Value Customer
17686,3.0,1.0,Loyal Customer,High-Value Customer
17687,0.0,,Low-Value,Lost Customer
17688,0.0,,Low-Value,Lost Customer
17689,0.0,,Low-Value,Lost Customer
17690,1.0,-1.0,High-Value Customer,TOP VIP
17691,0.0,2.0,Low-Value,At-Risk 
17692,1.0,3.0,High-Value Customer,Loyal Customer
17693,,2.0,New Customer,At-Risk 
17694,3.0,2.0,Loyal Customer,At-Risk 
17695,3.0,3.0,Loyal Customer,Loyal Customer
17696,-1.0,1.0,TOP VIP,High-Value Customer
17697,,2.0,New Customer,At-Risk 
17698,,2.0,New Customer,At-Risk 
17699,2.0,,At-Risk ,Lost Customer
17700,1.0,1.0,High-Value Customer,High-Value Customer
17701,,2.0,New Customer,At-Risk 
17702,0.0,1.0,Low-Value,High-Value Customer
17703,2.0,3.0,At-Risk ,Loyal Customer
17704,,3.0,New Customer,Loyal Customer
17705,2.0,1.0,At-Risk ,High-Value Customer
17706,-1.0,-1.0,TOP VIP,TOP VIP
17707,1.0,2.0,High-Value Customer,At-Risk 
17708,0.0,2.0,Low-Value,At-Risk 
17709,3.0,2.0,Loyal Customer,At-Risk 
17710,2.0,,At-Risk ,Lost Customer
17711,,0.0,New Customer,Low-Value
17712,,0.0,New Customer,Low-Value
17713,1.0,,High-Value Customer,Lost Customer
17714,3.0,2.0,Loyal Customer,At-Risk 
17715,2.0,2.0,At-Risk ,At-Risk 
17716,-1.0,1.0,TOP VIP,High-Value Customer
17717,0.0,,Low-Value,Lost Customer
17718,2.0,2.0,At-Risk ,At-Risk 
17719,,-1.0,New Customer,TOP VIP
17720,1.0,1.0,High-Value Customer,High-Value Customer
17721,2.0,,At-Risk ,Lost Customer
17722,0.0,3.0,Low-Value,Loyal Customer
17723,0.0,1.0,Low-Value,High-Value Customer
17724,,3.0,New Customer,Loyal Customer
17725,,1.0,New Customer,High-Value Customer
17726,1.0,,High-Value Customer,Lost Customer
17727,,0.0,New Customer,Low-Value
17728,3.0,1.0,Loyal Customer,High-Value Customer
17729,2.0,,At-Risk ,Lost Customer
17730,1.0,-1.0,High-Value Customer,TOP VIP
17731,2.0,3.0,At-Risk ,Loyal Customer
17732,1.0,2.0,High-Value Customer,At-Risk 
17733,,3.0,New Customer,Loyal Customer
17734,3.0,3.0,Loyal Customer,Loyal Customer
17735,1.0,-1.0,High-Value Customer,TOP VIP
17736,,0.0,New Customer,Low-Value
17737,,0.0,New Customer,Low-Value
17738,1.0,1.0,High-Value Customer,High-Value Customer
17739,1.0,1.0,High-Value Customer,High-Value Customer
17740,1.0,,High-Value Customer,Lost Customer
17741,0.0,,Low-Value,Lost Customer
17742,1.0,2.0,High-Value Customer,At-Risk 
17743,2.0,,At-Risk ,Lost Customer
17744,0.0,1.0,Low-Value,High-Value Customer
17745,3.0,,Loyal Customer,Lost Customer
17746,3.0,2.0,Loyal Customer,At-Risk 
17747,,2.0,New Customer,At-Risk 
17748,2.0,,At-Risk ,Lost Customer
17749,2.0,3.0,At-Risk ,Loyal Customer
17750,,1.0,New Customer,High-Value Customer
17751,2.0,,At-Risk ,Lost Customer
17752,,2.0,New Customer,At-Risk 
17753,3.0,,Loyal Customer,Lost Customer
17754,1.0,1.0,High-Value Customer,High-Value Customer
17756,0.0,,Low-Value,Lost Customer
17757,1.0,-1.0,High-Value Customer,TOP VIP
17758,3.0,1.0,Loyal Customer,High-Value Customer
17759,0.0,0.0,Low-Value,Low-Value
17760,3.0,0.0,Loyal Customer,Low-Value
17761,,0.0,New Customer,Low-Value
17762,2.0,,At-Risk ,Lost Customer
17763,2.0,2.0,At-Risk ,At-Risk 
17764,3.0,3.0,Loyal Customer,Loyal Customer
17765,2.0,3.0,At-Risk ,Loyal Customer
17766,0.0,,Low-Value,Lost Customer
17767,2.0,0.0,At-Risk ,Low-Value
17768,1.0,1.0,High-Value Customer,High-Value Customer
17769,1.0,1.0,High-Value Customer,High-Value Customer
17770,,3.0,New Customer,Loyal Customer
17771,2.0,2.0,At-Risk ,At-Risk 
17772,0.0,0.0,Low-Value,Low-Value
17773,3.0,,Loyal Customer,Lost Customer
17774,1.0,3.0,High-Value Customer,Loyal Customer
17775,,2.0,New Customer,At-Risk 
17776,0.0,,Low-Value,Lost Customer
17777,,0.0,New Customer,Low-Value
17778,2.0,,At-Risk ,Lost Customer
17779,,0.0,New Customer,Low-Value
17780,2.0,,At-Risk ,Lost Customer
17781,,2.0,New Customer,At-Risk 
17782,0.0,,Low-Value,Lost Customer
17783,2.0,2.0,At-Risk ,At-Risk 
17784,2.0,,At-Risk ,Lost Customer
17785,2.0,2.0,At-Risk ,At-Risk 
17786,,2.0,New Customer,At-Risk 
17787,,3.0,New Customer,Loyal Customer
17788,,3.0,New Customer,Loyal Customer
17789,2.0,2.0,At-Risk ,At-Risk 
17790,1.0,1.0,High-Value Customer,High-Value Customer
17791,,0.0,New Customer,Low-Value
17792,2.0,,At-Risk ,Lost Customer
17793,,0.0,New Customer,Low-Value
17794,2.0,,At-Risk ,Lost Customer
17795,,2.0,New Customer,At-Risk 
17796,0.0,3.0,Low-Value,Loyal Customer
17797,1.0,3.0,High-Value Customer,Loyal Customer
17798,2.0,,At-Risk ,Lost Customer
17799,1.0,1.0,High-Value Customer,High-Value Customer
17800,,1.0,New Customer,High-Value Customer
17801,3.0,,Loyal Customer,Lost Customer
17802,1.0,3.0,High-Value Customer,Loyal Customer
17803,0.0,,Low-Value,Lost Customer
17804,0.0,,Low-Value,Lost Customer
17805,2.0,2.0,At-Risk ,At-Risk 
17806,,0.0,New Customer,Low-Value
17807,0.0,,Low-Value,Lost Customer
17808,3.0,,Loyal Customer,Lost Customer
17809,1.0,-1.0,High-Value Customer,TOP VIP
17810,2.0,,At-Risk ,Lost Customer
17811,1.0,-1.0,High-Value Customer,TOP VIP
17812,0.0,1.0,Low-Value,High-Value Customer
17813,,1.0,New Customer,High-Value Customer
17814,0.0,,Low-Value,Lost Customer
17815,0.0,,Low-Value,Lost Customer
17816,2.0,2.0,At-Risk ,At-Risk 
17817,0.0,0.0,Low-Value,Low-Value
17818,2.0,,At-Risk ,Lost Customer
17819,3.0,1.0,Loyal Customer,High-Value Customer
17820,0.0,,Low-Value,Lost Customer
17821,0.0,,Low-Value,Lost Customer
17822,1.0,,High-Value Customer,Lost Customer
17823,0.0,,Low-Value,Lost Customer
17824,,2.0,New Customer,At-Risk 
17825,3.0,,Loyal Customer,Lost Customer
17826,0.0,,Low-Value,Lost Customer
17827,2.0,1.0,At-Risk ,High-Value Customer
17828,,1.0,New Customer,High-Value Customer
17829,1.0,3.0,High-Value Customer,Loyal Customer
17830,,0.0,New Customer,Low-Value
17831,,2.0,New Customer,At-Risk 
17832,,2.0,New Customer,At-Risk 
17833,2.0,,At-Risk ,Lost Customer
17834,3.0,,Loyal Customer,Lost Customer
17835,,0.0,New Customer,Low-Value
17836,,2.0,New Customer,At-Risk 
17837,,1.0,New Customer,High-Value Customer
17838,1.0,1.0,High-Value Customer,High-Value Customer
17839,,0.0,New Customer,Low-Value
17840,2.0,,At-Risk ,Lost Customer
17841,-1.0,-1.0,TOP VIP,TOP VIP
17842,2.0,,At-Risk ,Lost Customer
17843,2.0,2.0,At-Risk ,At-Risk 
17844,,2.0,New Customer,At-Risk 
17845,3.0,,Loyal Customer,Lost Customer
17847,2.0,,At-Risk ,Lost Customer
17848,1.0,1.0,High-Value Customer,High-Value Customer
17849,3.0,3.0,Loyal Customer,Loyal Customer
17850,-1.0,1.0,TOP VIP,High-Value Customer
17851,1.0,,High-Value Customer,Lost Customer
17852,0.0,0.0,Low-Value,Low-Value
17853,3.0,,Loyal Customer,Lost Customer
17854,3.0,2.0,Loyal Customer,At-Risk 
17855,,2.0,New Customer,At-Risk 
17856,,1.0,New Customer,High-Value Customer
17857,2.0,-1.0,At-Risk ,TOP VIP
17858,-1.0,-1.0,TOP VIP,TOP VIP
17859,,2.0,New Customer,At-Risk 
17860,3.0,2.0,Loyal Customer,At-Risk 
17861,1.0,1.0,High-Value Customer,High-Value Customer
17862,1.0,2.0,High-Value Customer,At-Risk 
17863,1.0,1.0,High-Value Customer,High-Value Customer
17864,0.0,0.0,Low-Value,Low-Value
17865,-1.0,-1.0,TOP VIP,TOP VIP
17866,3.0,2.0,Loyal Customer,At-Risk 
17867,1.0,1.0,High-Value Customer,High-Value Customer
17868,0.0,,Low-Value,Lost Customer
17869,2.0,3.0,At-Risk ,Loyal Customer
17870,0.0,1.0,Low-Value,High-Value Customer
17871,1.0,2.0,High-Value Customer,At-Risk 
17872,0.0,,Low-Value,Lost Customer
17873,-1.0,3.0,TOP VIP,Loyal Customer
17874,,3.0,New Customer,Loyal Customer
17875,2.0,,At-Risk ,Lost Customer
17876,1.0,,High-Value Customer,Lost Customer
17877,,2.0,New Customer,At-Risk 
17878,0.0,0.0,Low-Value,Low-Value
17879,,2.0,New Customer,At-Risk 
17880,2.0,2.0,At-Risk ,At-Risk 
17881,,2.0,New Customer,At-Risk 
17882,0.0,,Low-Value,Lost Customer
17883,3.0,1.0,Loyal Customer,High-Value Customer
17884,1.0,1.0,High-Value Customer,High-Value Customer
17885,,0.0,New Customer,Low-Value
17886,3.0,3.0,Loyal Customer,Loyal Customer
17887,,2.0,New Customer,At-Risk 
17888,1.0,1.0,High-Value Customer,High-Value Customer
17889,1.0,2.0,High-Value Customer,At-Risk 
17890,,3.0,New Customer,Loyal Customer
17891,,2.0,New Customer,At-Risk 
17892,,0.0,New Customer,Low-Value
17893,,2.0,New Customer,At-Risk 
17894,1.0,1.0,High-Value Customer,High-Value Customer
17895,,2.0,New Customer,At-Risk 
17896,,0.0,New Customer,Low-Value
17897,1.0,3.0,High-Value Customer,Loyal Customer
17898,2.0,2.0,At-Risk ,At-Risk 
17899,,2.0,New Customer,At-Risk 
17900,,2.0,New Customer,At-Risk 
17901,2.0,0.0,At-Risk ,Low-Value
17902,2.0,,At-Risk ,Lost Customer
17903,0.0,,Low-Value,Lost Customer
17904,,0.0,New Customer,Low-Value
17905,1.0,3.0,High-Value Customer,Loyal Customer
17906,,2.0,New Customer,At-Risk 
17907,2.0,,At-Risk ,Lost Customer
17908,3.0,2.0,Loyal Customer,At-Risk 
17909,2.0,,At-Risk ,Lost Customer
17910,2.0,,At-Risk ,Lost Customer
17911,,0.0,New Customer,Low-Value
17912,0.0,3.0,Low-Value,Loyal Customer
17913,1.0,3.0,High-Value Customer,Loyal Customer
17914,,0.0,New Customer,Low-Value
17915,2.0,,At-Risk ,Lost Customer
17916,2.0,,At-Risk ,Lost Customer
17917,,3.0,New Customer,Loyal Customer
17918,3.0,,Loyal Customer,Lost Customer
17919,2.0,3.0,At-Risk ,Loyal Customer
17920,-1.0,-1.0,TOP VIP,TOP VIP
17921,1.0,3.0,High-Value Customer,Loyal Customer
17922,2.0,,At-Risk ,Lost Customer
17923,2.0,2.0,At-Risk ,At-Risk 
17924,0.0,1.0,Low-Value,High-Value Customer
17925,,2.0,New Customer,At-Risk 
17926,3.0,3.0,Loyal Customer,Loyal Customer
17927,2.0,,At-Risk ,Lost Customer
17928,2.0,0.0,At-Risk ,Low-Value
17929,1.0,1.0,High-Value Customer,High-Value Customer
17930,1.0,1.0,High-Value Customer,High-Value Customer
17931,1.0,3.0,High-Value Customer,Loyal Customer
17932,,3.0,New Customer,Loyal Customer
17933,2.0,,At-Risk ,Lost Customer
17934,0.0,3.0,Low-Value,Loyal Customer
17935,1.0,2.0,High-Value Customer,At-Risk 
17936,,0.0,New Customer,Low-Value
17937,,1.0,New Customer,High-Value Customer
17938,2.0,,At-Risk ,Lost Customer
17939,,2.0,New Customer,At-Risk 
17940,1.0,1.0,High-Value Customer,High-Value Customer
17941,3.0,2.0,Loyal Customer,At-Risk 
17942,,0.0,New Customer,Low-Value
17944,2.0,,At-Risk ,Lost Customer
17945,2.0,,At-Risk ,Lost Customer
17946,,2.0,New Customer,At-Risk 
17947,,0.0,New Customer,Low-Value
17948,,2.0,New Customer,At-Risk 
17949,-1.0,-1.0,TOP VIP,TOP VIP
17950,3.0,3.0,Loyal Customer,Loyal Customer
17951,0.0,3.0,Low-Value,Loyal Customer
17952,1.0,,High-Value Customer,Lost Customer
17953,2.0,,At-Risk ,Lost Customer
17954,1.0,1.0,High-Value Customer,High-Value Customer
17955,2.0,3.0,At-Risk ,Loyal Customer
17956,,2.0,New Customer,At-Risk 
17957,,2.0,New Customer,At-Risk 
17958,2.0,2.0,At-Risk ,At-Risk 
17959,2.0,,At-Risk ,Lost Customer
17960,2.0,2.0,At-Risk ,At-Risk 
17961,1.0,1.0,High-Value Customer,High-Value Customer
17962,3.0,2.0,Loyal Customer,At-Risk 
17963,3.0,,Loyal Customer,Lost Customer
17964,,0.0,New Customer,Low-Value
17965,-1.0,1.0,TOP VIP,High-Value Customer
17966,3.0,1.0,Loyal Customer,High-Value Customer
17967,2.0,2.0,At-Risk ,At-Risk 
17968,0.0,2.0,Low-Value,At-Risk 
17969,1.0,2.0,High-Value Customer,At-Risk 
17970,,2.0,New Customer,At-Risk 
17971,2.0,,At-Risk ,Lost Customer
17972,,2.0,New Customer,At-Risk 
17973,,2.0,New Customer,At-Risk 
17974,1.0,3.0,High-Value Customer,Loyal Customer
17975,1.0,-1.0,High-Value Customer,TOP VIP
17976,,2.0,New Customer,At-Risk 
17977,0.0,0.0,Low-Value,Low-Value
17978,3.0,2.0,Loyal Customer,At-Risk 
17979,,3.0,New Customer,Loyal Customer
17980,0.0,3.0,Low-Value,Loyal Customer
17981,0.0,,Low-Value,Lost Customer
17982,2.0,,At-Risk ,Lost Customer
17983,0.0,,Low-Value,Lost Customer
17984,1.0,2.0,High-Value Customer,At-Risk 
17985,,0.0,New Customer,Low-Value
17986,,2.0,New Customer,At-Risk 
17987,1.0,2.0,High-Value Customer,At-Risk 
17988,3.0,1.0,Loyal Customer,High-Value Customer
17989,0.0,,Low-Value,Lost Customer
17990,1.0,3.0,High-Value Customer,Loyal Customer
17991,2.0,2.0,At-Risk ,At-Risk 
17992,0.0,,Low-Value,Lost Customer
17993,2.0,,At-Risk ,Lost Customer
17994,1.0,3.0,High-Value Customer,Loyal Customer
17995,0.0,2.0,Low-Value,At-Risk 
17996,0.0,,Low-Value,Lost Customer
17997,,1.0,New Customer,High-Value Customer
17998,0.0,,Low-Value,Lost Customer
17999,0.0,0.0,Low-Value,Low-Value
18000,2.0,,At-Risk ,Lost Customer
18001,3.0,0.0,Loyal Customer,Low-Value
18002,0.0,,Low-Value,Lost Customer
18003,0.0,,Low-Value,Lost Customer
18004,,2.0,New Customer,At-Risk 
18005,,0.0,New Customer,Low-Value
18006,0.0,0.0,Low-Value,Low-Value
18007,0.0,,Low-Value,Lost Customer
18008,-1.0,1.0,TOP VIP,High-Value Customer
18009,3.0,2.0,Loyal Customer,At-Risk 
18010,,2.0,New Customer,At-Risk 
18011,2.0,2.0,At-Risk ,At-Risk 
18012,2.0,,At-Risk ,Lost Customer
18013,,2.0,New Customer,At-Risk 
18014,,0.0,New Customer,Low-Value
18015,,0.0,New Customer,Low-Value
18016,0.0,1.0,Low-Value,High-Value Customer
18017,2.0,3.0,At-Risk ,Loyal Customer
18018,0.0,2.0,Low-Value,At-Risk 
18019,,2.0,New Customer,At-Risk 
18020,2.0,,At-Risk ,Lost Customer
18021,2.0,,At-Risk ,Lost Customer
18022,1.0,0.0,High-Value Customer,Low-Value
18024,,2.0,New Customer,At-Risk 
18025,1.0,,High-Value Customer,Lost Customer
18026,3.0,,Loyal Customer,Lost Customer
18027,,2.0,New Customer,At-Risk 
18028,2.0,,At-Risk ,Lost Customer
18029,2.0,,At-Risk ,Lost Customer
18030,,0.0,New Customer,Low-Value
18031,0.0,,Low-Value,Lost Customer
18032,,2.0,New Customer,At-Risk 
18033,,2.0,New Customer,At-Risk 
18034,0.0,0.0,Low-Value,Low-Value
18035,0.0,3.0,Low-Value,Loyal Customer
18036,1.0,0.0,High-Value Customer,Low-Value
18037,3.0,2.0,Loyal Customer,At-Risk 
18038,2.0,,At-Risk ,Lost Customer
18039,1.0,,High-Value Customer,Lost Customer
18040,,0.0,New Customer,Low-Value
18041,-1.0,-1.0,TOP VIP,TOP VIP
18042,2.0,2.0,At-Risk ,At-Risk 
18043,,0.0,New Customer,Low-Value
18044,1.0,1.0,High-Value Customer,High-Value Customer
18045,,2.0,New Customer,At-Risk 
18046,2.0,,At-Risk ,Lost Customer
18047,0.0,,Low-Value,Lost Customer
18048,2.0,2.0,At-Risk ,At-Risk 
18049,3.0,,Loyal Customer,Lost Customer
18050,0.0,2.0,Low-Value,At-Risk 
18051,3.0,,Loyal Customer,Lost Customer
18052,3.0,,Loyal Customer,Lost Customer
18053,2.0,2.0,At-Risk ,At-Risk 
18054,0.0,,Low-Value,Lost Customer
18055,1.0,1.0,High-Value Customer,High-Value Customer
18056,2.0,2.0,At-Risk ,At-Risk 
18057,3.0,,Loyal Customer,Lost Customer
18058,3.0,0.0,Loyal Customer,Low-Value
18059,,0.0,New Customer,Low-Value
18060,3.0,,Loyal Customer,Lost Customer
18061,-1.0,1.0,TOP VIP,High-Value Customer
18062,1.0,3.0,High-Value Customer,Loyal Customer
18063,0.0,,Low-Value,Lost Customer
18064,1.0,3.0,High-Value Customer,Loyal Customer
18065,1.0,1.0,High-Value Customer,High-Value Customer
18066,0.0,2.0,Low-Value,At-Risk 
18067,,0.0,New Customer,Low-Value
18068,,2.0,New Customer,At-Risk 
18069,1.0,1.0,High-Value Customer,High-Value Customer
18070,2.0,,At-Risk ,Lost Customer
18071,3.0,2.0,Loyal Customer,At-Risk 
18072,,2.0,New Customer,At-Risk 
18073,,1.0,New Customer,High-Value Customer
18074,2.0,2.0,At-Risk ,At-Risk 
18075,1.0,1.0,High-Value Customer,High-Value Customer
18076,0.0,,Low-Value,Lost Customer
18077,1.0,1.0,High-Value Customer,High-Value Customer
18078,0.0,2.0,Low-Value,At-Risk 
18079,2.0,1.0,At-Risk ,High-Value Customer
18080,,0.0,New Customer,Low-Value
18081,,0.0,New Customer,Low-Value
18082,,0.0,New Customer,Low-Value
18083,0.0,,Low-Value,Lost Customer
18084,0.0,0.0,Low-Value,Low-Value
18085,0.0,3.0,Low-Value,Loyal Customer
18086,,2.0,New Customer,At-Risk 
18087,-1.0,3.0,TOP VIP,Loyal Customer
18088,,2.0,New Customer,At-Risk 
18089,2.0,,At-Risk ,Lost Customer
18090,2.0,,At-Risk ,Lost Customer
18091,2.0,,At-Risk ,Lost Customer
18092,1.0,1.0,High-Value Customer,High-Value Customer
18093,3.0,3.0,Loyal Customer,Loyal Customer
18094,1.0,1.0,High-Value Customer,High-Value Customer
18095,3.0,3.0,Loyal Customer,Loyal Customer
18096,3.0,1.0,Loyal Customer,High-Value Customer
18097,1.0,1.0,High-Value Customer,High-Value Customer
18098,0.0,,Low-Value,Lost Customer
18099,,2.0,New Customer,At-Risk 
18100,2.0,,At-Risk ,Lost Customer
18101,0.0,0.0,Low-Value,Low-Value
18102,-1.0,-1.0,TOP VIP,TOP VIP
18103,2.0,,At-Risk ,Lost Customer
18104,,0.0,New Customer,Low-Value
18105,,2.0,New Customer,At-Risk 
18106,3.0,2.0,Loyal Customer,At-Risk 
18107,2.0,,At-Risk ,Lost Customer
18108,3.0,2.0,Loyal Customer,At-Risk 
18109,1.0,-1.0,High-Value Customer,TOP VIP
18110,2.0,0.0,At-Risk ,Low-Value
18111,2.0,,At-Risk ,Lost Customer
18112,0.0,0.0,Low-Value,Low-Value
18113,,2.0,New Customer,At-Risk 
18114,,2.0,New Customer,At-Risk 
18115,2.0,,At-Risk ,Lost Customer
18116,1.0,1.0,High-Value Customer,High-Value Customer
18117,,0.0,New Customer,Low-Value
18118,0.0,-1.0,Low-Value,TOP VIP
18119,,2.0,New Customer,At-Risk 
18120,,2.0,New Customer,At-Risk 
18121,,3.0,New Customer,Loyal Customer
18122,,1.0,New Customer,High-Value Customer
18123,2.0,0.0,At-Risk ,Low-Value
18124,2.0,,At-Risk ,Lost Customer
18125,,1.0,New Customer,High-Value Customer
18126,,2.0,New Customer,At-Risk 
18127,0.0,0.0,Low-Value,Low-Value
18128,2.0,,At-Risk ,Lost Customer
18129,,2.0,New Customer,At-Risk 
18130,,1.0,New Customer,High-Value Customer
18131,2.0,,At-Risk ,Lost Customer
18132,2.0,,At-Risk ,Lost Customer
18133,,3.0,New Customer,Loyal Customer
18134,2.0,,At-Risk ,Lost Customer
18135,1.0,1.0,High-Value Customer,High-Value Customer
18136,3.0,3.0,Loyal Customer,Loyal Customer
18137,2.0,,At-Risk ,Lost Customer
18138,,2.0,New Customer,At-Risk 
18139,,1.0,New Customer,High-Value Customer
18140,2.0,,At-Risk ,Lost Customer
18141,0.0,,Low-Value,Lost Customer
18142,,3.0,New Customer,Loyal Customer
18143,,3.0,New Customer,Loyal Customer
18144,1.0,1.0,High-Value Customer,High-Value Customer
18145,1.0,1.0,High-Value Customer,High-Value Customer
18146,,2.0,New Customer,At-Risk 
18147,,0.0,New Customer,Low-Value
18148,2.0,,At-Risk ,Lost Customer
18149,3.0,3.0,Loyal Customer,Loyal Customer
18150,,3.0,New Customer,Loyal Customer
18151,3.0,3.0,Loyal Customer,Loyal Customer
18152,2.0,,At-Risk ,Lost Customer
18153,2.0,,At-Risk ,Lost Customer
18154,0.0,0.0,Low-Value,Low-Value
18155,,3.0,New Customer,Loyal Customer
18156,,0.0,New Customer,Low-Value
18157,2.0,,At-Risk ,Lost Customer
18158,,0.0,New Customer,Low-Value
18159,,2.0,New Customer,At-Risk 
18160,0.0,3.0,Low-Value,Loyal Customer
18161,0.0,1.0,Low-Value,High-Value Customer
18162,2.0,,At-Risk ,Lost Customer
18163,2.0,,At-Risk ,Lost Customer
18164,,0.0,New Customer,Low-Value
18165,,2.0,New Customer,At-Risk 
18166,2.0,,At-Risk ,Lost Customer
18167,,1.0,New Customer,High-Value Customer
18168,1.0,3.0,High-Value Customer,Loyal Customer
18169,,2.0,New Customer,At-Risk 
18170,1.0,3.0,High-Value Customer,Loyal Customer
18171,3.0,1.0,Loyal Customer,High-Value Customer
18172,-1.0,-1.0,TOP VIP,TOP VIP
18173,2.0,3.0,At-Risk ,Loyal Customer
18174,2.0,0.0,At-Risk ,Low-Value
18175,2.0,,At-Risk ,Lost Customer
18176,,2.0,New Customer,At-Risk 
18177,3.0,1.0,Loyal Customer,High-Value Customer
18178,1.0,3.0,High-Value Customer,Loyal Customer
18179,3.0,1.0,Loyal Customer,High-Value Customer
18180,,1.0,New Customer,High-Value Customer
18181,3.0,0.0,Loyal Customer,Low-Value
18182,2.0,,At-Risk ,Lost Customer
18183,,3.0,New Customer,Loyal Customer
18184,,0.0,New Customer,Low-Value
18185,,2.0,New Customer,At-Risk 
18186,2.0,,At-Risk ,Lost Customer
18187,2.0,,At-Risk ,Lost Customer
18188,3.0,1.0,Loyal Customer,High-Value Customer
18189,2.0,3.0,At-Risk ,Loyal Customer
18190,3.0,2.0,Loyal Customer,At-Risk 
18191,2.0,2.0,At-Risk ,At-Risk 
18192,,3.0,New Customer,Loyal Customer
18193,0.0,2.0,Low-Value,At-Risk 
18194,3.0,3.0,Loyal Customer,Loyal Customer
18195,0.0,,Low-Value,Lost Customer
18196,3.0,3.0,Loyal Customer,Loyal Customer
18197,2.0,,At-Risk ,Lost Customer
18198,,-1.0,New Customer,TOP VIP
18199,2.0,,At-Risk ,Lost Customer
18200,,2.0,New Customer,At-Risk 
18201,2.0,,At-Risk ,Lost Customer
18202,,3.0,New Customer,Loyal Customer
18203,0.0,2.0,Low-Value,At-Risk 
18204,,3.0,New Customer,Loyal Customer
18205,,0.0,New Customer,Low-Value
18206,2.0,,At-Risk ,Lost Customer
18207,2.0,,At-Risk ,Lost Customer
18208,2.0,,At-Risk ,Lost Customer
18209,,0.0,New Customer,Low-Value
18210,0.0,1.0,Low-Value,High-Value Customer
18211,,1.0,New Customer,High-Value Customer
18212,2.0,2.0,At-Risk ,At-Risk 
18213,,2.0,New Customer,At-Risk 
18214,3.0,,Loyal Customer,Lost Customer
18215,3.0,2.0,Loyal Customer,At-Risk 
18216,,0.0,New Customer,Low-Value
18217,2.0,0.0,At-Risk ,Low-Value
18218,2.0,3.0,At-Risk ,Loyal Customer
18219,1.0,1.0,High-Value Customer,High-Value Customer
18220,1.0,2.0,High-Value Customer,At-Risk 
18221,0.0,1.0,Low-Value,High-Value Customer
18222,,2.0,New Customer,At-Risk 
18223,-1.0,-1.0,TOP VIP,TOP VIP
18224,,2.0,New Customer,At-Risk 
18225,-1.0,-1.0,TOP VIP,TOP VIP
18226,-1.0,1.0,TOP VIP,High-Value Customer
18227,2.0,2.0,At-Risk ,At-Risk 
18228,,3.0,New Customer,Loyal Customer
18229,1.0,-1.0,High-Value Customer,TOP VIP
18230,0.0,1.0,Low-Value,High-Value Customer
18231,-1.0,3.0,TOP VIP,Loyal Customer
18232,,3.0,New Customer,Loyal Customer
18233,,2.0,New Customer,At-Risk 
18234,2.0,,At-Risk ,Lost Customer
18235,,3.0,New Customer,Loyal Customer
18236,1.0,1.0,High-Value Customer,High-Value Customer
18237,,1.0,New Customer,High-Value Customer
18238,2.0,,At-Risk ,Lost Customer
18239,2.0,3.0,At-Risk ,Loyal Customer
18240,,0.0,New Customer,Low-Value
18241,3.0,1.0,Loyal Customer,High-Value Customer
18242,3.0,3.0,Loyal Customer,Loyal Customer
18243,0.0,,Low-Value,Lost Customer
18244,3.0,,Loyal Customer,Lost Customer
18245,-1.0,1.0,TOP VIP,High-Value Customer
18246,2.0,0.0,At-Risk ,Low-Value
18247,3.0,,Loyal Customer,Lost Customer
18248,,3.0,New Customer,Loyal Customer
18249,,0.0,New Customer,Low-Value
18250,,2.0,New Customer,At-Risk 
18251,1.0,3.0,High-Value Customer,Loyal Customer
18252,3.0,3.0,Loyal Customer,Loyal Customer
18253,2.0,,At-Risk ,Lost Customer
18254,2.0,,At-Risk ,Lost Customer
18255,2.0,2.0,At-Risk ,At-Risk 
18256,0.0,,Low-Value,Lost Customer
18257,3.0,1.0,Loyal Customer,High-Value Customer
18258,3.0,,Loyal Customer,Lost Customer
18259,1.0,1.0,High-Value Customer,High-Value Customer
18260,-1.0,3.0,TOP VIP,Loyal Customer
18261,,0.0,New Customer,Low-Value
18262,0.0,2.0,Low-Value,At-Risk 
18263,,3.0,New Customer,Loyal Customer
18264,2.0,,At-Risk ,Lost Customer
18265,,3.0,New Customer,Loyal Customer
18266,2.0,,At-Risk ,Lost Customer
18267,2.0,,At-Risk ,Lost Customer
18268,3.0,2.0,Loyal Customer,At-Risk 
18269,,2.0,New Customer,At-Risk 
18270,2.0,0.0,At-Risk ,Low-Value
18271,3.0,,Loyal Customer,Lost Customer
18272,3.0,1.0,Loyal Customer,High-Value Customer
18273,2.0,0.0,At-Risk ,Low-Value
18274,,0.0,New Customer,Low-Value
18275,3.0,,Loyal Customer,Lost Customer
18276,1.0,0.0,High-Value Customer,Low-Value
18277,1.0,2.0,High-Value Customer,At-Risk 
18278,0.0,2.0,Low-Value,At-Risk 
18279,2.0,,At-Risk ,Lost Customer
18280,0.0,2.0,Low-Value,At-Risk 
18281,2.0,2.0,At-Risk ,At-Risk 
18282,,0.0,New Customer,Low-Value
18283,1.0,1.0,High-Value Customer,High-Value Customer
18284,2.0,,At-Risk ,Lost Customer
18285,2.0,,At-Risk ,Lost Customer
18286,3.0,,Loyal Customer,Lost Customer
18287,1.0,3.0,High-Value Customer,Loyal Customer
