Customer ID,R_2010,F_2010,M_2010,R_2011,F_2011,M_2011
12346,185.0,2.0,169.36,325.0,1.0,77183.6
12347,23.0,2.0,1323.32,1.0,6.0,3598.21
12348,14.0,2.0,873.9599999999999,74.0,3.0,784.44
12349,63.0,2.0,2221.14,18.0,1.0,1457.55
12350,,0.0,0.0,309.0,1.0,294.4
12351,31.0,1.0,300.93,,0.0,0.0
12352,31.0,2.0,343.8,35.0,7.0,1385.74
12353,64.0,1.0,317.76,203.0,1.0,89.0
12354,,0.0,0.0,231.0,1.0,1079.4
12355,223.0,1.0,488.21000000000004,213.0,1.0,459.4
12356,36.0,3.0,3124.3,22.0,3.0,2487.43
12357,44.0,1.0,11229.99,32.0,1.0,6207.67
12358,31.0,3.0,2519.01,1.0,2.0,928.0600000000001
12359,81.0,6.0,2563.36,57.0,4.0,6310.03
12360,48.0,3.0,1310.83,51.0,3.0,2302.06
12361,118.0,3.0,276.35,286.0,1.0,174.9
12362,,0.0,0.0,2.0,10.0,4737.23
12363,,0.0,0.0,109.0,2.0,552.0
12364,,0.0,0.0,7.0,4.0,1208.1
12365,,0.0,0.0,290.0,1.0,320.69
12366,289.0,1.0,500.24,,0.0,0.0
12367,,0.0,0.0,3.0,1.0,150.9
12368,284.0,1.0,917.6999999999999,,0.0,0.0
12369,69.0,3.0,1511.15,,0.0,0.0
12370,13.0,5.0,2278.89,50.0,2.0,1677.67
12371,65.0,3.0,1819.42,59.0,1.0,1527.96
12372,,0.0,0.0,71.0,3.0,1196.04
12373,280.0,2.0,603.0500000000001,310.0,1.0,324.6
12374,77.0,2.0,2046.29,24.0,1.0,622.93
12375,,0.0,0.0,10.0,2.0,377.5
12376,45.0,2.0,383.15,,0.0,0.0
12377,10.0,3.0,2719.72,314.0,1.0,546.6
12378,218.0,1.0,1407.7,129.0,1.0,4008.62
12379,78.0,2.0,692.98,81.0,2.0,777.24
12380,121.0,4.0,4782.84,21.0,4.0,2427.81
12381,,0.0,0.0,4.0,3.0,1474.81
12383,8.0,1.0,555.72,184.0,4.0,1072.84
12384,,0.0,0.0,28.0,2.0,425.27000000000004
12385,35.0,1.0,1668.4,,0.0,0.0
12386,22.0,1.0,258.9,337.0,1.0,143.0
12387,71.0,1.0,143.94,,0.0,0.0
12388,101.0,2.0,1120.45,15.0,6.0,2780.66
12389,58.0,3.0,1433.33,,0.0,0.0
12390,,0.0,0.0,79.0,1.0,504.84000000000003
12391,120.0,5.0,2285.18,21.0,1.0,439.66
12392,247.0,1.0,234.75000000000003,,0.0,0.0
12393,38.0,2.0,816.85,71.0,4.0,1582.6000000000001
12394,,0.0,0.0,63.0,2.0,1080.48
12395,13.0,5.0,2148.46,18.0,10.0,2092.71
12396,330.0,1.0,931.43,,0.0,0.0
12397,,0.0,0.0,35.0,2.0,2214.9
12398,,0.0,0.0,45.0,1.0,1435.66
12399,41.0,3.0,808.65,118.0,4.0,1033.65
12400,70.0,1.0,205.25,,0.0,0.0
12401,,0.0,0.0,302.0,1.0,69.3
12402,48.0,5.0,941.3,322.0,1.0,195.6
12403,177.0,1.0,555.6600000000001,49.0,1.0,391.7
12405,,0.0,0.0,148.0,1.0,1390.39
12406,55.0,3.0,2975.06,21.0,2.0,3415.3
12407,,0.0,0.0,49.0,5.0,1507.1200000000001
12408,41.0,3.0,1287.22,32.0,5.0,2618.55
12409,76.0,4.0,12346.619999999999,78.0,3.0,11072.67
12410,158.0,1.0,240.38,308.0,2.0,533.33
12411,65.0,1.0,346.9,,0.0,0.0
12412,58.0,3.0,1262.05,74.0,3.0,1142.88
12413,58.0,1.0,185.35,66.0,3.0,686.1
12414,119.0,1.0,90.0,216.0,3.0,442.41
12415,31.0,4.0,19468.84,23.0,20.0,124564.53
12416,312.0,1.0,202.56,,0.0,0.0
12417,13.0,12.0,3033.65,2.0,8.0,2964.76
12418,69.0,3.0,1352.62,112.0,1.0,668.58
12419,41.0,2.0,391.01,,0.0,0.0
12420,,0.0,0.0,63.0,1.0,600.39
12421,71.0,2.0,235.56,15.0,4.0,639.04
12422,50.0,9.0,2955.79,95.0,3.0,683.5600000000001
12423,9.0,3.0,860.01,0.0,7.0,1441.38
12424,78.0,2.0,1579.07,162.0,2.0,1760.96
12425,104.0,1.0,964.21,77.0,1.0,777.2
12426,318.0,1.0,690.48,194.0,1.0,510.73
12427,27.0,1.0,249.5,21.0,2.0,450.3
12428,,0.0,0.0,25.0,8.0,6405.26
12429,21.0,5.0,3591.51,8.0,3.0,2250.9
12430,,0.0,0.0,42.0,1.0,216.4
12431,13.0,12.0,4493.72,35.0,13.0,5608.5
12432,,0.0,0.0,42.0,4.0,4359.32
12433,22.0,5.0,7205.39,0.0,5.0,9588.75
12434,37.0,1.0,297.29,84.0,2.0,806.14
12435,52.0,4.0,6096.04,79.0,2.0,7829.89
12436,,0.0,0.0,99.0,1.0,429.01000000000005
12437,51.0,20.0,6834.99,1.0,18.0,4447.41
12438,,0.0,0.0,13.0,2.0,2466.85
12439,338.0,2.0,1142.88,,0.0,0.0
12440,118.0,2.0,739.2,,0.0,0.0
12441,22.0,1.0,155.55,,0.0,0.0
12442,,0.0,0.0,2.0,1.0,144.06
12443,388.0,1.0,365.31,,0.0,0.0
12444,,0.0,0.0,20.0,5.0,4085.46
12445,76.0,1.0,301.58000000000004,21.0,1.0,77.4
12446,,0.0,0.0,57.0,1.0,1002.3100000000001
12447,,0.0,0.0,242.0,1.0,431.49
12448,,0.0,0.0,43.0,1.0,365.45
12449,94.0,1.0,678.6,21.0,4.0,3596.29
12450,55.0,3.0,490.32,155.0,2.0,197.88
12451,119.0,3.0,3634.36,10.0,5.0,8995.52
12452,,0.0,0.0,16.0,1.0,348.57
12453,,0.0,0.0,133.0,1.0,707.09
12454,51.0,3.0,12931.44,55.0,1.0,3528.34
12455,101.0,4.0,3383.09,72.0,5.0,2339.86
12456,,0.0,0.0,43.0,3.0,2581.04
12457,91.0,1.0,512.68,65.0,6.0,2043.23
12458,83.0,2.0,715.09,70.0,2.0,787.4
12459,261.0,1.0,398.36,,0.0,0.0
12460,112.0,1.0,296.65,,0.0,0.0
12461,,0.0,0.0,154.0,1.0,626.88
12462,,0.0,0.0,18.0,2.0,937.59
12463,,0.0,0.0,52.0,4.0,1200.78
12464,,0.0,0.0,9.0,8.0,957.05
12465,,0.0,0.0,16.0,2.0,682.1899999999999
12467,79.0,1.0,132.8,,0.0,0.0
12468,182.0,3.0,2581.2,187.0,2.0,657.54
12469,178.0,2.0,3070.54,,0.0,0.0
12470,345.0,1.0,211.95,,0.0,0.0
12471,13.0,47.0,20974.21,1.0,24.0,14125.69
12472,25.0,13.0,10426.48,31.0,6.0,4544.81
12473,,0.0,0.0,53.0,3.0,2585.73
12474,34.0,11.0,4616.66,16.0,18.0,6694.09
12475,65.0,1.0,396.26,53.0,1.0,669.38
12476,17.0,8.0,6433.9400000000005,15.0,10.0,5885.97
12477,55.0,3.0,7056.63,22.0,6.0,13219.74
12478,,0.0,0.0,3.0,1.0,545.99
12479,,0.0,0.0,10.0,1.0,473.2
12480,55.0,3.0,1949.22,27.0,4.0,2885.63
12481,10.0,6.0,6695.03,22.0,8.0,4338.48
12482,232.0,27.0,21941.72,,0.0,0.0
12483,34.0,11.0,2158.2000000000003,16.0,8.0,1910.98
12484,139.0,5.0,1617.78,34.0,4.0,3939.32
12485,185.0,1.0,708.1,,0.0,0.0
12486,87.0,1.0,917.28,,0.0,0.0
12487,386.0,1.0,285.29999999999995,,0.0,0.0
12488,,0.0,0.0,9.0,3.0,1244.66
12489,,0.0,0.0,335.0,1.0,298.93
12490,34.0,10.0,3904.71,4.0,10.0,4859.93
12491,,0.0,0.0,38.0,1.0,424.40000000000003
12492,59.0,1.0,380.0,62.0,2.0,227.21
12493,,0.0,0.0,165.0,2.0,379.74
12494,14.0,4.0,523.72,15.0,5.0,1039.55
12495,296.0,1.0,277.4,,0.0,0.0
12496,276.0,2.0,45.34,,0.0,0.0
12497,56.0,2.0,5043.400000000001,81.0,1.0,953.1
12498,,0.0,0.0,20.0,3.0,349.70000000000005
12499,216.0,1.0,357.72,,0.0,0.0
12500,91.0,7.0,1499.39,22.0,11.0,4059.82
12501,,0.0,0.0,336.0,1.0,2025.39
12502,,0.0,0.0,95.0,5.0,2995.87
12503,240.0,1.0,896.0,,0.0,0.0
12504,73.0,2.0,261.0,17.0,2.0,428.04999999999995
12505,64.0,1.0,787.2,,0.0,0.0
12506,,0.0,0.0,232.0,1.0,73.5
12507,240.0,1.0,455.25,133.0,3.0,1052.81
12508,,0.0,0.0,25.0,2.0,397.88
12509,,0.0,0.0,283.0,1.0,158.5
12510,115.0,5.0,2224.46,142.0,2.0,814.5699999999999
12511,84.0,1.0,3084.02,,0.0,0.0
12512,,0.0,0.0,65.0,2.0,132.18
12513,,0.0,0.0,112.0,1.0,558.29
12514,297.0,1.0,580.08,266.0,1.0,1017.68
12515,9.0,1.0,278.7,,0.0,0.0
12516,86.0,2.0,1102.56,77.0,2.0,1186.06
12517,,0.0,0.0,27.0,4.0,2301.6
12518,,0.0,0.0,0.0,5.0,1840.89
12519,132.0,1.0,349.7,63.0,1.0,276.84
12520,,0.0,0.0,78.0,5.0,2346.2599999999998
12521,,0.0,0.0,142.0,1.0,545.68
12522,,0.0,0.0,38.0,2.0,156.72
12523,30.0,12.0,2310.58,18.0,11.0,1699.77
12524,44.0,9.0,5848.39,8.0,8.0,3945.72
12525,154.0,3.0,883.73,,0.0,0.0
12526,,0.0,0.0,0.0,3.0,1172.66
12527,150.0,2.0,386.8,81.0,3.0,330.71000000000004
12528,,0.0,0.0,8.0,6.0,1645.48
12529,184.0,1.0,316.48,,0.0,0.0
12530,71.0,5.0,1880.98,59.0,4.0,1500.28
12531,342.0,1.0,1645.98,14.0,1.0,125.22
12532,,0.0,0.0,29.0,1.0,313.83000000000004
12533,283.0,2.0,1223.89,,0.0,0.0
12534,,0.0,0.0,130.0,1.0,981.18
12535,,0.0,0.0,91.0,2.0,716.35
12536,,0.0,0.0,58.0,1.0,4279.71
12537,64.0,1.0,612.94,,0.0,0.0
12538,34.0,1.0,276.5,28.0,1.0,363.95
12539,106.0,3.0,5618.400000000001,21.0,4.0,5568.35
12540,17.0,16.0,8411.26,19.0,16.0,10839.23
12541,,0.0,0.0,29.0,3.0,841.18
12542,140.0,2.0,481.88,,0.0,0.0
12543,104.0,1.0,840.25,,0.0,0.0
12544,,0.0,0.0,35.0,1.0,316.7
12545,,0.0,0.0,74.0,2.0,832.39
12546,,0.0,0.0,46.0,2.0,1021.5
12547,156.0,1.0,147.78,197.0,2.0,151.79999999999998
12548,,0.0,0.0,165.0,1.0,67.19999999999999
12549,231.0,5.0,1570.68,,0.0,0.0
12550,,0.0,0.0,78.0,1.0,824.83
12551,13.0,1.0,168.0,,0.0,0.0
12552,,0.0,0.0,39.0,1.0,317.82
12553,41.0,2.0,826.47,7.0,10.0,3278.28
12554,104.0,1.0,384.5,,0.0,0.0
12556,,0.0,0.0,49.0,2.0,599.56
12557,27.0,4.0,6725.18,15.0,4.0,11370.960000000001
12558,,0.0,0.0,7.0,1.0,269.96
12559,,0.0,0.0,310.0,2.0,525.71
12560,,0.0,0.0,4.0,2.0,1918.01
12561,,0.0,0.0,302.0,1.0,238.85
12562,41.0,2.0,1041.18,7.0,7.0,3385.7400000000002
12563,64.0,1.0,221.24,,0.0,0.0
12564,,0.0,0.0,260.0,1.0,402.9
12565,,0.0,0.0,288.0,1.0,145.92
12566,,0.0,0.0,85.0,1.0,297.65
12567,23.0,7.0,3858.58,22.0,8.0,6882.9
12568,300.0,1.0,52.0,,0.0,0.0
12569,,0.0,0.0,1.0,32.0,3152.69
12571,,0.0,0.0,39.0,2.0,519.61
12572,,0.0,0.0,8.0,2.0,912.42
12573,37.0,4.0,556.87,226.0,1.0,160.54000000000002
12574,,0.0,0.0,315.0,1.0,182.45000000000002
12575,113.0,2.0,568.8199999999999,,0.0,0.0
12576,48.0,3.0,746.89,35.0,5.0,1315.83
12577,15.0,6.0,1186.3899999999999,34.0,2.0,426.76
12578,41.0,2.0,1623.94,20.0,2.0,2402.51
12579,,0.0,0.0,77.0,1.0,386.42
12580,232.0,1.0,583.1999999999999,246.0,1.0,379.7
12581,,0.0,0.0,39.0,1.0,179.71
12582,78.0,2.0,1469.04,238.0,2.0,351.36
12583,29.0,13.0,6590.0599999999995,2.0,14.0,5903.5199999999995
12584,,0.0,0.0,3.0,9.0,2254.15
12585,7.0,1.0,1154.85,233.0,1.0,669.25
12586,30.0,3.0,1865.73,16.0,1.0,196.94000000000003
12587,,0.0,0.0,7.0,1.0,104.0
12588,55.0,2.0,543.88,38.0,1.0,174.89999999999998
12589,77.0,4.0,2720.23,28.0,2.0,574.68
12590,,0.0,0.0,210.0,1.0,9341.26
12591,46.0,2.0,746.1,316.0,1.0,368.85
12592,175.0,2.0,1322.04,91.0,2.0,401.6
12593,,0.0,0.0,108.0,3.0,382.09999999999997
12594,34.0,5.0,1681.89,37.0,9.0,3208.2200000000003
12595,160.0,1.0,281.02,,0.0,0.0
12596,,0.0,0.0,50.0,2.0,450.27
12597,,0.0,0.0,18.0,4.0,3195.22
12598,119.0,3.0,1385.01,9.0,7.0,2807.08
12599,37.0,6.0,1138.14,28.0,7.0,888.58
12600,13.0,12.0,2313.61,28.0,8.0,2072.2400000000002
12601,60.0,1.0,86.2,189.0,5.0,487.06
12602,,0.0,0.0,58.0,1.0,153.12
12603,,0.0,0.0,21.0,1.0,613.1999999999999
12604,,0.0,0.0,78.0,2.0,236.18
12605,32.0,3.0,1124.95,,0.0,0.0
12607,,0.0,0.0,59.0,1.0,1579.51
12608,60.0,1.0,415.79,,0.0,0.0
12609,30.0,6.0,2057.01,77.0,3.0,964.85
12610,,0.0,0.0,22.0,4.0,1747.54
12611,,0.0,0.0,51.0,1.0,1193.32
12612,,0.0,0.0,73.0,1.0,668.0400000000001
12613,44.0,5.0,3184.9900000000002,56.0,4.0,3092.38
12614,,0.0,0.0,277.0,1.0,315.6
12615,69.0,4.0,3269.79,1.0,4.0,2093.19
12616,44.0,1.0,381.8,94.0,2.0,641.3
12617,,0.0,0.0,28.0,1.0,352.98
12618,,0.0,0.0,21.0,1.0,137.31
12619,216.0,1.0,140.14,15.0,8.0,2945.56
12620,,0.0,0.0,14.0,3.0,1303.41
12621,13.0,17.0,10925.18,1.0,18.0,11172.02
12622,,0.0,0.0,231.0,1.0,162.1
12623,72.0,6.0,3046.7400000000002,275.0,1.0,269.1
12624,,0.0,0.0,105.0,2.0,569.13
12625,165.0,2.0,2265.06,211.0,2.0,2413.82
12626,,0.0,0.0,22.0,9.0,5954.48
12627,,0.0,0.0,10.0,6.0,4082.53
12628,,0.0,0.0,3.0,3.0,732.46
12629,41.0,2.0,1198.22,,0.0,0.0
12630,,0.0,0.0,9.0,2.0,1030.88
12631,112.0,5.0,2841.07,56.0,1.0,480.5
12632,176.0,2.0,714.88,,0.0,0.0
12633,38.0,3.0,3226.18,58.0,4.0,1929.98
12634,204.0,1.0,360.0,,0.0,0.0
12635,48.0,2.0,1115.23,89.0,2.0,1509.18
12637,34.0,4.0,2280.91,66.0,8.0,5804.9
12638,295.0,1.0,169.8,32.0,1.0,511.69
12639,90.0,2.0,706.27,238.0,1.0,366.1
12640,,0.0,0.0,23.0,3.0,994.58
12641,,0.0,0.0,114.0,1.0,145.9
12642,,0.0,0.0,24.0,3.0,905.26
12643,41.0,5.0,4762.18,127.0,6.0,3041.64
12644,86.0,3.0,1422.58,129.0,1.0,477.91
12645,65.0,4.0,1584.1200000000001,33.0,4.0,1631.18
12646,,0.0,0.0,4.0,2.0,1346.97
12647,13.0,27.0,11958.33,21.0,8.0,2151.22
12648,93.0,3.0,738.95,154.0,1.0,300.05
12649,38.0,5.0,1527.1399999999999,106.0,3.0,569.51
12650,,0.0,0.0,2.0,1.0,242.44000000000003
12651,34.0,3.0,263.75,334.0,1.0,114.0
12652,90.0,1.0,97.05000000000001,330.0,1.0,793.98
12653,182.0,1.0,1950.98,148.0,2.0,2209.85
12654,,0.0,0.0,10.0,5.0,529.98
12655,79.0,1.0,243.35000000000002,,0.0,0.0
12656,81.0,3.0,2104.66,16.0,5.0,3619.17
12657,,0.0,0.0,10.0,4.0,1427.18
12658,,0.0,0.0,18.0,1.0,632.05
12659,,0.0,0.0,29.0,1.0,73.68
12660,,0.0,0.0,10.0,1.0,227.1
12661,92.0,1.0,162.0,,0.0,0.0
12662,29.0,10.0,2830.2400000000002,0.0,10.0,3300.3
12663,280.0,2.0,185.4,,0.0,0.0
12664,170.0,2.0,1028.16,7.0,9.0,4391.88
12665,73.0,2.0,214.6,324.0,1.0,45.0
12666,50.0,1.0,1248.42,,0.0,0.0
12667,,0.0,0.0,57.0,1.0,460.13
12668,11.0,6.0,7126.75,11.0,3.0,2779.28
12669,,0.0,0.0,150.0,2.0,1427.73
12670,41.0,2.0,692.24,9.0,5.0,2744.05
12671,262.0,1.0,2622.48,,0.0,0.0
12672,251.0,1.0,181.15,329.0,1.0,225.89999999999998
12673,57.0,1.0,565.5,4.0,2.0,574.52
12674,,0.0,0.0,38.0,4.0,1844.6
12675,209.0,2.0,873.25,,0.0,0.0
12676,64.0,4.0,1241.7,24.0,6.0,1091.39
12677,211.0,2.0,359.1,,0.0,0.0
12678,9.0,7.0,16317.0,41.0,8.0,16278.18
12679,,0.0,0.0,58.0,4.0,951.02
12680,,0.0,0.0,0.0,4.0,790.81
12681,10.0,24.0,16527.329999999998,14.0,20.0,10409.43
12682,21.0,22.0,10665.69,3.0,29.0,10070.53
12683,21.0,8.0,3788.21,3.0,12.0,6657.49
12684,,0.0,0.0,7.0,6.0,2073.63
12685,,0.0,0.0,27.0,6.0,2575.08
12686,27.0,1.0,71.14,,0.0,0.0
12687,136.0,1.0,1858.91,,0.0,0.0
12688,,0.0,0.0,113.0,1.0,4873.8099999999995
12689,,0.0,0.0,25.0,2.0,1139.61
12690,,0.0,0.0,205.0,1.0,335.01
12691,13.0,2.0,278.6,27.0,4.0,765.8
12692,293.0,1.0,110.95,,0.0,0.0
12693,52.0,3.0,703.11,126.0,4.0,711.91
12694,77.0,1.0,901.68,69.0,2.0,761.67
12695,184.0,3.0,789.02,6.0,4.0,582.1
12696,90.0,2.0,731.91,,0.0,0.0
12697,,0.0,0.0,28.0,3.0,757.59
12698,246.0,1.0,285.75,,0.0,0.0
12699,73.0,1.0,566.11,,0.0,0.0
12700,,0.0,0.0,7.0,4.0,4525.99
12701,185.0,4.0,1522.7,79.0,2.0,725.71
12702,,0.0,0.0,19.0,1.0,201.0
12703,289.0,3.0,632.98,70.0,1.0,265.55
12704,,0.0,0.0,6.0,8.0,1740.84
12705,13.0,6.0,5427.81,14.0,7.0,5686.29
12707,,0.0,0.0,291.0,1.0,603.42
12708,24.0,9.0,2295.19,29.0,9.0,2264.47
12709,13.0,19.0,21276.35,14.0,13.0,8210.83
12710,,0.0,0.0,96.0,3.0,1023.02
12711,267.0,2.0,1213.05,,0.0,0.0
12712,21.0,10.0,2473.53,28.0,11.0,3511.5
12713,,0.0,0.0,0.0,1.0,794.55
12714,44.0,7.0,8520.85,8.0,5.0,4294.86
12715,,0.0,0.0,105.0,1.0,263.36
12716,,0.0,0.0,3.0,2.0,963.49
12717,246.0,1.0,227.93,150.0,2.0,830.98
12718,,0.0,0.0,70.0,1.0,202.25
12719,,0.0,0.0,4.0,2.0,572.95
12720,13.0,6.0,2320.68,2.0,23.0,4584.6
12721,10.0,3.0,1517.55,31.0,5.0,2117.53
12722,,0.0,0.0,84.0,4.0,979.63
12723,,0.0,0.0,3.0,5.0,707.07
12724,39.0,3.0,1160.11,4.0,4.0,923.41
12725,27.0,3.0,1906.76,,0.0,0.0
12726,13.0,5.0,1431.78,27.0,6.0,2258.82
12727,98.0,3.0,1464.8300000000002,10.0,7.0,3440.7
12728,39.0,1.0,197.84,70.0,4.0,728.33
12729,,0.0,0.0,113.0,1.0,417.01
12730,177.0,1.0,703.25,,0.0,0.0
12731,20.0,6.0,7807.7,23.0,11.0,17824.01
12732,,0.0,0.0,179.0,1.0,218.26000000000002
12733,45.0,3.0,2040.07,233.0,1.0,383.95
12734,8.0,3.0,603.65,,0.0,0.0
12735,,0.0,0.0,314.0,2.0,689.5699999999999
12736,,0.0,0.0,332.0,1.0,144.0
12738,28.0,1.0,137.35,,0.0,0.0
12739,50.0,1.0,1445.69,98.0,1.0,975.54
12740,,0.0,0.0,63.0,1.0,427.6
12741,189.0,1.0,236.07,,0.0,0.0
12742,281.0,1.0,1201.52,,0.0,0.0
12743,,0.0,0.0,133.0,2.0,540.13
12744,115.0,4.0,4037.77,55.0,4.0,9120.39
12745,142.0,2.0,723.85,,0.0,0.0
12746,196.0,1.0,254.55,,0.0,0.0
12747,17.0,17.0,5408.74,1.0,9.0,3489.74
12748,7.0,151.0,21665.78,0.0,171.0,27508.01
12749,55.0,4.0,2806.48,3.0,5.0,4040.88
12750,,0.0,0.0,128.0,1.0,275.88
12751,100.0,1.0,268.27,,0.0,0.0
12752,,0.0,0.0,80.0,1.0,4366.78
12753,18.0,1.0,3590.59,22.0,5.0,17838.8
12754,,0.0,0.0,235.0,3.0,3010.74
12755,21.0,10.0,5218.709999999999,280.0,1.0,17.549999999999997
12756,,0.0,0.0,86.0,1.0,112.07999999999998
12757,,0.0,0.0,15.0,9.0,4176.75
12758,115.0,5.0,7111.650000000001,116.0,2.0,2791.59
12759,42.0,5.0,3207.3,51.0,3.0,1411.44
12760,111.0,1.0,317.8,,0.0,0.0
12761,120.0,1.0,712.95,,0.0,0.0
12762,,0.0,0.0,7.0,2.0,1702.52
12763,25.0,1.0,320.08,137.0,1.0,174.0
12764,,0.0,0.0,316.0,1.0,1693.88
12765,128.0,6.0,1299.58,,0.0,0.0
12766,22.0,3.0,2658.65,3.0,6.0,5476.34
12767,31.0,1.0,949.82,,0.0,0.0
12768,106.0,1.0,168.69000000000003,,0.0,0.0
12769,,0.0,0.0,238.0,1.0,1143.6
12770,112.0,1.0,1895.0,210.0,1.0,1351.45
12771,141.0,1.0,226.3,,0.0,0.0
12772,,0.0,0.0,59.0,1.0,752.47
12773,220.0,1.0,124.25,,0.0,0.0
12774,191.0,1.0,83.7,,0.0,0.0
12775,44.0,2.0,270.08,16.0,5.0,1281.04
12776,323.0,1.0,27.5,,0.0,0.0
12777,113.0,1.0,519.45,,0.0,0.0
12778,52.0,3.0,848.45,19.0,6.0,693.23
12779,27.0,7.0,2740.91,37.0,7.0,3733.2
12780,254.0,1.0,322.4,,0.0,0.0
12781,,0.0,0.0,63.0,2.0,786.74
12782,13.0,7.0,2302.82,4.0,4.0,1559.42
12783,,0.0,0.0,1.0,4.0,1295.87
12784,185.0,1.0,1034.33,14.0,1.0,476.82
12785,20.0,3.0,904.4,,0.0,0.0
12786,265.0,1.0,668.5,,0.0,0.0
12787,69.0,1.0,380.52,9.0,3.0,418.66
12788,119.0,4.0,384.9,,0.0,0.0
12789,168.0,2.0,148.5,64.0,1.0,76.85
12790,66.0,1.0,251.92999999999998,191.0,1.0,294.92
12791,29.0,5.0,656.83,,0.0,0.0
12792,190.0,1.0,370.47,256.0,1.0,344.53999999999996
12793,27.0,2.0,387.85,334.0,1.0,357.68
12794,,0.0,0.0,52.0,2.0,860.41
12795,,0.0,0.0,18.0,1.0,318.48
12796,284.0,1.0,351.0,,0.0,0.0
12797,21.0,2.0,468.08000000000004,,0.0,0.0
12798,77.0,1.0,1533.8899999999999,9.0,3.0,6977.04
12799,185.0,1.0,219.35,,0.0,0.0
12800,126.0,2.0,500.25,,0.0,0.0
12801,156.0,1.0,871.82,,0.0,0.0
12802,100.0,4.0,1788.84,186.0,1.0,397.58
12803,49.0,1.0,1017.81,,0.0,0.0
12804,121.0,2.0,325.37,,0.0,0.0
12805,37.0,4.0,1230.95,,0.0,0.0
12806,228.0,2.0,2558.96,,0.0,0.0
12807,39.0,1.0,250.35,,0.0,0.0
12808,24.0,3.0,394.45,36.0,2.0,354.25
12809,221.0,2.0,979.03,177.0,1.0,405.31
12810,190.0,2.0,534.99,,0.0,0.0
12811,34.0,2.0,435.05,261.0,2.0,458.85
12812,,0.0,0.0,44.0,1.0,229.64000000000001
12813,157.0,3.0,1621.8,,0.0,0.0
12814,,0.0,0.0,101.0,1.0,85.92
12815,,0.0,0.0,147.0,2.0,863.46
12816,,0.0,0.0,95.0,2.0,452.20000000000005
12817,55.0,2.0,444.94,280.0,1.0,126.03999999999999
12818,,0.0,0.0,261.0,1.0,1182.0800000000002
12819,114.0,1.0,540.52,,0.0,0.0
12820,53.0,7.0,1747.18,2.0,4.0,942.34
12821,267.0,1.0,128.07999999999998,213.0,1.0,92.72
12822,,0.0,0.0,70.0,2.0,948.88
12823,50.0,13.0,4742.0,74.0,5.0,1759.5
12824,,0.0,0.0,59.0,1.0,397.12
12825,177.0,2.0,518.63,,0.0,0.0
12826,21.0,6.0,1481.03,2.0,6.0,1319.72
12827,,0.0,0.0,5.0,3.0,430.15000000000003
12828,,0.0,0.0,2.0,6.0,1018.71
12829,16.0,2.0,178.05,336.0,1.0,207.25
12830,,0.0,0.0,37.0,6.0,6814.64
12831,119.0,2.0,236.06,261.0,1.0,215.05
12832,,0.0,0.0,31.0,2.0,383.03
12833,,0.0,0.0,144.0,1.0,417.38
12834,,0.0,0.0,282.0,1.0,312.38
12835,83.0,41.0,5996.83,,0.0,0.0
12836,45.0,11.0,3949.37,58.0,4.0,2610.36
12837,225.0,1.0,528.5600000000001,172.0,1.0,134.1
12838,29.0,9.0,2694.75,33.0,1.0,281.16
12839,13.0,14.0,4815.15,2.0,12.0,4853.97
12840,93.0,3.0,1315.2,143.0,4.0,2726.77
12841,25.0,17.0,3472.61,4.0,23.0,3485.59
12842,60.0,2.0,799.0,69.0,2.0,1118.99
12843,38.0,20.0,4759.61,65.0,8.0,1702.26
12844,98.0,2.0,322.64,28.0,2.0,325.96000000000004
12845,,0.0,0.0,266.0,4.0,354.09
12847,43.0,1.0,765.36,21.0,1.0,843.64
12848,331.0,1.0,208.0,,0.0,0.0
12849,37.0,4.0,2023.33,30.0,2.0,992.65
12850,101.0,1.0,330.0,,0.0,0.0
12851,133.0,1.0,148.95,96.0,1.0,131.81
12852,,0.0,0.0,294.0,1.0,311.55
12853,83.0,5.0,1950.4,134.0,6.0,1957.1000000000001
12854,217.0,4.0,1654.72,78.0,3.0,1316.25
12855,28.0,4.0,612.84,,0.0,0.0
12856,,0.0,0.0,7.0,6.0,2170.78
12857,92.0,4.0,2581.6,210.0,2.0,1106.4
12858,39.0,1.0,147.27,,0.0,0.0
12859,114.0,1.0,575.1,,0.0,0.0
12860,349.0,1.0,54.22,,0.0,0.0
12861,275.0,1.0,68.25,,0.0,0.0
12862,81.0,2.0,984.62,,0.0,0.0
12863,35.0,5.0,2271.35,51.0,1.0,521.2
12864,164.0,1.0,152.45,137.0,1.0,147.12
12865,34.0,2.0,1755.24,25.0,2.0,1568.23
12866,130.0,2.0,593.23,282.0,1.0,499.12
12867,16.0,7.0,4182.71,25.0,6.0,3646.55
12868,29.0,3.0,640.0,185.0,5.0,1403.76
12869,337.0,1.0,337.66999999999996,,0.0,0.0
12870,31.0,3.0,1676.95,,0.0,0.0
12871,95.0,1.0,363.38,83.0,2.0,380.64
12872,21.0,11.0,3062.52,326.0,1.0,221.44
12873,53.0,2.0,1653.3,281.0,1.0,374.0
12874,41.0,2.0,873.42,,0.0,0.0
12875,18.0,4.0,1307.52,142.0,1.0,49.470000000000006
12876,50.0,2.0,1698.77,57.0,2.0,2053.02
12877,14.0,9.0,1556.43,3.0,11.0,1385.71
12878,,0.0,0.0,235.0,2.0,854.99
12879,,0.0,0.0,44.0,3.0,573.22
12880,37.0,2.0,640.13,,0.0,0.0
12881,,0.0,0.0,275.0,1.0,298.0
12882,,0.0,0.0,8.0,2.0,1463.04
12883,,0.0,0.0,24.0,4.0,703.47
12884,,0.0,0.0,87.0,1.0,309.05
12885,,0.0,0.0,62.0,3.0,1175.22
12886,,0.0,0.0,67.0,2.0,1378.4
12887,39.0,1.0,222.4,,0.0,0.0
12888,,0.0,0.0,213.0,2.0,354.12
12889,37.0,4.0,385.46000000000004,,0.0,0.0
12890,43.0,1.0,329.3,23.0,1.0,376.71999999999997
12891,114.0,8.0,509.5,185.0,3.0,331.0
12892,52.0,1.0,263.38,,0.0,0.0
12893,,0.0,0.0,30.0,1.0,176.55
12894,231.0,1.0,157.35,,0.0,0.0
12895,,0.0,0.0,41.0,2.0,372.8
12897,37.0,2.0,297.75,204.0,2.0,216.5
12898,119.0,2.0,296.21000000000004,,0.0,0.0
12899,69.0,1.0,366.4,,0.0,0.0
12900,78.0,1.0,340.33,,0.0,0.0
12901,,0.0,0.0,8.0,28.0,17654.54
12902,,0.0,0.0,264.0,1.0,138.68
12903,84.0,1.0,833.53,,0.0,0.0
12904,,0.0,0.0,17.0,2.0,496.06
12905,232.0,2.0,1018.42,,0.0,0.0
12906,,0.0,0.0,11.0,5.0,2919.81
12907,51.0,2.0,508.91,,0.0,0.0
12908,36.0,3.0,1026.0,175.0,2.0,750.0
12909,80.0,3.0,924.52,39.0,5.0,2178.67
12910,35.0,5.0,2721.48,22.0,8.0,3075.04
12911,207.0,1.0,1651.72,,0.0,0.0
12912,,0.0,0.0,2.0,5.0,1662.3
12913,24.0,9.0,4217.2300000000005,4.0,4.0,2066.01
12914,56.0,1.0,223.98,,0.0,0.0
12915,28.0,3.0,811.1,148.0,1.0,164.0
12916,98.0,3.0,1534.78,138.0,4.0,2944.95
12917,56.0,5.0,3765.2,127.0,1.0,594.0
12919,,0.0,0.0,7.0,6.0,1335.19
12920,227.0,3.0,323.86,16.0,1.0,162.78
12921,22.0,39.0,19333.95,8.0,35.0,15899.29
12922,,0.0,0.0,160.0,1.0,405.38
12923,46.0,2.0,597.6,63.0,1.0,171.57
12924,49.0,8.0,1535.7,87.0,4.0,925.75
12925,248.0,1.0,35.28,4.0,2.0,694.05
12926,67.0,4.0,1523.59,,0.0,0.0
12927,50.0,1.0,197.31,,0.0,0.0
12928,15.0,8.0,2634.53,34.0,4.0,1670.3600000000001
12929,,0.0,0.0,311.0,1.0,117.85
12930,,0.0,0.0,77.0,2.0,415.8
12931,13.0,44.0,50468.38,21.0,13.0,41878.96
12932,195.0,8.0,1698.56,,0.0,0.0
12933,36.0,5.0,1029.1,23.0,3.0,607.53
12934,392.0,1.0,181.65,,0.0,0.0
12935,31.0,8.0,2083.16,1.0,7.0,2160.7
12936,,0.0,0.0,16.0,4.0,1063.9
12937,119.0,5.0,1593.34,14.0,4.0,1504.27
12938,,0.0,0.0,25.0,1.0,114.14
12939,35.0,12.0,13683.0,63.0,8.0,11581.8
12940,,0.0,0.0,54.0,2.0,899.69
12941,380.0,1.0,377.49,,0.0,0.0
12942,21.0,1.0,258.75,130.0,2.0,416.85
12943,214.0,2.0,496.5,,0.0,0.0
12944,10.0,1.0,286.95,35.0,1.0,317.56
12945,312.0,1.0,437.16,287.0,1.0,462.95
12946,92.0,1.0,324.45,,0.0,0.0
12947,29.0,1.0,304.04,143.0,5.0,1299.95
12948,386.0,2.0,252.48000000000002,15.0,7.0,2064.95
12949,38.0,14.0,11359.48,30.0,8.0,4167.22
12950,,0.0,0.0,1.0,3.0,1843.0
12951,42.0,9.0,2149.65,8.0,6.0,1064.07
12952,,0.0,0.0,5.0,4.0,1387.79
12953,178.0,1.0,498.96000000000004,9.0,1.0,329.85
12954,294.0,1.0,162.45,,0.0,0.0
12955,,0.0,0.0,0.0,11.0,4757.16
12956,340.0,3.0,413.82,305.0,1.0,108.07
12957,197.0,5.0,4689.43,9.0,8.0,4017.54
12958,56.0,2.0,467.34,,0.0,0.0
12959,140.0,1.0,150.95,,0.0,0.0
12960,69.0,4.0,1322.07,,0.0,0.0
12961,35.0,1.0,211.99,,0.0,0.0
12962,,0.0,0.0,6.0,2.0,266.39
12963,21.0,5.0,1744.96,7.0,7.0,1490.83
12964,93.0,1.0,132.24,,0.0,0.0
12965,,0.0,0.0,88.0,1.0,769.8100000000001
12966,,0.0,0.0,9.0,1.0,160.18
12967,14.0,3.0,2938.52,,0.0,0.0
12968,,0.0,0.0,111.0,1.0,135.95
12969,258.0,1.0,122.45,,0.0,0.0
12970,36.0,6.0,1047.07,6.0,4.0,405.47
12971,9.0,35.0,4950.88,3.0,81.0,10753.72
12972,69.0,4.0,1161.2,,0.0,0.0
12973,69.0,1.0,385.55,,0.0,0.0
12974,221.0,1.0,264.15,197.0,1.0,144.8
12975,92.0,6.0,2100.09,,0.0,0.0
12976,34.0,7.0,2417.7799999999997,211.0,1.0,738.6
12977,157.0,3.0,474.64,155.0,1.0,39.239999999999995
12978,41.0,5.0,2502.82,,0.0,0.0
12979,385.0,1.0,517.7,,0.0,0.0
12980,14.0,13.0,9760.2,157.0,8.0,6485.58
12981,,0.0,0.0,29.0,2.0,372.21999999999997
12982,50.0,7.0,2354.27,242.0,1.0,390.54
12983,254.0,1.0,490.08000000000004,,0.0,0.0
12984,,0.0,0.0,18.0,1.0,97.5
12985,,0.0,0.0,0.0,2.0,1239.38
12986,84.0,10.0,2729.84,,0.0,0.0
12987,76.0,3.0,753.51,73.0,2.0,558.7
12988,,0.0,0.0,291.0,1.0,505.82
12989,20.0,19.0,6830.14,2.0,14.0,6721.610000000001
12990,73.0,4.0,546.0,30.0,3.0,409.5
12991,45.0,1.0,261.06,22.0,2.0,503.76
12992,381.0,1.0,93.35000000000001,,0.0,0.0
12993,101.0,4.0,844.87,22.0,4.0,414.76
12994,,0.0,0.0,3.0,3.0,974.4200000000001
12995,,0.0,0.0,84.0,1.0,211.32
12996,31.0,1.0,355.5,,0.0,0.0
12997,50.0,4.0,884.02,21.0,4.0,1226.89
12998,148.0,3.0,920.08,,0.0,0.0
12999,,0.0,0.0,195.0,3.0,455.88
13000,20.0,2.0,699.4,106.0,2.0,333.1
13001,60.0,20.0,14256.68,3.0,13.0,9785.970000000001
13002,72.0,2.0,293.18,317.0,1.0,120.94999999999999
13003,,0.0,0.0,105.0,3.0,149.05
13004,13.0,19.0,6351.95,11.0,17.0,5298.9
13005,87.0,2.0,485.98,173.0,2.0,513.7
13006,,0.0,0.0,55.0,1.0,81.57
13007,235.0,1.0,175.25,,0.0,0.0
13008,53.0,2.0,382.66,322.0,1.0,229.46999999999997
13009,328.0,1.0,234.0,,0.0,0.0
13010,30.0,2.0,330.12,,0.0,0.0
13011,28.0,1.0,50.550000000000004,,0.0,0.0
13012,85.0,3.0,1310.99,8.0,8.0,1646.8400000000001
13013,27.0,18.0,7814.83,0.0,11.0,3282.6
13014,88.0,1.0,1914.8,10.0,10.0,3466.2799999999997
13015,94.0,6.0,3240.14,52.0,5.0,3339.64
13016,,0.0,0.0,72.0,3.0,789.89
13017,,0.0,0.0,6.0,1.0,204.0
13018,69.0,7.0,2485.46,15.0,28.0,7277.7
13019,35.0,6.0,1229.95,,0.0,0.0
13020,218.0,2.0,618.96,,0.0,0.0
13021,14.0,9.0,2428.21,3.0,8.0,2459.03
13022,85.0,1.0,50.3,,0.0,0.0
13023,184.0,1.0,651.13,63.0,2.0,599.9
13024,126.0,2.0,555.87,,0.0,0.0
13025,387.0,1.0,323.39,,0.0,0.0
13026,144.0,4.0,757.72,0.0,5.0,975.36
13027,10.0,14.0,11767.2,113.0,5.0,5472.0
13028,,0.0,0.0,22.0,2.0,661.3199999999999
13029,9.0,3.0,1062.3,30.0,2.0,865.0
13030,24.0,1.0,402.36,10.0,1.0,350.08
13031,63.0,5.0,3292.84,,0.0,0.0
13032,48.0,7.0,1805.78,51.0,2.0,1010.18
13033,13.0,2.0,220.55,,0.0,0.0
13034,25.0,2.0,279.91,54.0,1.0,476.90999999999997
13035,87.0,1.0,442.32,73.0,2.0,921.88
13036,340.0,1.0,307.1,,0.0,0.0
13037,55.0,9.0,3033.88,137.0,3.0,881.07
13038,,0.0,0.0,79.0,3.0,908.46
13039,240.0,4.0,1010.73,,0.0,0.0
13040,,0.0,0.0,8.0,2.0,676.99
13041,106.0,4.0,799.13,,0.0,0.0
13042,254.0,3.0,1488.59,,0.0,0.0
13043,,0.0,0.0,272.0,1.0,516.42
13044,148.0,10.0,4287.58,290.0,1.0,560.47
13045,57.0,2.0,503.64,98.0,1.0,305.28000000000003
13046,112.0,1.0,319.94,30.0,2.0,629.31
13047,29.0,17.0,5557.62,56.0,6.0,2865.96
13048,92.0,5.0,2229.72,13.0,4.0,1819.41
13049,45.0,2.0,751.5600000000001,63.0,2.0,656.6800000000001
13050,10.0,21.0,7244.05,14.0,13.0,4633.24
13051,234.0,2.0,155.8,,0.0,0.0
13052,76.0,6.0,2770.33,211.0,1.0,348.15000000000003
13053,277.0,1.0,127.65,,0.0,0.0
13055,85.0,1.0,1106.7,77.0,3.0,1214.41
13056,207.0,1.0,209.48,,0.0,0.0
13057,186.0,3.0,709.59,,0.0,0.0
13058,,0.0,0.0,24.0,3.0,271.40000000000003
13059,69.0,9.0,2108.37,249.0,1.0,183.4
13060,,0.0,0.0,253.0,1.0,307.53
13061,,0.0,0.0,71.0,1.0,248.61
13062,,0.0,0.0,190.0,1.0,346.98
13063,136.0,1.0,188.4,,0.0,0.0
13064,206.0,2.0,561.25,12.0,4.0,1105.59
13065,29.0,5.0,1055.05,,0.0,0.0
13066,,0.0,0.0,23.0,2.0,470.8
13067,65.0,2.0,393.05,81.0,1.0,115.46000000000001
13068,,0.0,0.0,9.0,2.0,344.0
13069,17.0,18.0,5497.13,0.0,20.0,3787.32
13070,115.0,3.0,522.9,191.0,1.0,228.8
13071,268.0,1.0,129.22,,0.0,0.0
13072,,0.0,0.0,266.0,1.0,177.15
13073,67.0,2.0,418.08,,0.0,0.0
13074,167.0,4.0,1378.74,,0.0,0.0
13075,,0.0,0.0,129.0,1.0,919.61
13076,113.0,1.0,135.4,,0.0,0.0
13077,22.0,8.0,2326.35,0.0,3.0,414.3
13078,15.0,33.0,17271.28,2.0,24.0,11746.78
13079,73.0,1.0,199.08,3.0,5.0,220.10000000000002
13080,57.0,3.0,222.65,178.0,1.0,58.08
13081,27.0,19.0,30867.77,11.0,9.0,25970.6
13082,80.0,12.0,3722.12,125.0,9.0,3613.63
13083,81.0,1.0,91.67999999999999,3.0,2.0,303.75
13084,147.0,1.0,122.39999999999999,,0.0,0.0
13085,335.0,6.0,2017.2,157.0,2.0,416.08000000000004
13086,38.0,1.0,439.33000000000004,,0.0,0.0
13087,382.0,1.0,313.64,,0.0,0.0
13088,73.0,1.0,236.11,,0.0,0.0
13089,14.0,114.0,60608.04,2.0,89.0,52808.87
13090,21.0,12.0,5174.32,8.0,11.0,7902.42
13091,385.0,1.0,762.98,27.0,1.0,345.82
13092,15.0,8.0,1847.9,70.0,4.0,292.38
13093,14.0,50.0,50107.29,275.0,5.0,4036.96
13094,24.0,2.0,505.8,20.0,11.0,1703.64
13095,,0.0,0.0,70.0,1.0,74.39999999999999
13096,50.0,1.0,419.70000000000005,,0.0,0.0
13097,16.0,18.0,7317.04,32.0,9.0,5698.32
13098,,0.0,0.0,0.0,28.0,28882.44
13099,,0.0,0.0,98.0,1.0,207.35999999999999
13101,154.0,3.0,594.21,233.0,1.0,101.19
13102,16.0,15.0,5629.93,0.0,22.0,5750.17
13103,93.0,2.0,465.70000000000005,39.0,1.0,243.94
13104,10.0,4.0,712.38,2.0,5.0,996.72
13105,92.0,1.0,72.0,,0.0,0.0
13106,69.0,1.0,526.96,132.0,1.0,76.5
13107,69.0,5.0,3721.45,43.0,4.0,1531.6200000000001
13108,28.0,2.0,748.46,,0.0,0.0
13109,207.0,1.0,347.49,59.0,2.0,786.54
13110,93.0,5.0,1468.8000000000002,30.0,7.0,1488.67
13111,374.0,1.0,321.88000000000005,,0.0,0.0
13112,197.0,1.0,20.6,,0.0,0.0
13113,22.0,14.0,6357.08,0.0,23.0,11872.99
13114,386.0,1.0,234.38,,0.0,0.0
13115,35.0,6.0,3199.92,11.0,4.0,2294.78
13116,,0.0,0.0,137.0,1.0,501.14
13117,21.0,12.0,1658.8999999999999,21.0,6.0,596.76
13118,32.0,4.0,1217.6,19.0,5.0,1197.81
13119,324.0,1.0,134.9,,0.0,0.0
13120,,0.0,0.0,238.0,1.0,30.599999999999998
13121,,0.0,0.0,268.0,1.0,283.73
13122,,0.0,0.0,93.0,2.0,922.39
13123,128.0,2.0,506.75,,0.0,0.0
13124,15.0,2.0,2141.65,89.0,2.0,2500.01
13125,179.0,1.0,148.62,,0.0,0.0
13126,22.0,7.0,1898.6100000000001,4.0,6.0,1876.2
13127,,0.0,0.0,77.0,1.0,259.17
13128,287.0,1.0,263.5,,0.0,0.0
13129,108.0,2.0,233.25,,0.0,0.0
13130,,0.0,0.0,93.0,1.0,64.0
13131,74.0,4.0,2240.47,22.0,3.0,1073.3
13132,,0.0,0.0,261.0,1.0,77.3
13133,115.0,1.0,90.65,273.0,2.0,109.8
13134,58.0,2.0,681.65,85.0,4.0,1793.58
13135,147.0,1.0,275.45,196.0,1.0,3096.0
13136,31.0,8.0,3666.9500000000003,55.0,5.0,2607.61
13137,42.0,8.0,3983.65,10.0,8.0,3603.29
13138,28.0,2.0,504.85,21.0,5.0,769.16
13139,93.0,1.0,3138.04,15.0,7.0,5064.94
13140,22.0,3.0,790.71,107.0,2.0,264.21
13141,41.0,12.0,5267.33,84.0,5.0,2388.75
13142,,0.0,0.0,18.0,1.0,307.09
13143,240.0,1.0,405.1,,0.0,0.0
13144,87.0,1.0,24.4,332.0,1.0,110.95
13145,28.0,4.0,805.0,39.0,3.0,323.52000000000004
13146,,0.0,0.0,25.0,1.0,228.91
13147,,0.0,0.0,9.0,4.0,712.8000000000001
13148,20.0,15.0,5114.46,28.0,11.0,3373.86
13149,,0.0,0.0,13.0,4.0,1676.06
13150,140.0,3.0,449.96999999999997,,0.0,0.0
13151,281.0,2.0,1196.84,295.0,1.0,1257.8700000000001
13152,73.0,7.0,2146.38,,0.0,0.0
13153,,0.0,0.0,5.0,1.0,486.22
13154,55.0,3.0,1624.84,,0.0,0.0
13155,24.0,3.0,778.42,32.0,3.0,592.06
13156,41.0,3.0,1586.54,,0.0,0.0
13157,65.0,5.0,3946.14,48.0,4.0,1741.22
13158,44.0,1.0,307.12,94.0,4.0,1201.06
13159,,0.0,0.0,8.0,4.0,1429.35
13160,,0.0,0.0,21.0,1.0,91.8
13161,156.0,1.0,359.38,312.0,1.0,112.75
13162,36.0,12.0,7587.2,121.0,4.0,1688.29
13163,266.0,1.0,17.65,,0.0,0.0
13164,225.0,2.0,372.2,,0.0,0.0
13165,7.0,2.0,784.32,45.0,1.0,666.84
13166,70.0,1.0,458.73,282.0,1.0,417.2
13167,46.0,1.0,333.82,18.0,4.0,779.33
13168,198.0,1.0,541.14,35.0,4.0,1299.59
13169,218.0,1.0,127.2,63.0,2.0,712.88
13170,,0.0,0.0,26.0,1.0,108.81
13171,,0.0,0.0,21.0,3.0,468.41
13172,56.0,1.0,69.6,,0.0,0.0
13173,23.0,10.0,2202.11,3.0,1.0,187.71
13174,25.0,9.0,6602.7,15.0,2.0,1369.76
13175,238.0,2.0,831.45,,0.0,0.0
13176,,0.0,0.0,45.0,1.0,481.49
13177,86.0,1.0,229.75,64.0,1.0,282.45
13178,16.0,11.0,9043.72,25.0,10.0,5015.47
13179,274.0,1.0,572.3100000000001,,0.0,0.0
13180,263.0,1.0,86.10000000000001,,0.0,0.0
13181,37.0,1.0,359.69,,0.0,0.0
13182,,0.0,0.0,44.0,1.0,121.18
13183,50.0,6.0,3078.4,7.0,9.0,3957.78
13184,,0.0,0.0,14.0,10.0,1667.95
13185,,0.0,0.0,267.0,1.0,71.4
13186,,0.0,0.0,39.0,3.0,1575.89
13187,280.0,3.0,92.34,336.0,1.0,236.02
13188,,0.0,0.0,10.0,1.0,114.60000000000001
13189,,0.0,0.0,18.0,2.0,260.68
13190,200.0,3.0,570.66,,0.0,0.0
13191,314.0,1.0,159.21,,0.0,0.0
13192,191.0,4.0,1646.6399999999999,94.0,2.0,911.94
13193,,0.0,0.0,60.0,1.0,112.08
13194,77.0,1.0,412.08,135.0,1.0,60.7
13195,70.0,1.0,136.73,,0.0,0.0
13196,99.0,3.0,1271.06,10.0,4.0,1797.78
13197,265.0,1.0,373.01000000000005,,0.0,0.0
13198,17.0,3.0,1957.54,9.0,5.0,3016.69
13199,14.0,31.0,6858.89,3.0,35.0,9090.32
13200,,0.0,0.0,18.0,4.0,870.09
13201,158.0,4.0,1233.06,,0.0,0.0
13202,50.0,7.0,1580.3,,0.0,0.0
13203,42.0,6.0,1778.79,9.0,4.0,869.46
13204,387.0,1.0,966.6600000000001,,0.0,0.0
13205,99.0,1.0,2803.2,,0.0,0.0
13206,56.0,13.0,8308.19,,0.0,0.0
13207,107.0,2.0,285.6,14.0,2.0,250.26000000000002
13208,105.0,3.0,758.65,58.0,5.0,1193.17
13209,17.0,6.0,2936.75,29.0,7.0,5572.76
13210,,0.0,0.0,93.0,1.0,353.48
13211,17.0,8.0,1634.05,9.0,2.0,984.72
13212,,0.0,0.0,19.0,3.0,786.83
13213,39.0,6.0,2330.94,56.0,5.0,1520.58
13214,73.0,7.0,3264.23,,0.0,0.0
13215,58.0,1.0,81.6,,0.0,0.0
13216,,0.0,0.0,267.0,1.0,333.74
13217,311.0,1.0,132.5,121.0,3.0,533.98
13218,,0.0,0.0,126.0,1.0,62.63999999999999
13219,274.0,1.0,76.23,,0.0,0.0
13220,231.0,1.0,516.8,77.0,4.0,819.2900000000001
13221,15.0,1.0,498.16,239.0,1.0,346.7
13222,233.0,1.0,88.5,,0.0,0.0
13223,79.0,4.0,805.9200000000001,199.0,2.0,163.20000000000002
13224,,0.0,0.0,59.0,2.0,2152.95
13225,17.0,10.0,11002.95,2.0,6.0,5257.12
13226,49.0,1.0,204.25,272.0,1.0,108.21000000000001
13227,,0.0,0.0,201.0,1.0,257.7
13228,,0.0,0.0,80.0,1.0,358.0
13229,,0.0,0.0,225.0,1.0,160.95
13230,21.0,17.0,3447.33,3.0,13.0,2662.18
13232,,0.0,0.0,12.0,7.0,1327.75
13233,76.0,2.0,571.34,73.0,2.0,605.12
13234,328.0,2.0,346.5,,0.0,0.0
13235,,0.0,0.0,211.0,1.0,1031.07
13236,,0.0,0.0,24.0,2.0,744.85
13237,43.0,1.0,643.0,,0.0,0.0
13238,16.0,3.0,397.05,16.0,3.0,609.58
13239,93.0,4.0,1265.1299999999999,261.0,1.0,329.56
13240,21.0,5.0,1030.76,95.0,3.0,424.63
13241,67.0,1.0,112.53,,0.0,0.0
13242,107.0,4.0,429.0,111.0,3.0,270.40000000000003
13243,105.0,4.0,635.26,202.0,1.0,585.12
13244,,0.0,0.0,92.0,1.0,121.74000000000001
13245,88.0,1.0,558.72,50.0,1.0,430.5
13246,49.0,5.0,1390.23,17.0,6.0,1961.52
13247,,0.0,0.0,17.0,4.0,501.12
13248,,0.0,0.0,124.0,2.0,465.68
13249,57.0,6.0,897.52,91.0,3.0,711.41
13250,116.0,2.0,253.09,,0.0,0.0
13251,58.0,1.0,252.68,,0.0,0.0
13252,50.0,2.0,399.3,,0.0,0.0
13253,86.0,2.0,1920.71,156.0,2.0,1030.4
13254,32.0,1.0,51.410000000000004,,0.0,0.0
13255,29.0,2.0,504.95,8.0,1.0,173.81
13256,,0.0,0.0,13.0,1.0,0.0
13257,92.0,1.0,149.75,,0.0,0.0
13258,35.0,2.0,336.59999999999997,11.0,3.0,672.83
13259,53.0,8.0,1115.61,61.0,1.0,283.18
13260,,0.0,0.0,60.0,1.0,557.62
13261,,0.0,0.0,268.0,2.0,944.1
13262,45.0,2.0,373.16,262.0,1.0,200.29
13263,49.0,4.0,1239.27,0.0,34.0,7411.71
13264,98.0,1.0,722.5600000000001,,0.0,0.0
13265,,0.0,0.0,52.0,5.0,2092.66
13266,69.0,7.0,2300.78,10.0,12.0,3834.2599999999998
13267,16.0,19.0,5530.62,2.0,17.0,3899.19
13268,,0.0,0.0,17.0,10.0,3152.71
13269,17.0,15.0,3856.21,0.0,13.0,4681.11
13270,22.0,1.0,590.0,,0.0,0.0
13271,,0.0,0.0,36.0,1.0,211.49
13272,,0.0,0.0,30.0,2.0,276.56
13273,,0.0,0.0,112.0,1.0,138.98
13274,65.0,1.0,360.85,,0.0,0.0
13275,39.0,2.0,238.86,,0.0,0.0
13276,53.0,3.0,1300.98,63.0,2.0,590.9300000000001
13277,36.0,3.0,264.9,15.0,4.0,258.4
13278,55.0,3.0,882.62,40.0,1.0,542.73
13279,,0.0,0.0,77.0,1.0,137.75
13280,35.0,4.0,1494.87,121.0,3.0,798.46
13281,95.0,1.0,350.85,,0.0,0.0
13282,62.0,1.0,181.05,17.0,3.0,1132.14
13283,223.0,2.0,279.7,59.0,2.0,93.66
13284,,0.0,0.0,330.0,1.0,201.19
13285,256.0,2.0,655.47,22.0,4.0,2709.12
13286,256.0,1.0,734.91,,0.0,0.0
13287,259.0,3.0,781.59,,0.0,0.0
13288,99.0,5.0,927.61,,0.0,0.0
13289,379.0,1.0,307.95,,0.0,0.0
13291,70.0,10.0,2909.68,155.0,1.0,361.11
13292,71.0,3.0,415.57,38.0,2.0,578.9399999999999
13293,48.0,6.0,1192.94,,0.0,0.0
13294,302.0,1.0,815.79,189.0,2.0,873.74
13295,15.0,4.0,1101.97,,0.0,0.0
13296,79.0,5.0,705.11,136.0,1.0,87.4
13297,41.0,3.0,2278.77,7.0,4.0,2089.85
13298,,0.0,0.0,0.0,1.0,360.0
13299,79.0,2.0,1076.2,267.0,1.0,142.5
13300,44.0,2.0,913.62,168.0,1.0,371.89
13301,,0.0,0.0,103.0,4.0,600.19
13302,182.0,1.0,95.45,154.0,1.0,63.75
13303,56.0,1.0,61.72,,0.0,0.0
13304,7.0,4.0,1217.99,,0.0,0.0
13305,28.0,7.0,1751.75,3.0,9.0,1864.66
13306,86.0,1.0,53.65,,0.0,0.0
13307,143.0,2.0,258.34,119.0,1.0,15.0
13308,252.0,1.0,284.86,22.0,3.0,1385.51
13309,48.0,1.0,249.58,6.0,5.0,1456.79
13310,36.0,2.0,409.17,27.0,3.0,1132.03
13311,,0.0,0.0,3.0,2.0,598.57
13312,107.0,1.0,124.75,,0.0,0.0
13313,135.0,7.0,1890.0,21.0,5.0,1555.32
13314,,0.0,0.0,1.0,3.0,775.94
13315,345.0,1.0,310.26,,0.0,0.0
13316,48.0,6.0,7207.89,36.0,4.0,5732.93
13317,14.0,15.0,4450.46,65.0,4.0,2035.63
13318,,0.0,0.0,0.0,3.0,640.76
13319,10.0,36.0,12028.75,4.0,22.0,9294.47
13320,90.0,2.0,679.4,77.0,4.0,1532.2
13321,,0.0,0.0,71.0,2.0,567.36
13322,,0.0,0.0,16.0,1.0,199.48000000000002
13323,,0.0,0.0,2.0,5.0,787.85
13324,16.0,9.0,4041.62,35.0,9.0,6471.849999999999
13325,,0.0,0.0,81.0,1.0,675.3
13326,88.0,1.0,281.76,,0.0,0.0
13327,21.0,13.0,6170.1,38.0,6.0,2882.77
13328,,0.0,0.0,315.0,1.0,1308.48
13329,22.0,7.0,4323.97,31.0,1.0,484.79999999999995
13330,111.0,3.0,1655.17,92.0,3.0,1140.93
13331,57.0,1.0,262.4,,0.0,0.0
13332,,0.0,0.0,13.0,1.0,350.9
13333,67.0,3.0,1015.74,,0.0,0.0
13334,192.0,2.0,2699.48,81.0,3.0,3502.32
13336,,0.0,0.0,76.0,1.0,795.12
13337,202.0,1.0,1575.26,,0.0,0.0
13338,197.0,3.0,1908.6,157.0,1.0,437.02
13339,,0.0,0.0,200.0,1.0,860.12
13340,73.0,5.0,11364.08,44.0,7.0,10736.48
13341,,0.0,0.0,260.0,1.0,775.85
13343,,0.0,0.0,177.0,1.0,303.43
13344,,0.0,0.0,67.0,3.0,2511.69
13345,,0.0,0.0,287.0,1.0,339.5
13346,118.0,6.0,299.4,,0.0,0.0
13347,,0.0,0.0,69.0,1.0,291.36
13348,,0.0,0.0,63.0,1.0,233.76
13349,,0.0,0.0,10.0,1.0,197.32
13350,,0.0,0.0,15.0,2.0,879.12
13351,,0.0,0.0,65.0,1.0,323.94
13352,,0.0,0.0,59.0,1.0,347.97999999999996
13354,,0.0,0.0,70.0,1.0,743.53
13355,,0.0,0.0,121.0,1.0,674.7
13356,,0.0,0.0,79.0,1.0,768.24
13357,150.0,4.0,3185.61,256.0,1.0,609.4
13358,,0.0,0.0,268.0,1.0,389.03
13359,59.0,1.0,553.75,63.0,1.0,389.56
13360,87.0,4.0,1503.65,,0.0,0.0
13361,128.0,2.0,1450.5,,0.0,0.0
13362,34.0,3.0,2303.33,8.0,4.0,3090.7400000000002
13363,65.0,1.0,731.36,17.0,2.0,892.5
13364,,0.0,0.0,70.0,1.0,134.95999999999998
13365,,0.0,0.0,33.0,2.0,2225.37
13366,,0.0,0.0,49.0,1.0,56.160000000000004
13367,87.0,1.0,460.20000000000005,,0.0,0.0
13368,70.0,2.0,448.1,256.0,2.0,573.4
13369,21.0,1.0,258.28000000000003,,0.0,0.0
13370,27.0,1.0,754.87,,0.0,0.0
13371,161.0,2.0,2297.66,,0.0,0.0
13372,,0.0,0.0,89.0,1.0,328.64
13373,71.0,3.0,4274.94,60.0,3.0,3312.25
13374,70.0,2.0,372.8,,0.0,0.0
13375,100.0,1.0,1013.58,88.0,1.0,778.65
13376,,0.0,0.0,98.0,3.0,869.76
13377,52.0,2.0,1452.88,,0.0,0.0
13379,,0.0,0.0,25.0,3.0,572.56
13380,88.0,1.0,62.4,,0.0,0.0
13381,35.0,6.0,4585.06,31.0,6.0,3639.31
13382,84.0,4.0,1164.59,280.0,1.0,222.99
13383,199.0,1.0,305.28000000000003,,0.0,0.0
13384,46.0,4.0,2528.9,30.0,7.0,4151.93
13385,,0.0,0.0,329.0,1.0,534.57
13386,70.0,2.0,835.46,,0.0,0.0
13387,73.0,1.0,181.84,,0.0,0.0
13388,259.0,1.0,508.55,130.0,2.0,677.1
13389,,0.0,0.0,10.0,3.0,797.96
13390,,0.0,0.0,74.0,1.0,544.08
13391,,0.0,0.0,203.0,1.0,59.8
13392,333.0,1.0,91.14,,0.0,0.0
13393,239.0,4.0,1131.45,,0.0,0.0
13394,35.0,11.0,4101.68,1.0,8.0,2520.02
13395,56.0,2.0,872.51,184.0,1.0,307.72
13396,,0.0,0.0,28.0,2.0,1360.99
13397,93.0,5.0,1647.74,72.0,5.0,1544.13
13398,104.0,1.0,213.0,191.0,1.0,457.34
13399,120.0,3.0,275.4,,0.0,0.0
13400,238.0,1.0,310.83,,0.0,0.0
13402,28.0,3.0,913.9000000000001,126.0,1.0,312.95
13403,43.0,2.0,154.5,17.0,1.0,75.0
13404,,0.0,0.0,0.0,2.0,252.49
13405,137.0,3.0,641.36,203.0,2.0,557.45
13406,83.0,2.0,568.92,,0.0,0.0
13407,234.0,3.0,2244.7,,0.0,0.0
13408,14.0,49.0,25088.94,1.0,57.0,25085.84
13410,49.0,4.0,1198.9,23.0,5.0,1003.06
13411,,0.0,0.0,106.0,1.0,213.55
13412,276.0,1.0,487.34999999999997,,0.0,0.0
13413,295.0,6.0,429.44,,0.0,0.0
13414,119.0,3.0,1103.64,133.0,3.0,1390.5
13415,128.0,4.0,784.17,,0.0,0.0
13416,392.0,1.0,228.3,43.0,2.0,712.5
13417,203.0,4.0,1028.66,4.0,2.0,640.83
13418,15.0,18.0,7011.85,11.0,13.0,4547.81
13419,,0.0,0.0,63.0,1.0,221.06
13420,,0.0,0.0,149.0,2.0,159.85
13421,62.0,6.0,2225.04,39.0,2.0,1823.21
13422,,0.0,0.0,63.0,1.0,2626.3
13423,84.0,1.0,217.03,,0.0,0.0
13424,105.0,1.0,572.77,,0.0,0.0
13425,164.0,2.0,1766.22,107.0,3.0,1624.21
13426,15.0,13.0,4863.04,0.0,9.0,3304.34
13427,133.0,3.0,423.93,18.0,3.0,582.6
13428,170.0,2.0,276.76,9.0,1.0,201.78
13429,,0.0,0.0,10.0,4.0,1006.8
13430,,0.0,0.0,18.0,2.0,679.45
13431,62.0,6.0,2047.14,66.0,2.0,1269.1
13432,227.0,2.0,436.55,,0.0,0.0
13433,157.0,4.0,658.3199999999999,,0.0,0.0
13434,41.0,3.0,1132.6200000000001,73.0,2.0,534.24
13435,32.0,2.0,637.44,4.0,7.0,3809.8900000000003
13436,,0.0,0.0,1.0,1.0,196.89
13437,,0.0,0.0,13.0,7.0,3408.06
13438,203.0,1.0,46.5,,0.0,0.0
13439,44.0,2.0,702.9,254.0,1.0,283.71
13440,79.0,7.0,1295.25,,0.0,0.0
13441,87.0,1.0,424.26,91.0,1.0,296.64
13442,323.0,3.0,419.87,,0.0,0.0
13443,104.0,6.0,1269.3700000000001,,0.0,0.0
13444,30.0,2.0,619.08,,0.0,0.0
13445,282.0,1.0,241.89999999999998,,0.0,0.0
13446,86.0,11.0,3881.89,,0.0,0.0
13447,,0.0,0.0,22.0,3.0,1129.14
13448,20.0,9.0,5681.07,16.0,3.0,2705.15
13449,,0.0,0.0,23.0,1.0,291.88
13450,30.0,7.0,2076.32,26.0,6.0,2043.7199999999998
13451,37.0,6.0,4190.66,25.0,5.0,2898.2599999999998
13452,128.0,1.0,139.8,258.0,2.0,590.0
13453,58.0,1.0,424.71,165.0,2.0,356.97999999999996
13454,297.0,1.0,219.87,,0.0,0.0
13455,22.0,5.0,1847.59,24.0,1.0,365.4
13456,,0.0,0.0,17.0,6.0,1766.72
13457,344.0,2.0,148.22,,0.0,0.0
13458,15.0,3.0,3498.56,6.0,13.0,8460.71
13459,280.0,2.0,1160.4099999999999,,0.0,0.0
13460,,0.0,0.0,28.0,2.0,183.44
13461,63.0,3.0,2715.0,38.0,3.0,1445.0
13462,66.0,4.0,1002.35,252.0,1.0,151.5
13464,50.0,5.0,2422.96,57.0,1.0,674.68
13465,102.0,2.0,931.12,,0.0,0.0
13466,64.0,4.0,705.45,183.0,1.0,307.9
13467,,0.0,0.0,10.0,2.0,1071.91
13468,14.0,39.0,7999.31,1.0,33.0,4793.97
13469,309.0,1.0,82.4,,0.0,0.0
13470,,0.0,0.0,98.0,2.0,165.0
13471,,0.0,0.0,0.0,4.0,2501.84
13472,119.0,2.0,592.24,,0.0,0.0
13473,230.0,6.0,2235.12,60.0,2.0,422.64
13474,99.0,2.0,419.75,235.0,1.0,226.84
13475,,0.0,0.0,190.0,4.0,1431.78
13476,62.0,3.0,823.0,178.0,2.0,1238.47
13477,111.0,5.0,1364.59,37.0,6.0,1454.58
13478,125.0,5.0,2215.78,,0.0,0.0
13479,108.0,2.0,550.42,200.0,2.0,300.95
13480,72.0,2.0,627.82,,0.0,0.0
13481,30.0,6.0,2026.28,45.0,5.0,1804.56
13482,283.0,1.0,151.45,231.0,1.0,184.64
13483,,0.0,0.0,65.0,1.0,140.34
13484,39.0,2.0,476.92,240.0,1.0,313.8
13485,32.0,10.0,2560.98,232.0,1.0,454.24
13486,,0.0,0.0,77.0,3.0,1122.41
13487,9.0,3.0,464.62,57.0,2.0,382.25
13488,23.0,11.0,6619.57,16.0,12.0,7586.39
13489,,0.0,0.0,104.0,4.0,449.52
13490,310.0,1.0,154.25,,0.0,0.0
13491,15.0,19.0,3448.2400000000002,51.0,8.0,1019.42
13492,,0.0,0.0,135.0,3.0,1269.84
13493,,0.0,0.0,274.0,2.0,498.63
13494,,0.0,0.0,311.0,1.0,316.26000000000005
13495,15.0,7.0,3683.87,7.0,3.0,1179.44
13496,15.0,1.0,501.01,10.0,1.0,152.32
13497,24.0,5.0,972.28,282.0,1.0,194.55
13498,386.0,1.0,327.38,,0.0,0.0
13499,,0.0,0.0,17.0,5.0,1159.11
13500,57.0,1.0,299.53,22.0,3.0,1166.77
13501,142.0,2.0,1544.79,287.0,1.0,1340.32
13502,71.0,2.0,488.5,16.0,3.0,292.0
13503,135.0,4.0,1561.19,70.0,1.0,216.85
13504,,0.0,0.0,63.0,1.0,295.93
13505,,0.0,0.0,72.0,4.0,3633.63
13506,25.0,4.0,1180.68,315.0,1.0,157.4
13507,,0.0,0.0,2.0,4.0,2479.16
13508,298.0,1.0,176.07999999999998,243.0,1.0,110.97
13509,163.0,1.0,135.0,8.0,6.0,964.72
13510,31.0,7.0,2766.73,0.0,4.0,1791.56
13511,332.0,1.0,282.76,,0.0,0.0
13512,43.0,3.0,462.18,260.0,1.0,251.21
13513,97.0,2.0,619.49,126.0,1.0,205.1
13514,84.0,3.0,663.7,73.0,1.0,152.20000000000002
13515,105.0,2.0,374.7,72.0,4.0,891.12
13516,73.0,1.0,295.85,20.0,3.0,1389.41
13517,,0.0,0.0,59.0,3.0,2128.42
13518,,0.0,0.0,85.0,1.0,627.16
13519,98.0,1.0,220.46,77.0,1.0,122.75
13520,27.0,6.0,2685.05,58.0,5.0,2760.95
13521,,0.0,0.0,0.0,3.0,1070.47
13522,,0.0,0.0,29.0,1.0,125.80000000000001
13523,22.0,2.0,1136.64,32.0,4.0,3397.93
13524,,0.0,0.0,40.0,5.0,680.1800000000001
13525,,0.0,0.0,14.0,2.0,628.78
13526,394.0,2.0,1182.0,,0.0,0.0
13527,74.0,5.0,2298.93,33.0,7.0,2242.36
13529,,0.0,0.0,78.0,2.0,307.76
13530,290.0,1.0,402.97999999999996,,0.0,0.0
13531,22.0,5.0,1254.72,204.0,1.0,178.35
13532,,0.0,0.0,33.0,1.0,210.31
13533,,0.0,0.0,182.0,3.0,269.09
13534,14.0,12.0,2134.02,1.0,23.0,5586.88
13535,58.0,1.0,89.5,,0.0,0.0
13536,,0.0,0.0,0.0,7.0,3444.39
13537,81.0,2.0,717.85,,0.0,0.0
13538,52.0,5.0,1822.28,42.0,7.0,1280.85
13539,76.0,4.0,938.02,85.0,3.0,631.34
13540,123.0,3.0,632.39,,0.0,0.0
13541,83.0,2.0,785.25,,0.0,0.0
13542,32.0,17.0,3959.4900000000002,,0.0,0.0
13543,290.0,2.0,1439.6100000000001,,0.0,0.0
13544,67.0,4.0,514.14,39.0,2.0,276.06
13545,46.0,2.0,364.93,,0.0,0.0
13546,38.0,2.0,465.15,11.0,3.0,621.09
13547,64.0,1.0,164.53,,0.0,0.0
13548,127.0,1.0,223.28,95.0,2.0,678.16
13549,43.0,1.0,87.6,25.0,7.0,918.2
13550,39.0,1.0,342.55,,0.0,0.0
13551,322.0,1.0,152.39999999999998,318.0,1.0,91.80000000000001
13552,84.0,10.0,3208.85,65.0,12.0,3740.07
13553,330.0,1.0,499.6,,0.0,0.0
13554,36.0,7.0,1629.35,,0.0,0.0
13555,34.0,9.0,4792.96,73.0,4.0,4098.88
13556,85.0,2.0,200.82,,0.0,0.0
13557,71.0,11.0,2448.2,27.0,2.0,584.06
13558,,0.0,0.0,5.0,4.0,594.52
13559,168.0,2.0,990.0,,0.0,0.0
13560,,0.0,0.0,6.0,1.0,171.42000000000002
13561,53.0,10.0,1661.54,215.0,1.0,141.85999999999999
13562,57.0,5.0,3038.85,81.0,3.0,1799.33
13563,,0.0,0.0,83.0,2.0,777.53
13564,10.0,36.0,15880.22,,0.0,0.0
13565,67.0,1.0,174.57999999999998,18.0,2.0,240.22
13566,90.0,3.0,827.91,40.0,2.0,856.84
13567,84.0,4.0,1079.29,,0.0,0.0
13568,,0.0,0.0,172.0,1.0,187.05
13569,23.0,3.0,497.74,16.0,1.0,227.3
13570,,0.0,0.0,242.0,1.0,239.49
13571,38.0,14.0,2448.32,12.0,12.0,2088.94
13572,,0.0,0.0,205.0,1.0,1384.25
13573,35.0,4.0,612.82,49.0,2.0,290.25
13574,67.0,1.0,404.45,,0.0,0.0
13575,,0.0,0.0,22.0,5.0,732.0699999999999
13576,29.0,11.0,4834.400000000001,9.0,17.0,6368.1900000000005
13577,38.0,7.0,1796.68,24.0,4.0,1687.6000000000001
13578,65.0,1.0,147.66,,0.0,0.0
13579,25.0,4.0,1072.0,14.0,1.0,302.34
13580,62.0,1.0,107.75,,0.0,0.0
13581,70.0,1.0,162.53,308.0,1.0,118.0
13582,45.0,2.0,241.68,,0.0,0.0
13583,335.0,1.0,664.0,155.0,1.0,781.03
13584,154.0,2.0,243.3,306.0,1.0,142.4
13585,186.0,3.0,684.54,,0.0,0.0
13586,197.0,1.0,127.28,,0.0,0.0
13587,105.0,3.0,961.1,63.0,1.0,712.4
13588,,0.0,0.0,15.0,9.0,2478.95
13589,105.0,4.0,741.09,14.0,2.0,379.65
13590,31.0,12.0,4354.12,10.0,6.0,1981.92
13591,91.0,4.0,976.8100000000001,64.0,3.0,1117.13
13592,,0.0,0.0,35.0,4.0,247.95999999999998
13593,43.0,9.0,3481.41,107.0,5.0,2011.88
13594,141.0,1.0,136.35000000000002,52.0,1.0,396.97
13595,172.0,3.0,784.48,,0.0,0.0
13596,,0.0,0.0,5.0,2.0,664.11
13597,56.0,2.0,396.71,,0.0,0.0
13598,151.0,4.0,601.92,46.0,1.0,160.04
13599,22.0,14.0,5013.96,0.0,19.0,4797.08
13600,290.0,1.0,298.9,311.0,1.0,219.52
13601,48.0,2.0,466.67,44.0,2.0,693.32
13602,37.0,3.0,596.28,64.0,1.0,428.89
13603,,0.0,0.0,25.0,1.0,164.34
13604,314.0,1.0,717.62,,0.0,0.0
13605,43.0,2.0,522.67,,0.0,0.0
13606,,0.0,0.0,28.0,3.0,276.75
13607,58.0,1.0,400.3,39.0,1.0,675.51
13608,196.0,1.0,232.05,,0.0,0.0
13609,249.0,1.0,167.35,,0.0,0.0
13610,43.0,7.0,1020.13,11.0,7.0,1082.33
13611,15.0,8.0,2446.6800000000003,88.0,2.0,851.25
13612,288.0,1.0,818.29,,0.0,0.0
13613,108.0,5.0,1039.8500000000001,,0.0,0.0
13614,49.0,2.0,747.28,23.0,4.0,1585.46
13615,55.0,7.0,5854.84,318.0,1.0,417.69
13616,224.0,2.0,283.85,,0.0,0.0
13617,64.0,5.0,734.57,39.0,3.0,544.18
13618,,0.0,0.0,173.0,1.0,177.34
13619,200.0,2.0,223.44,,0.0,0.0
13620,184.0,1.0,112.34,,0.0,0.0
13621,,0.0,0.0,116.0,1.0,213.85
13622,352.0,1.0,658.95,,0.0,0.0
13623,36.0,5.0,1805.32,30.0,5.0,727.74
13624,44.0,1.0,462.08,,0.0,0.0
13625,252.0,1.0,301.26,,0.0,0.0
13626,35.0,1.0,449.81,252.0,1.0,257.23
13627,13.0,3.0,918.62,58.0,4.0,1327.28
13628,332.0,1.0,310.14,,0.0,0.0
13629,69.0,8.0,5578.5,22.0,11.0,7792.36
13630,,0.0,0.0,4.0,7.0,2031.78
13631,,0.0,0.0,99.0,11.0,3070.42
13632,50.0,3.0,1526.88,24.0,5.0,2118.93
13634,32.0,10.0,3440.7200000000003,32.0,5.0,1547.3600000000001
13635,98.0,3.0,1928.1299999999999,67.0,1.0,1071.03
13636,,0.0,0.0,36.0,5.0,949.12
13637,,0.0,0.0,51.0,3.0,803.05
13638,,0.0,0.0,15.0,1.0,122.64
13639,92.0,1.0,312.93,73.0,1.0,1033.34
13640,267.0,1.0,405.0,,0.0,0.0
13641,296.0,4.0,942.37,,0.0,0.0
13642,88.0,3.0,159.92,215.0,1.0,312.28
13643,38.0,7.0,1637.33,30.0,3.0,519.44
13644,,0.0,0.0,15.0,4.0,2624.26
13645,,0.0,0.0,119.0,1.0,252.1
13646,55.0,2.0,326.25,,0.0,0.0
13647,150.0,4.0,1393.56,9.0,4.0,1648.1200000000001
13648,56.0,8.0,1759.07,,0.0,0.0
13649,22.0,5.0,1304.88,256.0,1.0,148.8
13650,30.0,4.0,1451.66,16.0,6.0,1836.34
13651,37.0,1.0,132.65,39.0,1.0,79.2
13652,24.0,3.0,1475.77,45.0,2.0,786.28
13653,143.0,1.0,152.2,,0.0,0.0
13654,36.0,5.0,3600.67,42.0,6.0,2707.33
13655,30.0,4.0,1347.54,113.0,2.0,932.97
13656,155.0,2.0,699.2,164.0,2.0,379.65
13657,,0.0,0.0,10.0,2.0,382.14
13658,39.0,4.0,3386.33,9.0,5.0,2639.17
13659,72.0,10.0,3321.68,205.0,2.0,1563.0
13660,56.0,1.0,306.64,,0.0,0.0
13661,259.0,1.0,325.24,,0.0,0.0
13662,41.0,8.0,1352.35,85.0,3.0,881.26
13663,36.0,4.0,1858.04,178.0,1.0,189.47
13665,42.0,3.0,1711.6599999999999,,0.0,0.0
13666,76.0,2.0,42.4,59.0,3.0,84.65
13667,,0.0,0.0,148.0,1.0,299.05
13668,18.0,15.0,6816.31,2.0,20.0,6132.17
13669,63.0,1.0,195.0,50.0,2.0,218.55
13670,,0.0,0.0,74.0,1.0,349.7
13671,50.0,1.0,172.6,,0.0,0.0
13672,386.0,1.0,233.53000000000003,300.0,2.0,186.39000000000001
13673,,0.0,0.0,18.0,2.0,387.44
13674,88.0,1.0,240.68,,0.0,0.0
13675,,0.0,0.0,150.0,2.0,486.82000000000005
13676,195.0,2.0,243.9,,0.0,0.0
13677,60.0,2.0,551.24,,0.0,0.0
13678,,0.0,0.0,151.0,1.0,232.6
13679,149.0,3.0,281.26,,0.0,0.0
13680,127.0,8.0,7700.55,0.0,4.0,3719.12
13681,,0.0,0.0,17.0,4.0,827.83
13682,,0.0,0.0,186.0,1.0,59.5
13683,113.0,1.0,258.6,,0.0,0.0
13684,46.0,3.0,529.75,285.0,1.0,65.13
13685,,0.0,0.0,2.0,7.0,3119.44
13686,36.0,2.0,337.04,182.0,1.0,72.0
13687,94.0,1.0,11880.84,,0.0,0.0
13688,291.0,1.0,375.5,,0.0,0.0
13689,100.0,1.0,349.5,62.0,1.0,910.0
13690,,0.0,0.0,58.0,1.0,172.25
13691,52.0,1.0,210.78,,0.0,0.0
13692,64.0,2.0,1626.08,24.0,3.0,1488.32
13693,30.0,9.0,2011.82,,0.0,0.0
13694,14.0,95.0,133498.11,3.0,48.0,62142.58
13695,233.0,1.0,266.6,30.0,15.0,2504.13
13696,77.0,3.0,2020.4,,0.0,0.0
13697,,0.0,0.0,38.0,1.0,151.29999999999998
13698,252.0,2.0,451.73,,0.0,0.0
13699,206.0,1.0,455.57,154.0,1.0,308.58000000000004
13700,73.0,3.0,348.34,25.0,10.0,2248.63
13701,102.0,1.0,161.0,,0.0,0.0
13702,101.0,1.0,135.18,,0.0,0.0
13703,71.0,1.0,326.06,317.0,1.0,99.5
13704,,0.0,0.0,4.0,9.0,2308.06
13705,29.0,5.0,1323.47,7.0,2.0,393.72
13706,282.0,1.0,300.38,302.0,1.0,330.79
13707,85.0,3.0,2559.45,266.0,2.0,806.41
13708,,0.0,0.0,270.0,1.0,283.33
13709,102.0,5.0,1263.7,3.0,13.0,6307.650000000001
13710,79.0,2.0,329.04,31.0,1.0,180.48
13711,62.0,7.0,1540.2,218.0,2.0,252.06
13712,266.0,1.0,537.58,246.0,1.0,228.84
13713,64.0,3.0,740.76,,0.0,0.0
13714,121.0,1.0,161.35,,0.0,0.0
13715,18.0,15.0,7570.33,280.0,2.0,582.71
13716,,0.0,0.0,268.0,1.0,138.28
13717,113.0,2.0,318.29,31.0,6.0,1445.01
13718,,0.0,0.0,245.0,2.0,306.55
13719,49.0,6.0,1740.42,14.0,5.0,1041.68
13720,,0.0,0.0,116.0,4.0,799.9
13721,51.0,1.0,217.39999999999998,35.0,1.0,524.14
13722,76.0,7.0,3260.0,131.0,3.0,2375.41
13723,48.0,5.0,994.23,216.0,1.0,199.85000000000002
13724,293.0,1.0,213.01,,0.0,0.0
13725,,0.0,0.0,49.0,8.0,1980.56
13726,,0.0,0.0,38.0,2.0,1079.6599999999999
13727,267.0,6.0,740.6700000000001,28.0,2.0,333.48
13728,43.0,10.0,1839.03,36.0,6.0,1016.14
13729,91.0,3.0,724.73,,0.0,0.0
13730,,0.0,0.0,135.0,2.0,752.6
13731,,0.0,0.0,218.0,2.0,610.59
13732,,0.0,0.0,27.0,1.0,491.86
13733,66.0,2.0,487.03000000000003,,0.0,0.0
13734,164.0,4.0,6695.6900000000005,,0.0,0.0
13735,32.0,9.0,6879.2300000000005,24.0,4.0,2883.54
13736,81.0,5.0,2022.67,4.0,2.0,729.8
13737,,0.0,0.0,199.0,1.0,339.59999999999997
13738,52.0,1.0,434.78000000000003,,0.0,0.0
13739,183.0,1.0,75.3,17.0,1.0,216.9
13740,71.0,4.0,1232.02,240.0,1.0,350.75
13741,,0.0,0.0,71.0,3.0,668.4300000000001
13742,,0.0,0.0,16.0,12.0,3107.87
13743,,0.0,0.0,2.0,7.0,1341.6
13744,,0.0,0.0,94.0,2.0,1080.52
13745,202.0,1.0,477.32,161.0,1.0,300.04
13746,69.0,1.0,176.69,,0.0,0.0
13747,29.0,2.0,169.79999999999998,,0.0,0.0
13748,29.0,5.0,1320.1,95.0,4.0,744.25
13750,36.0,6.0,1954.92,53.0,5.0,1647.26
13751,,0.0,0.0,287.0,1.0,296.25
13752,183.0,1.0,404.45000000000005,123.0,6.0,1175.38
13753,254.0,3.0,1353.31,287.0,1.0,741.26
13754,93.0,1.0,164.45000000000002,151.0,2.0,282.59999999999997
13755,,0.0,0.0,3.0,9.0,2108.06
13756,14.0,12.0,4470.83,1.0,11.0,4185.12
13757,330.0,1.0,195.55,,0.0,0.0
13758,22.0,9.0,6123.59,11.0,5.0,2471.7
13759,,0.0,0.0,32.0,2.0,659.4100000000001
13760,60.0,3.0,1076.85,53.0,2.0,286.79
13761,158.0,4.0,881.52,49.0,2.0,1070.65
13762,249.0,4.0,2165.76,218.0,1.0,306.72
13763,73.0,2.0,3502.48,62.0,1.0,1714.96
13764,225.0,3.0,1392.25,70.0,3.0,1516.42
13765,309.0,1.0,352.82,,0.0,0.0
13766,151.0,1.0,190.35,,0.0,0.0
13767,14.0,42.0,19122.57,1.0,31.0,14781.0
13768,382.0,2.0,875.97,,0.0,0.0
13769,23.0,11.0,3003.9100000000003,1.0,9.0,2474.21
13770,78.0,4.0,785.37,,0.0,0.0
13771,189.0,5.0,3094.37,63.0,4.0,2634.45
13772,56.0,5.0,1977.39,33.0,3.0,1122.63
13773,52.0,2.0,301.54,,0.0,0.0
13774,,0.0,0.0,81.0,1.0,345.0
13775,246.0,1.0,1049.66,,0.0,0.0
13777,7.0,38.0,30622.88,0.0,23.0,19015.38
13778,147.0,3.0,945.79,102.0,1.0,178.7
13779,171.0,1.0,161.13,,0.0,0.0
13780,63.0,1.0,372.06,6.0,2.0,360.01
13781,248.0,2.0,650.99,250.0,1.0,127.84
13782,109.0,7.0,877.22,12.0,6.0,908.86
13783,143.0,4.0,1542.09,,0.0,0.0
13784,90.0,3.0,447.44,9.0,11.0,2462.79
13785,84.0,4.0,542.49,,0.0,0.0
13786,23.0,6.0,3127.99,,0.0,0.0
13787,20.0,5.0,1019.86,75.0,1.0,202.64000000000001
13788,161.0,1.0,3.75,,0.0,0.0
13789,44.0,1.0,239.45999999999998,,0.0,0.0
13790,,0.0,0.0,3.0,1.0,348.8
13791,,0.0,0.0,127.0,2.0,1516.0
13792,78.0,1.0,188.4,65.0,2.0,195.55
13793,302.0,1.0,96.0,,0.0,0.0
13794,202.0,1.0,126.03,,0.0,0.0
13795,44.0,4.0,836.3,,0.0,0.0
13796,155.0,1.0,289.7,,0.0,0.0
13797,92.0,3.0,1179.45,,0.0,0.0
13798,20.0,55.0,42445.68,0.0,55.0,32983.19
13799,100.0,7.0,2114.71,116.0,2.0,688.86
13800,86.0,2.0,1121.24,309.0,1.0,558.32
13801,,0.0,0.0,66.0,1.0,324.8
13802,30.0,16.0,21659.69,138.0,3.0,4599.42
13803,87.0,2.0,1061.84,254.0,1.0,277.07
13804,91.0,2.0,572.73,30.0,7.0,2588.39
13805,,0.0,0.0,51.0,2.0,924.6
13806,,0.0,0.0,63.0,1.0,256.38
13807,23.0,3.0,422.2,,0.0,0.0
13808,,0.0,0.0,5.0,5.0,1747.66
13809,50.0,2.0,524.65,304.0,1.0,155.05
13810,,0.0,0.0,28.0,2.0,827.51
13811,,0.0,0.0,183.0,2.0,519.75
13812,,0.0,0.0,41.0,3.0,485.0
13813,183.0,4.0,1218.61,39.0,4.0,1168.8600000000001
13814,183.0,1.0,678.2,91.0,2.0,1579.12
13815,62.0,4.0,3070.38,21.0,4.0,3667.36
13816,,0.0,0.0,23.0,2.0,499.67
13817,7.0,1.0,110.7,28.0,1.0,218.28
13818,85.0,1.0,61.28,,0.0,0.0
13819,325.0,3.0,1502.0,301.0,3.0,1140.35
13820,74.0,3.0,652.75,,0.0,0.0
13821,49.0,4.0,993.44,144.0,2.0,385.64
13822,,0.0,0.0,5.0,2.0,632.0
13823,36.0,5.0,2445.79,18.0,2.0,957.66
13824,35.0,7.0,1615.82,32.0,5.0,1698.94
13825,277.0,2.0,255.59,,0.0,0.0
13826,,0.0,0.0,175.0,1.0,189.5
13827,,0.0,0.0,57.0,3.0,409.8
13828,,0.0,0.0,21.0,1.0,209.49
13829,77.0,1.0,102.0,,0.0,0.0
13830,237.0,1.0,156.85000000000002,,0.0,0.0
13831,25.0,13.0,4795.09,15.0,5.0,1790.4499999999998
13832,78.0,1.0,557.6899999999999,18.0,1.0,52.199999999999996
13833,60.0,1.0,316.56,158.0,1.0,383.85
13834,232.0,2.0,324.19,,0.0,0.0
13835,175.0,3.0,260.7,24.0,4.0,834.57
13836,55.0,2.0,620.37,,0.0,0.0
13837,,0.0,0.0,211.0,2.0,266.59000000000003
13838,25.0,7.0,1245.91,5.0,3.0,444.16
13839,142.0,1.0,139.95000000000002,,0.0,0.0
13840,72.0,1.0,651.4,,0.0,0.0
13841,,0.0,0.0,252.0,1.0,85.0
13842,22.0,10.0,2244.29,58.0,8.0,3075.05
13843,37.0,1.0,319.75,,0.0,0.0
13844,,0.0,0.0,10.0,1.0,361.62
13845,,0.0,0.0,64.0,1.0,312.98
13846,16.0,2.0,854.13,24.0,2.0,453.66
13847,375.0,1.0,310.72,,0.0,0.0
13848,22.0,6.0,2080.0,91.0,2.0,935.0
13849,53.0,3.0,1931.35,51.0,2.0,1537.95
13850,,0.0,0.0,128.0,1.0,1595.48
13851,35.0,5.0,1955.0,95.0,3.0,2651.46
13852,266.0,1.0,187.35000000000002,,0.0,0.0
13853,,0.0,0.0,56.0,1.0,1090.14
13854,13.0,16.0,4444.48,8.0,23.0,7500.08
13855,156.0,4.0,1310.3400000000001,,0.0,0.0
13856,119.0,8.0,753.53,168.0,3.0,388.5
13857,49.0,6.0,1000.91,,0.0,0.0
13858,,0.0,0.0,56.0,1.0,216.17
13859,185.0,1.0,314.7,325.0,1.0,201.16
13860,,0.0,0.0,0.0,5.0,1245.9
13861,85.0,2.0,273.26,,0.0,0.0
13862,45.0,1.0,346.73,17.0,8.0,2209.36
13863,121.0,3.0,933.77,247.0,1.0,305.78
13864,42.0,1.0,662.4000000000001,,0.0,0.0
13865,,0.0,0.0,57.0,4.0,501.56
13866,,0.0,0.0,73.0,1.0,145.67000000000002
13867,,0.0,0.0,30.0,3.0,1005.09
13868,,0.0,0.0,6.0,2.0,3192.54
13869,13.0,7.0,5236.84,122.0,3.0,2760.03
13870,43.0,7.0,2941.14,1.0,8.0,2770.94
13871,84.0,4.0,1482.6,22.0,13.0,6403.25
13872,183.0,3.0,919.57,,0.0,0.0
13873,39.0,5.0,649.32,119.0,3.0,389.6
13874,14.0,7.0,2049.15,,0.0,0.0
13875,43.0,9.0,3027.58,53.0,5.0,1786.79
13876,,0.0,0.0,63.0,1.0,122.7
13877,126.0,2.0,332.44,85.0,1.0,117.24
13878,203.0,3.0,1145.33,54.0,1.0,1271.57
13879,301.0,1.0,395.5,,0.0,0.0
13880,23.0,5.0,1171.89,20.0,12.0,3121.97
13881,31.0,23.0,28019.58,3.0,20.0,17159.52
13882,,0.0,0.0,2.0,5.0,1191.13
13883,59.0,9.0,3860.89,10.0,5.0,2674.48
13884,32.0,5.0,1037.43,6.0,5.0,787.6
13885,,0.0,0.0,188.0,2.0,506.8
13886,,0.0,0.0,70.0,1.0,243.56
13887,,0.0,0.0,203.0,1.0,349.55
13888,60.0,5.0,1405.92,119.0,2.0,595.67
13889,38.0,5.0,1574.3300000000002,92.0,1.0,416.90000000000003
13890,14.0,5.0,1233.92,0.0,9.0,1693.46
13891,34.0,3.0,859.21,,0.0,0.0
13892,133.0,2.0,634.68,26.0,4.0,632.97
13893,,0.0,0.0,297.0,1.0,821.1
13894,,0.0,0.0,23.0,3.0,564.62
13895,171.0,2.0,1415.45,27.0,4.0,2593.07
13896,281.0,1.0,388.55,,0.0,0.0
13897,94.0,2.0,849.56,49.0,1.0,311.16
13898,67.0,1.0,530.47,325.0,1.0,155.93
13899,,0.0,0.0,15.0,2.0,388.52
13900,45.0,3.0,869.64,182.0,3.0,740.95
13901,30.0,10.0,2809.14,71.0,5.0,2867.2
13902,288.0,5.0,34023.26,,0.0,0.0
13903,56.0,1.0,165.45000000000002,,0.0,0.0
13904,,0.0,0.0,36.0,2.0,332.64
13905,388.0,1.0,312.65,,0.0,0.0
13906,65.0,1.0,42.0,,0.0,0.0
13907,347.0,1.0,136.8,,0.0,0.0
13908,,0.0,0.0,79.0,4.0,2319.55
13909,79.0,2.0,282.85,,0.0,0.0
13911,35.0,11.0,1654.08,56.0,9.0,2580.91
13912,79.0,1.0,124.95,,0.0,0.0
13913,162.0,1.0,42.22,,0.0,0.0
13914,,0.0,0.0,11.0,2.0,626.45
13915,50.0,1.0,70.80000000000001,,0.0,0.0
13916,119.0,4.0,1275.81,,0.0,0.0
13917,,0.0,0.0,49.0,2.0,272.04
13918,,0.0,0.0,49.0,2.0,1212.8400000000001
13919,80.0,2.0,903.87,58.0,2.0,348.81
13920,87.0,4.0,1774.68,,0.0,0.0
13921,58.0,4.0,730.7,,0.0,0.0
13922,7.0,3.0,865.2,,0.0,0.0
13923,,0.0,0.0,53.0,1.0,351.13
13924,,0.0,0.0,1.0,6.0,1838.8500000000001
13925,,0.0,0.0,92.0,4.0,678.25
13926,,0.0,0.0,22.0,1.0,223.85000000000002
13927,93.0,1.0,359.27,74.0,1.0,348.99
13928,,0.0,0.0,10.0,4.0,464.57
13929,72.0,9.0,2651.45,168.0,2.0,842.65
13930,,0.0,0.0,57.0,2.0,337.34
13931,48.0,9.0,4019.85,95.0,2.0,1237.53
13932,,0.0,0.0,294.0,1.0,307.4
13933,,0.0,0.0,108.0,2.0,608.7900000000001
13934,,0.0,0.0,263.0,1.0,922.1
13935,252.0,3.0,6116.92,,0.0,0.0
13936,38.0,2.0,563.08,179.0,1.0,376.58
13937,58.0,1.0,721.28,168.0,1.0,158.85
13938,,0.0,0.0,34.0,1.0,71.66
13939,87.0,4.0,992.41,22.0,3.0,568.55
13940,,0.0,0.0,16.0,4.0,839.14
13941,28.0,11.0,6009.34,21.0,4.0,4017.84
13942,190.0,1.0,320.0,,0.0,0.0
13943,233.0,1.0,246.54,,0.0,0.0
13944,309.0,1.0,200.43,,0.0,0.0
13945,50.0,2.0,854.15,,0.0,0.0
13946,32.0,3.0,1314.66,78.0,3.0,561.5699999999999
13947,,0.0,0.0,64.0,1.0,90.6
13948,16.0,4.0,548.76,,0.0,0.0
13949,,0.0,0.0,2.0,6.0,2427.32
13950,,0.0,0.0,10.0,4.0,745.06
13951,,0.0,0.0,175.0,3.0,674.45
13952,36.0,12.0,9572.45,217.0,2.0,3251.07
13953,8.0,6.0,3625.0,6.0,6.0,3015.68
13954,,0.0,0.0,1.0,2.0,439.92
13955,31.0,1.0,221.10999999999999,153.0,2.0,322.96
13956,,0.0,0.0,4.0,5.0,1019.27
13957,73.0,3.0,458.25,,0.0,0.0
13958,35.0,8.0,4709.2300000000005,,0.0,0.0
13959,18.0,4.0,685.47,78.0,2.0,379.3
13960,,0.0,0.0,20.0,2.0,230.22
13961,48.0,1.0,538.4,,0.0,0.0
13962,91.0,1.0,193.25,21.0,2.0,169.55
13963,23.0,14.0,2347.33,307.0,3.0,513.24
13964,43.0,2.0,438.9,,0.0,0.0
13965,132.0,3.0,996.61,,0.0,0.0
13966,91.0,1.0,384.26,,0.0,0.0
13967,52.0,1.0,85.6,145.0,1.0,80.7
13968,79.0,1.0,123.66,,0.0,0.0
13969,21.0,18.0,4266.88,6.0,17.0,8706.58
13970,42.0,2.0,846.55,,0.0,0.0
13971,79.0,6.0,1909.31,18.0,8.0,2758.26
13972,,0.0,0.0,70.0,2.0,190.25
13973,,0.0,0.0,286.0,1.0,264.7
13974,238.0,1.0,264.13,48.0,1.0,413.59000000000003
13975,49.0,6.0,2795.16,30.0,6.0,2461.2400000000002
13976,162.0,3.0,834.38,206.0,1.0,357.98
13977,67.0,1.0,519.8100000000001,,0.0,0.0
13978,,0.0,0.0,14.0,2.0,196.79000000000002
13979,49.0,6.0,2503.76,72.0,1.0,869.87
13980,95.0,4.0,568.68,59.0,1.0,200.14
13981,71.0,1.0,331.14,,0.0,0.0
13982,21.0,6.0,2511.08,38.0,3.0,1443.21
13983,22.0,10.0,4479.82,29.0,11.0,2274.07
13984,22.0,8.0,1128.09,26.0,4.0,765.71
13985,30.0,7.0,2960.73,3.0,15.0,7060.13
13986,,0.0,0.0,16.0,1.0,320.46
13987,35.0,2.0,682.54,,0.0,0.0
13988,39.0,2.0,609.84,19.0,6.0,4147.96
13989,120.0,3.0,759.98,65.0,2.0,1266.08
13990,,0.0,0.0,212.0,1.0,311.3
13991,,0.0,0.0,11.0,6.0,851.88
13992,36.0,2.0,142.7,29.0,1.0,76.8
13993,35.0,10.0,3309.35,42.0,9.0,3466.36
13994,,0.0,0.0,3.0,6.0,2274.14
13995,35.0,9.0,2508.32,14.0,5.0,1393.69
13996,42.0,2.0,845.76,,0.0,0.0
13997,175.0,3.0,376.46,,0.0,0.0
13998,102.0,3.0,566.7,,0.0,0.0
13999,17.0,18.0,5902.55,9.0,11.0,3599.71
14000,70.0,4.0,1410.68,210.0,1.0,635.66
14001,29.0,7.0,2487.01,45.0,2.0,1741.8400000000001
14002,,0.0,0.0,133.0,2.0,529.73
14003,388.0,1.0,209.41,,0.0,0.0
14004,49.0,4.0,1675.81,42.0,7.0,4582.64
14005,,0.0,0.0,9.0,5.0,2874.72
14006,184.0,4.0,1234.48,115.0,3.0,962.19
14007,168.0,1.0,79.48,,0.0,0.0
14008,88.0,1.0,509.04,,0.0,0.0
14009,118.0,1.0,404.3,197.0,2.0,695.61
14010,221.0,2.0,445.15,,0.0,0.0
14011,136.0,2.0,457.82,,0.0,0.0
14012,,0.0,0.0,277.0,1.0,328.8
14013,36.0,2.0,611.5500000000001,109.0,3.0,473.02
14014,32.0,2.0,1443.03,76.0,1.0,505.18
14015,,0.0,0.0,52.0,1.0,917.34
14016,13.0,8.0,7715.94,161.0,3.0,3587.47
14017,227.0,1.0,229.75,,0.0,0.0
14018,301.0,1.0,367.15000000000003,,0.0,0.0
14019,,0.0,0.0,46.0,3.0,1421.61
14020,132.0,2.0,606.21,16.0,2.0,642.8
14021,30.0,4.0,1084.68,154.0,3.0,631.9
14022,142.0,1.0,352.15000000000003,224.0,1.0,440.0
14023,,0.0,0.0,6.0,2.0,584.07
14024,46.0,1.0,318.04,121.0,2.0,327.7
14025,120.0,8.0,4057.9,,0.0,0.0
14026,126.0,2.0,713.11,,0.0,0.0
14027,,0.0,0.0,60.0,1.0,104.82
14028,206.0,3.0,10396.5,,0.0,0.0
14029,,0.0,0.0,62.0,2.0,467.66
14030,22.0,14.0,5839.46,17.0,6.0,1682.34
14031,13.0,28.0,24301.600000000002,6.0,16.0,14717.91
14032,11.0,7.0,2190.24,1.0,9.0,2356.17
14033,211.0,1.0,109.44,,0.0,0.0
14034,,0.0,0.0,21.0,3.0,648.89
14035,62.0,4.0,1366.73,28.0,5.0,1428.02
14036,,0.0,0.0,284.0,1.0,626.65
14037,20.0,5.0,801.55,175.0,1.0,35.400000000000006
14038,53.0,2.0,1509.5,77.0,3.0,1560.38
14039,231.0,1.0,115.08000000000001,32.0,1.0,152.2
14040,42.0,23.0,8963.49,40.0,12.0,3560.32
14041,,0.0,0.0,265.0,1.0,141.41
14042,381.0,1.0,431.98,,0.0,0.0
14043,147.0,2.0,302.6,,0.0,0.0
14044,74.0,6.0,2427.53,26.0,4.0,646.42
14045,29.0,13.0,9653.279999999999,108.0,3.0,1333.35
14046,,0.0,0.0,283.0,1.0,151.59
14047,28.0,10.0,2946.42,8.0,4.0,1021.69
14048,38.0,2.0,338.76,304.0,1.0,409.93
14049,43.0,9.0,7444.68,16.0,4.0,5578.72
14050,,0.0,0.0,31.0,2.0,746.36
14051,10.0,17.0,7988.75,0.0,20.0,13782.23
14052,46.0,1.0,241.3,19.0,1.0,225.36
14053,53.0,2.0,312.05,123.0,2.0,260.25
14054,,0.0,0.0,64.0,1.0,92.46
14055,233.0,2.0,795.3199999999999,105.0,1.0,725.6400000000001
14056,,0.0,0.0,0.0,23.0,8152.71
14057,16.0,7.0,3060.92,23.0,15.0,5285.74
14058,118.0,2.0,469.19,,0.0,0.0
14059,,0.0,0.0,266.0,1.0,183.6
14060,15.0,14.0,3631.86,4.0,16.0,5266.38
14061,163.0,3.0,917.4300000000001,,0.0,0.0
14062,10.0,15.0,16564.920000000002,9.0,9.0,9020.73
14063,342.0,7.0,9471.5,,0.0,0.0
14064,86.0,10.0,1925.9,28.0,5.0,1334.34
14065,45.0,3.0,891.02,,0.0,0.0
14066,,0.0,0.0,266.0,1.0,152.55
14067,,0.0,0.0,63.0,2.0,374.7
14068,259.0,3.0,1250.8700000000001,319.0,1.0,265.85
14069,170.0,2.0,225.81,,0.0,0.0
14070,340.0,1.0,321.6,,0.0,0.0
14071,,0.0,0.0,3.0,8.0,1422.75
14072,322.0,1.0,390.85,,0.0,0.0
14073,,0.0,0.0,31.0,1.0,151.04
14074,279.0,1.0,219.39999999999998,,0.0,0.0
14075,59.0,2.0,782.61,4.0,3.0,942.26
14076,,0.0,0.0,128.0,1.0,118.67
14077,51.0,1.0,115.66,40.0,5.0,499.41999999999996
14078,29.0,4.0,638.69,101.0,5.0,913.13
14079,,0.0,0.0,124.0,1.0,375.1
14080,69.0,4.0,1070.08,32.0,1.0,45.599999999999994
14081,25.0,9.0,4369.47,301.0,1.0,498.1
14082,20.0,2.0,413.36,,0.0,0.0
14083,10.0,5.0,523.65,3.0,6.0,558.54
14084,168.0,1.0,150.5,,0.0,0.0
14085,7.0,17.0,6449.87,1.0,15.0,3255.8
14086,118.0,1.0,39.95,,0.0,0.0
14087,60.0,2.0,638.0,2.0,1.0,191.47
14088,62.0,3.0,13544.99,9.0,13.0,50491.81
14089,,0.0,0.0,56.0,1.0,158.75
14090,,0.0,0.0,324.0,1.0,76.32000000000001
14091,310.0,2.0,9530.08,,0.0,0.0
14092,8.0,12.0,3754.27,7.0,12.0,3475.18
14093,,0.0,0.0,11.0,1.0,433.86
14094,95.0,1.0,311.77,,0.0,0.0
14095,378.0,1.0,2.95,,0.0,0.0
14096,,0.0,0.0,3.0,17.0,53258.43
14097,137.0,2.0,422.85999999999996,,0.0,0.0
14098,,0.0,0.0,36.0,1.0,147.35
14099,10.0,10.0,3030.26,15.0,10.0,2720.65
14100,,0.0,0.0,137.0,1.0,191.95000000000002
14101,44.0,7.0,3985.14,73.0,6.0,5976.79
14102,,0.0,0.0,4.0,5.0,1105.8799999999999
14104,45.0,3.0,524.3199999999999,154.0,2.0,216.20999999999998
14105,64.0,4.0,4722.6,238.0,1.0,1266.23
14106,393.0,1.0,214.79999999999998,,0.0,0.0
14107,20.0,5.0,2537.31,51.0,6.0,2339.9900000000002
14108,387.0,2.0,447.05,30.0,2.0,597.91
14109,,0.0,0.0,72.0,1.0,144.2
14110,91.0,21.0,7304.8,3.0,12.0,5683.15
14111,,0.0,0.0,13.0,4.0,692.85
14112,107.0,6.0,2919.44,22.0,7.0,2915.15
14113,10.0,13.0,5685.6900000000005,3.0,3.0,1406.92
14114,51.0,5.0,977.5600000000001,273.0,2.0,386.53
14115,157.0,2.0,622.6700000000001,,0.0,0.0
14116,,0.0,0.0,19.0,5.0,1382.74
14117,,0.0,0.0,143.0,1.0,90.0
14118,84.0,1.0,458.45,,0.0,0.0
14119,31.0,2.0,183.37,,0.0,0.0
14121,,0.0,0.0,3.0,4.0,2780.15
14122,62.0,3.0,362.42,,0.0,0.0
14123,389.0,1.0,436.18,,0.0,0.0
14124,,0.0,0.0,83.0,1.0,419.58000000000004
14125,,0.0,0.0,10.0,3.0,2720.63
14126,100.0,1.0,466.33000000000004,7.0,3.0,706.1300000000001
14127,36.0,3.0,1190.3700000000001,122.0,3.0,709.71
14128,207.0,1.0,286.71,60.0,2.0,637.5
14129,55.0,4.0,1467.48,1.0,5.0,1123.8600000000001
14130,31.0,3.0,1377.86,318.0,1.0,480.91
14131,304.0,1.0,168.22,,0.0,0.0
14132,,0.0,0.0,1.0,11.0,3586.0299999999997
14133,389.0,1.0,305.5,129.0,3.0,605.64
14134,38.0,15.0,11123.35,,0.0,0.0
14135,9.0,13.0,5096.41,1.0,11.0,3743.26
14136,56.0,5.0,1570.81,,0.0,0.0
14137,351.0,1.0,332.7,,0.0,0.0
14138,,0.0,0.0,1.0,2.0,965.8800000000001
14139,146.0,3.0,670.98,45.0,1.0,415.82
14140,,0.0,0.0,3.0,2.0,935.05
14141,,0.0,0.0,2.0,4.0,915.13
14142,29.0,2.0,671.34,,0.0,0.0
14143,,0.0,0.0,133.0,1.0,115.8
14144,142.0,1.0,30.599999999999998,,0.0,0.0
14145,115.0,3.0,3857.85,46.0,4.0,3742.2
14146,13.0,8.0,6500.73,8.0,4.0,2949.57
14147,44.0,7.0,2106.8,77.0,2.0,483.4
14148,70.0,1.0,309.09000000000003,233.0,1.0,157.2
14149,,0.0,0.0,220.0,1.0,446.62
14150,15.0,1.0,306.18,35.0,1.0,352.46000000000004
14151,329.0,2.0,679.45,,0.0,0.0
14152,43.0,5.0,1376.05,74.0,2.0,621.29
14153,139.0,1.0,233.4,,0.0,0.0
14154,37.0,6.0,5115.08,238.0,2.0,1345.62
14155,,0.0,0.0,265.0,1.0,118.75
14156,27.0,91.0,186832.0,9.0,53.0,116237.88
14157,45.0,3.0,553.8000000000001,19.0,2.0,424.89000000000004
14158,,0.0,0.0,39.0,1.0,507.66
14159,18.0,10.0,3411.52,19.0,10.0,4438.06
14160,266.0,7.0,8421.47,,0.0,0.0
14161,25.0,5.0,2182.46,215.0,2.0,814.47
14162,,0.0,0.0,173.0,2.0,289.36
14163,118.0,1.0,148.71,86.0,4.0,2445.91
14164,,0.0,0.0,70.0,2.0,1631.77
14165,,0.0,0.0,275.0,1.0,120.44
14166,161.0,2.0,251.15,,0.0,0.0
14167,120.0,4.0,711.7,38.0,4.0,562.59
14168,76.0,2.0,370.45,,0.0,0.0
14169,86.0,2.0,613.11,,0.0,0.0
14170,31.0,3.0,570.18,,0.0,0.0
14171,386.0,1.0,135.0,97.0,1.0,363.79
14172,261.0,3.0,369.02,,0.0,0.0
14173,297.0,2.0,135.16,10.0,4.0,450.84
14174,,0.0,0.0,32.0,1.0,134.46
14175,74.0,5.0,4456.58,59.0,3.0,3222.3
14176,23.0,2.0,339.11,296.0,3.0,417.35
14177,37.0,9.0,1660.23,85.0,4.0,549.46
14178,,0.0,0.0,8.0,7.0,1580.26
14179,,0.0,0.0,40.0,2.0,701.57
14180,14.0,12.0,2265.23,10.0,21.0,3852.27
14181,66.0,2.0,308.35,,0.0,0.0
14182,99.0,4.0,678.77,,0.0,0.0
14183,67.0,2.0,278.34000000000003,,0.0,0.0
14184,,0.0,0.0,66.0,1.0,452.89
14185,,0.0,0.0,330.0,1.0,197.65
14186,83.0,5.0,1550.63,,0.0,0.0
14187,129.0,1.0,123.5,,0.0,0.0
14188,,0.0,0.0,30.0,6.0,2054.36
14189,24.0,2.0,1160.31,1.0,14.0,4342.84
14190,322.0,1.0,79.9,,0.0,0.0
14191,50.0,2.0,132.9,1.0,13.0,4684.76
14192,44.0,1.0,293.74,,0.0,0.0
14193,52.0,1.0,356.8,67.0,2.0,853.39
14194,48.0,15.0,7321.07,4.0,21.0,11349.52
14195,95.0,4.0,1603.6,201.0,2.0,1012.0
14196,,0.0,0.0,106.0,1.0,335.52
14197,66.0,1.0,390.05,,0.0,0.0
14198,56.0,5.0,868.33,17.0,4.0,701.4
14199,79.0,3.0,906.3,217.0,1.0,185.39999999999998
14200,273.0,1.0,379.2,,0.0,0.0
14201,15.0,4.0,513.34,59.0,6.0,680.2
14202,37.0,3.0,847.76,,0.0,0.0
14203,53.0,1.0,339.34,,0.0,0.0
14204,78.0,3.0,874.22,1.0,1.0,150.61
14205,50.0,7.0,1947.5,16.0,2.0,466.7
14206,44.0,2.0,856.85,238.0,1.0,328.15999999999997
14207,343.0,1.0,157.8,,0.0,0.0
14208,207.0,1.0,415.31,94.0,1.0,151.74
14209,41.0,9.0,2919.84,10.0,6.0,2073.43
14210,27.0,11.0,3955.6800000000003,105.0,5.0,1600.89
14211,67.0,9.0,2161.19,52.0,9.0,2241.1
14212,101.0,1.0,1119.6599999999999,89.0,1.0,1070.48
14213,60.0,1.0,1192.2,,0.0,0.0
14214,,0.0,0.0,30.0,5.0,1004.38
14215,24.0,4.0,1626.61,11.0,5.0,1623.72
14216,70.0,1.0,310.74,2.0,4.0,1839.3
14217,22.0,7.0,1411.91,1.0,16.0,1886.68
14218,,0.0,0.0,42.0,1.0,169.48000000000002
14219,65.0,2.0,543.89,3.0,1.0,89.94
14220,14.0,3.0,1195.58,246.0,1.0,319.42
14221,105.0,8.0,3084.69,41.0,9.0,3432.8
14222,,0.0,0.0,176.0,1.0,683.17
14223,,0.0,0.0,91.0,3.0,991.13
14224,46.0,5.0,831.98,109.0,4.0,1009.73
14225,90.0,4.0,2031.07,,0.0,0.0
14226,97.0,1.0,770.34,28.0,5.0,2214.79
14227,70.0,5.0,3015.2000000000003,25.0,10.0,3350.96
14228,93.0,3.0,745.5,,0.0,0.0
14229,59.0,4.0,1046.84,51.0,3.0,1547.2
14230,91.0,3.0,979.8000000000001,,0.0,0.0
14231,106.0,1.0,309.91,183.0,3.0,925.71
14232,,0.0,0.0,42.0,5.0,2048.07
14233,121.0,3.0,1441.55,48.0,4.0,1462.72
14234,,0.0,0.0,21.0,4.0,754.12
14235,154.0,4.0,1573.1299999999999,74.0,5.0,3144.86
14236,28.0,4.0,1253.78,80.0,1.0,301.56
14237,29.0,2.0,471.14,,0.0,0.0
14238,318.0,2.0,287.38,325.0,1.0,146.85
14239,87.0,10.0,1882.3200000000002,42.0,11.0,2380.85
14240,79.0,1.0,357.15,29.0,2.0,890.34
14241,352.0,1.0,120.0,183.0,1.0,213.70000000000002
14242,,0.0,0.0,234.0,2.0,280.55
14243,13.0,9.0,5100.9800000000005,8.0,8.0,2116.77
14244,316.0,1.0,366.41999999999996,,0.0,0.0
14245,,0.0,0.0,219.0,2.0,1693.45
14246,,0.0,0.0,110.0,3.0,1474.06
14247,60.0,4.0,616.79,277.0,1.0,136.76999999999998
14248,115.0,2.0,730.37,317.0,1.0,302.58
14249,66.0,12.0,5400.46,,0.0,0.0
14250,,0.0,0.0,6.0,3.0,1904.05
14251,,0.0,0.0,1.0,5.0,2879.7000000000003
14252,37.0,1.0,350.99,,0.0,0.0
14253,149.0,2.0,363.40000000000003,,0.0,0.0
14254,88.0,1.0,601.03,,0.0,0.0
14256,20.0,4.0,2015.5900000000001,259.0,1.0,445.2
14257,36.0,4.0,2854.73,63.0,5.0,3099.7200000000003
14258,51.0,16.0,19381.36,8.0,9.0,12669.98
14259,,0.0,0.0,141.0,1.0,120.0
14260,127.0,3.0,824.28,,0.0,0.0
14261,,0.0,0.0,50.0,2.0,1163.45
14262,,0.0,0.0,7.0,8.0,2618.23
14263,79.0,1.0,322.93,,0.0,0.0
14264,35.0,4.0,1183.39,154.0,2.0,333.97
14265,120.0,2.0,843.17,108.0,2.0,530.18
14266,84.0,1.0,40.56,,0.0,0.0
14267,,0.0,0.0,162.0,3.0,1516.24
14268,126.0,1.0,354.85,,0.0,0.0
14269,95.0,1.0,295.73,,0.0,0.0
14270,,0.0,0.0,331.0,1.0,492.65000000000003
14271,65.0,1.0,101.86,225.0,1.0,112.32
14272,218.0,2.0,482.85,73.0,2.0,437.96
14273,,0.0,0.0,50.0,4.0,559.97
14274,342.0,1.0,256.6,,0.0,0.0
14275,51.0,6.0,1189.3799999999999,,0.0,0.0
14276,63.0,4.0,982.94,98.0,3.0,1119.74
14277,67.0,5.0,12637.16,14.0,3.0,4152.0
14278,65.0,1.0,205.83,,0.0,0.0
14279,176.0,2.0,191.86,,0.0,0.0
14280,,0.0,0.0,196.0,1.0,134.04
14281,64.0,1.0,245.15,,0.0,0.0
14282,23.0,11.0,4120.32,2.0,14.0,3130.44
14283,119.0,4.0,628.4399999999999,,0.0,0.0
14284,309.0,1.0,704.4,30.0,2.0,595.25
14285,169.0,4.0,1374.41,20.0,4.0,1910.01
14286,60.0,4.0,3851.0099999999998,23.0,3.0,4628.75
14287,,0.0,0.0,7.0,3.0,176.63
14288,,0.0,0.0,212.0,1.0,426.6
14289,,0.0,0.0,8.0,6.0,911.26
14290,17.0,4.0,2979.4700000000003,10.0,4.0,1537.0900000000001
14291,36.0,12.0,4020.85,1.0,11.0,3883.25
14292,66.0,7.0,4354.32,7.0,9.0,4871.93
14293,24.0,6.0,2221.37,2.0,3.0,681.64
14294,63.0,1.0,375.34,,0.0,0.0
14295,94.0,3.0,2186.71,39.0,1.0,166.20000000000002
14296,77.0,2.0,456.40000000000003,,0.0,0.0
14297,,0.0,0.0,17.0,4.0,1305.33
14298,10.0,43.0,44356.65,7.0,39.0,46837.84
14299,21.0,19.0,10533.87,7.0,8.0,3536.38
14300,,0.0,0.0,18.0,1.0,43.2
14301,72.0,3.0,1352.04,116.0,1.0,640.14
14302,86.0,3.0,742.9000000000001,,0.0,0.0
14303,63.0,2.0,277.94,,0.0,0.0
14304,35.0,2.0,1341.56,222.0,1.0,383.45
14305,,0.0,0.0,70.0,3.0,1858.96
14306,34.0,4.0,1058.0800000000002,50.0,2.0,2093.32
14307,29.0,5.0,2075.31,88.0,5.0,2212.61
14309,14.0,3.0,1576.03,7.0,8.0,2204.78
14310,88.0,1.0,492.1,,0.0,0.0
14311,223.0,1.0,206.19,242.0,1.0,310.26
14312,34.0,5.0,1478.7,46.0,6.0,1611.59
14314,86.0,1.0,109.80000000000001,106.0,1.0,120.0
14315,220.0,2.0,716.69,44.0,6.0,2481.13
14316,78.0,5.0,1370.34,,0.0,0.0
14317,,0.0,0.0,64.0,1.0,508.58000000000004
14318,116.0,1.0,158.02,,0.0,0.0
14319,80.0,1.0,494.85,,0.0,0.0
14320,202.0,3.0,868.96,206.0,2.0,477.79
14321,87.0,2.0,687.3100000000001,10.0,5.0,1530.75
14322,85.0,4.0,474.1,,0.0,0.0
14323,,0.0,0.0,114.0,2.0,605.0600000000001
14324,65.0,2.0,701.61,,0.0,0.0
14325,225.0,1.0,245.48000000000002,,0.0,0.0
14326,119.0,2.0,757.13,241.0,1.0,183.85
14327,38.0,5.0,1583.28,162.0,1.0,311.65
14329,31.0,8.0,4912.38,16.0,7.0,4975.24
14330,279.0,1.0,200.63,,0.0,0.0
14331,,0.0,0.0,123.0,2.0,462.65999999999997
14332,37.0,2.0,1077.2,22.0,3.0,840.21
14333,,0.0,0.0,67.0,1.0,415.2
14334,14.0,5.0,2086.42,16.0,7.0,2232.06
14335,,0.0,0.0,15.0,2.0,454.86
14336,,0.0,0.0,16.0,4.0,1614.91
14338,192.0,1.0,339.88,160.0,2.0,588.22
14339,84.0,1.0,310.75,242.0,1.0,309.52
14340,,0.0,0.0,218.0,1.0,134.7
14341,76.0,10.0,2285.04,44.0,8.0,2166.98
14342,88.0,2.0,249.88,20.0,4.0,668.5600000000001
14343,77.0,4.0,1079.66,,0.0,0.0
14344,14.0,15.0,2458.77,126.0,5.0,534.28
14345,,0.0,0.0,38.0,1.0,108.97999999999999
14346,81.0,3.0,1294.17,120.0,2.0,1021.58
14347,392.0,1.0,82.6,,0.0,0.0
14348,,0.0,0.0,259.0,1.0,409.57
14349,,0.0,0.0,9.0,1.0,133.5
14350,36.0,2.0,689.1,273.0,1.0,282.93
14351,,0.0,0.0,164.0,1.0,51.0
14352,,0.0,0.0,156.0,4.0,1078.96
14353,66.0,2.0,285.9,214.0,1.0,90.6
14354,,0.0,0.0,5.0,2.0,163.62
14355,21.0,3.0,840.0500000000001,,0.0,0.0
14356,,0.0,0.0,79.0,2.0,701.23
14357,,0.0,0.0,42.0,1.0,225.12
14358,45.0,2.0,400.06,,0.0,0.0
14359,,0.0,0.0,18.0,3.0,912.18
14360,,0.0,0.0,31.0,4.0,2118.03
14361,234.0,1.0,214.70999999999998,,0.0,0.0
14362,,0.0,0.0,21.0,1.0,151.5
14363,58.0,2.0,227.47000000000003,,0.0,0.0
14364,,0.0,0.0,108.0,8.0,3717.35
14365,50.0,2.0,634.68,,0.0,0.0
14366,181.0,1.0,136.0,,0.0,0.0
14367,,0.0,0.0,7.0,16.0,9227.82
14368,,0.0,0.0,319.0,1.0,155.0
14369,298.0,2.0,469.13,,0.0,0.0
14370,106.0,6.0,1175.78,,0.0,0.0
14371,,0.0,0.0,294.0,1.0,100.5
14372,99.0,2.0,860.08,,0.0,0.0
14373,14.0,1.0,76.55,,0.0,0.0
14374,197.0,1.0,108.0,,0.0,0.0
14375,106.0,2.0,871.26,184.0,1.0,235.56
14376,339.0,1.0,215.46,,0.0,0.0
14377,,0.0,0.0,190.0,2.0,617.05
14378,277.0,1.0,131.25,,0.0,0.0
14379,49.0,2.0,917.06,43.0,2.0,348.1
14381,107.0,1.0,423.26,51.0,1.0,202.68
14382,46.0,1.0,578.14,25.0,1.0,615.49
14383,,0.0,0.0,37.0,3.0,1247.69
14384,156.0,1.0,58.5,,0.0,0.0
14385,,0.0,0.0,8.0,3.0,202.11
14386,,0.0,0.0,296.0,1.0,142.4
14387,,0.0,0.0,32.0,3.0,1727.6
14388,28.0,9.0,3488.16,9.0,7.0,2900.04
14389,80.0,3.0,854.55,64.0,2.0,1043.46
14390,28.0,5.0,1731.16,9.0,8.0,4418.87
14391,232.0,1.0,135.6,,0.0,0.0
14392,88.0,1.0,266.4,,0.0,0.0
14393,,0.0,0.0,217.0,1.0,67.95
14394,220.0,1.0,93.8,,0.0,0.0
14395,28.0,12.0,4630.7,1.0,8.0,3171.23
14396,27.0,6.0,1591.74,64.0,1.0,377.64
14397,,0.0,0.0,2.0,19.0,2612.96
14398,57.0,2.0,707.79,,0.0,0.0
14399,50.0,8.0,2108.21,,0.0,0.0
14400,64.0,2.0,1157.77,148.0,1.0,574.7
14401,15.0,10.0,2991.8,3.0,12.0,3804.1
14402,308.0,1.0,285.6,,0.0,0.0
14403,245.0,2.0,404.7,129.0,4.0,1475.81
14404,25.0,8.0,1404.04,33.0,5.0,1320.09
14405,42.0,1.0,195.0,,0.0,0.0
14406,,0.0,0.0,118.0,1.0,156.75
14407,,0.0,0.0,106.0,5.0,2142.73
14408,127.0,4.0,1503.2400000000002,10.0,7.0,2599.03
14409,24.0,5.0,1696.64,70.0,4.0,1730.65
14410,32.0,2.0,1531.63,91.0,9.0,1099.27
14411,,0.0,0.0,310.0,1.0,1063.0
14412,80.0,1.0,656.16,42.0,2.0,770.03
14413,18.0,3.0,421.72,,0.0,0.0
14414,14.0,2.0,1119.55,91.0,6.0,1279.78
14415,16.0,11.0,6977.2,0.0,12.0,5002.89
14416,,0.0,0.0,21.0,2.0,490.22
14417,43.0,1.0,524.65,,0.0,0.0
14418,,0.0,0.0,3.0,3.0,1937.25
14419,20.0,2.0,326.95,10.0,5.0,927.69
14420,52.0,3.0,1251.65,98.0,1.0,387.52
14421,168.0,4.0,1656.26,56.0,2.0,813.11
14422,30.0,13.0,6007.88,0.0,6.0,4263.64
14423,93.0,2.0,651.41,217.0,1.0,265.2
14424,,0.0,0.0,17.0,1.0,322.08
14425,90.0,3.0,661.39,,0.0,0.0
14426,59.0,7.0,7246.27,23.0,10.0,4481.67
14427,150.0,2.0,900.1800000000001,49.0,2.0,363.34000000000003
14428,,0.0,0.0,6.0,5.0,1224.06
14429,59.0,1.0,516.28,,0.0,0.0
14430,167.0,3.0,1220.9,,0.0,0.0
14431,35.0,3.0,2143.84,302.0,1.0,470.36
14432,,0.0,0.0,9.0,6.0,2248.5
14433,121.0,1.0,280.7,,0.0,0.0
14434,,0.0,0.0,21.0,6.0,1372.8
14435,157.0,1.0,90.42,,0.0,0.0
14436,209.0,1.0,182.64000000000001,98.0,1.0,89.06
14437,21.0,5.0,873.34,,0.0,0.0
14438,,0.0,0.0,305.0,1.0,131.9
14439,99.0,4.0,6781.8,319.0,1.0,2661.24
14440,21.0,9.0,4281.05,7.0,4.0,1700.98
14441,30.0,7.0,2898.8,0.0,4.0,1712.89
14442,70.0,5.0,3777.2,204.0,2.0,1589.82
14443,24.0,2.0,966.27,53.0,3.0,1116.7
14444,112.0,1.0,120.44,,0.0,0.0
14445,111.0,1.0,221.65,,0.0,0.0
14446,42.0,1.0,189.93,0.0,4.0,1005.55
14447,56.0,1.0,548.5,18.0,5.0,1163.23
14448,20.0,1.0,102.35000000000001,8.0,1.0,273.0
14449,28.0,5.0,1555.4,18.0,3.0,675.56
14450,35.0,4.0,645.19,180.0,3.0,483.25
14451,45.0,10.0,2614.78,59.0,2.0,643.9
14452,51.0,2.0,399.9,10.0,2.0,259.05
14453,,0.0,0.0,189.0,1.0,119.93
14454,32.0,5.0,977.3,,0.0,0.0
14455,88.0,4.0,617.72,,0.0,0.0
14456,,0.0,0.0,4.0,9.0,3014.32
14457,,0.0,0.0,310.0,1.0,113.64
14458,36.0,1.0,219.26999999999998,,0.0,0.0
14459,307.0,1.0,3537.82,154.0,1.0,1837.92
14460,52.0,6.0,659.16,109.0,3.0,434.34
14461,38.0,10.0,4573.85,147.0,3.0,2102.67
14462,88.0,1.0,262.24,65.0,11.0,1975.57
14463,155.0,1.0,256.95,97.0,3.0,529.62
14464,224.0,2.0,111.0,,0.0,0.0
14465,84.0,8.0,2887.4100000000003,246.0,3.0,1038.44
14466,28.0,7.0,2374.5,28.0,6.0,1892.65
14467,45.0,8.0,1606.98,17.0,4.0,596.26
14468,389.0,1.0,204.24,,0.0,0.0
14469,72.0,4.0,2093.46,,0.0,0.0
14470,86.0,1.0,250.85,11.0,2.0,461.19
14471,247.0,2.0,400.95,,0.0,0.0
14472,11.0,2.0,512.43,103.0,7.0,1606.29
14473,,0.0,0.0,73.0,2.0,234.34000000000003
14474,235.0,1.0,711.23,45.0,1.0,547.66
14475,64.0,1.0,225.3,71.0,3.0,925.85
14476,,0.0,0.0,256.0,1.0,193.0
14477,92.0,3.0,660.0,19.0,4.0,1309.6
14478,38.0,4.0,1276.66,,0.0,0.0
14479,21.0,3.0,982.86,253.0,1.0,141.85
14480,58.0,3.0,1020.47,10.0,1.0,279.05
14481,63.0,3.0,1648.18,164.0,2.0,636.51
14482,35.0,6.0,2283.91,17.0,6.0,2022.81
14483,392.0,1.0,120.0,281.0,1.0,137.1
14484,57.0,3.0,749.0600000000001,49.0,1.0,321.92
14485,,0.0,0.0,38.0,1.0,162.8
14486,167.0,2.0,175.5,,0.0,0.0
14487,24.0,2.0,225.89000000000001,26.0,5.0,1040.3799999999999
14488,,0.0,0.0,67.0,1.0,1064.28
14489,93.0,3.0,1111.55,206.0,1.0,463.38
14490,62.0,2.0,1273.47,,0.0,0.0
14491,28.0,1.0,127.2,174.0,1.0,213.73
14492,86.0,7.0,1921.91,,0.0,0.0
14493,46.0,5.0,2704.62,6.0,5.0,2383.2400000000002
14494,57.0,2.0,261.9,25.0,1.0,139.56
14495,315.0,1.0,51.0,50.0,2.0,123.8
14496,29.0,6.0,2129.42,311.0,1.0,234.47
14497,329.0,1.0,221.69,308.0,1.0,475.37
14498,17.0,6.0,2109.73,42.0,4.0,1791.1
14499,30.0,4.0,1293.3500000000001,25.0,3.0,808.44
14500,,0.0,0.0,87.0,3.0,356.85
14501,,0.0,0.0,183.0,2.0,251.21
14502,,0.0,0.0,19.0,11.0,2426.79
14503,,0.0,0.0,2.0,6.0,3543.26
14504,,0.0,0.0,46.0,4.0,673.26
14505,18.0,12.0,7052.25,16.0,7.0,4820.83
14506,25.0,3.0,1256.6000000000001,16.0,4.0,1703.65
14507,34.0,5.0,1848.8600000000001,23.0,6.0,1367.88
14508,32.0,3.0,554.87,21.0,2.0,268.05
14509,190.0,1.0,110.95,,0.0,0.0
14510,31.0,3.0,979.85,,0.0,0.0
14511,,0.0,0.0,10.0,5.0,1314.81
14512,39.0,5.0,940.69,187.0,2.0,275.28
14513,92.0,3.0,332.42,100.0,3.0,455.59000000000003
14514,92.0,6.0,3389.84,60.0,3.0,990.2
14515,43.0,6.0,1647.17,17.0,6.0,2076.89
14516,172.0,1.0,151.17,,0.0,0.0
14517,,0.0,0.0,32.0,2.0,330.45
14518,,0.0,0.0,63.0,1.0,174.37
14519,339.0,2.0,203.14,,0.0,0.0
14520,,0.0,0.0,1.0,2.0,270.6
14521,147.0,1.0,199.45000000000002,,0.0,0.0
14522,251.0,4.0,773.8800000000001,23.0,4.0,974.54
14523,,0.0,0.0,107.0,1.0,241.09
14524,16.0,5.0,1341.48,31.0,8.0,1568.38
14525,17.0,9.0,4264.99,19.0,8.0,3753.6
14526,45.0,1.0,258.65,,0.0,0.0
14527,10.0,70.0,19610.46,2.0,51.0,7580.64
14528,,0.0,0.0,36.0,1.0,364.21999999999997
14529,,0.0,0.0,59.0,3.0,578.61
14530,52.0,10.0,3226.76,25.0,6.0,2862.11
14531,135.0,1.0,376.34,,0.0,0.0
14532,8.0,8.0,3135.53,235.0,3.0,710.25
14533,8.0,5.0,1950.15,24.0,6.0,1516.22
14534,53.0,8.0,1787.41,2.0,18.0,4395.65
14535,51.0,6.0,3107.05,59.0,3.0,2854.84
14536,,0.0,0.0,259.0,1.0,170.95
14537,279.0,1.0,285.84000000000003,57.0,1.0,355.56
14538,186.0,3.0,982.59,64.0,2.0,388.25
14539,,0.0,0.0,15.0,2.0,537.48
14540,35.0,8.0,2756.98,9.0,3.0,952.66
14541,72.0,6.0,1038.03,58.0,8.0,1453.35
14542,,0.0,0.0,185.0,1.0,103.25
14543,20.0,24.0,11242.54,28.0,15.0,3305.68
14544,17.0,2.0,2036.0,23.0,1.0,902.53
14545,330.0,1.0,349.25,,0.0,0.0
14546,32.0,6.0,2610.91,4.0,5.0,2573.93
14547,,0.0,0.0,3.0,8.0,3974.75
14548,140.0,7.0,1888.49,150.0,2.0,652.8
14549,76.0,3.0,624.36,310.0,1.0,289.24
14550,44.0,2.0,587.69,10.0,2.0,757.37
14551,67.0,5.0,691.86,17.0,2.0,186.23
14552,36.0,2.0,343.71,151.0,1.0,164.22
14553,67.0,4.0,959.33,18.0,5.0,859.27
14554,,0.0,0.0,9.0,4.0,2279.4900000000002
14555,37.0,4.0,1991.49,56.0,2.0,312.54
14556,252.0,3.0,815.69,,0.0,0.0
14557,,0.0,0.0,84.0,1.0,788.38
14558,310.0,3.0,655.5,,0.0,0.0
14559,46.0,1.0,75.6,,0.0,0.0
14560,13.0,23.0,4284.43,6.0,21.0,1829.6
14561,,0.0,0.0,75.0,3.0,1080.76
14562,46.0,8.0,1631.38,3.0,18.0,5006.77
14563,165.0,2.0,625.42,,0.0,0.0
14564,90.0,2.0,2605.62,,0.0,0.0
14565,17.0,2.0,1927.51,95.0,3.0,1781.71
14566,73.0,3.0,2660.0,110.0,1.0,1432.0
14567,,0.0,0.0,56.0,2.0,1530.3600000000001
14568,91.0,1.0,919.7,,0.0,0.0
14569,108.0,3.0,369.94,0.0,1.0,227.39
14570,99.0,1.0,295.19,280.0,2.0,217.21
14571,81.0,1.0,160.0,,0.0,0.0
14572,73.0,4.0,2716.44,2.0,7.0,2804.54
14573,28.0,5.0,925.3,179.0,8.0,1237.82
14574,388.0,1.0,143.70000000000002,,0.0,0.0
14575,144.0,1.0,420.22,,0.0,0.0
14576,28.0,1.0,35.400000000000006,,0.0,0.0
14577,18.0,4.0,851.34,12.0,3.0,512.8100000000001
14578,,0.0,0.0,2.0,1.0,168.63
14579,88.0,1.0,105.56,,0.0,0.0
14580,174.0,1.0,14.850000000000001,,0.0,0.0
14581,200.0,1.0,271.05,16.0,1.0,138.6
14582,,0.0,0.0,40.0,1.0,114.11
14583,39.0,3.0,673.33,5.0,5.0,986.96
14584,77.0,4.0,705.1,168.0,4.0,1033.06
14585,38.0,4.0,986.22,49.0,1.0,157.05
14586,,0.0,0.0,276.0,1.0,237.36
14587,,0.0,0.0,18.0,9.0,1580.29
14588,234.0,1.0,135.39,,0.0,0.0
14589,27.0,1.0,39.75,,0.0,0.0
14590,80.0,20.0,2993.37,,0.0,0.0
14591,,0.0,0.0,14.0,4.0,1320.21
14592,,0.0,0.0,34.0,3.0,557.94
14593,53.0,9.0,3040.88,21.0,3.0,617.15
14594,29.0,1.0,255.0,6.0,1.0,108.33
14595,109.0,2.0,423.85,19.0,6.0,1740.6
14596,282.0,1.0,222.22000000000003,,0.0,0.0
14597,35.0,4.0,1318.3899999999999,10.0,2.0,866.24
14598,225.0,1.0,162.07,43.0,1.0,221.97
14599,46.0,2.0,457.89,,0.0,0.0
14600,49.0,1.0,471.84000000000003,305.0,1.0,393.33000000000004
14601,,0.0,0.0,10.0,1.0,213.96
14602,312.0,1.0,205.35999999999999,,0.0,0.0
14603,,0.0,0.0,274.0,1.0,660.0
14604,289.0,1.0,136.35999999999999,,0.0,0.0
14605,30.0,4.0,920.71,,0.0,0.0
14606,8.0,102.0,18956.36,0.0,82.0,10692.39
14607,123.0,8.0,7553.63,15.0,12.0,15021.5
14608,18.0,7.0,1761.79,3.0,3.0,1581.15
14609,46.0,6.0,884.64,71.0,4.0,601.56
14610,51.0,2.0,24.35,,0.0,0.0
14611,99.0,2.0,604.3299999999999,,0.0,0.0
14612,71.0,1.0,877.7,,0.0,0.0
14613,336.0,1.0,76.32000000000001,,0.0,0.0
14614,42.0,1.0,295.13,,0.0,0.0
14615,50.0,5.0,951.76,,0.0,0.0
14616,41.0,2.0,121.7,242.0,3.0,406.08000000000004
14617,58.0,2.0,190.47000000000003,,0.0,0.0
14618,32.0,4.0,788.88,8.0,3.0,553.44
14619,197.0,1.0,896.8000000000001,245.0,1.0,394.44
14620,,0.0,0.0,205.0,2.0,412.78000000000003
14621,14.0,5.0,1517.91,0.0,4.0,1482.66
14622,,0.0,0.0,184.0,1.0,320.58000000000004
14623,36.0,5.0,1130.28,31.0,5.0,882.02
14624,71.0,4.0,588.22,56.0,2.0,225.85
14625,17.0,10.0,4183.78,195.0,1.0,314.1
14626,51.0,7.0,2619.65,23.0,4.0,2791.27
14627,35.0,1.0,462.75,,0.0,0.0
14628,98.0,3.0,1326.04,90.0,2.0,671.96
14629,,0.0,0.0,3.0,2.0,955.26
14630,140.0,1.0,338.65,,0.0,0.0
14631,42.0,3.0,1018.71,50.0,3.0,1006.98
14632,,0.0,0.0,262.0,1.0,114.56
14633,,0.0,0.0,265.0,1.0,344.90000000000003
14634,93.0,4.0,2124.46,,0.0,0.0
14635,109.0,1.0,215.22,,0.0,0.0
14636,,0.0,0.0,35.0,2.0,609.85
14637,333.0,1.0,106.67999999999999,,0.0,0.0
14638,,0.0,0.0,50.0,1.0,443.6
14639,17.0,4.0,2671.01,51.0,5.0,2307.95
14640,65.0,4.0,1541.98,23.0,6.0,2107.38
14641,,0.0,0.0,21.0,1.0,110.46
14642,,0.0,0.0,58.0,1.0,96.12
14643,14.0,4.0,1344.02,169.0,1.0,335.87
14644,70.0,5.0,1416.96,67.0,2.0,830.76
14645,290.0,1.0,279.8,156.0,2.0,597.09
14646,9.0,75.0,256190.38,1.0,71.0,270561.14
14647,179.0,1.0,270.0,200.0,1.0,236.04000000000002
14648,72.0,15.0,4463.39,,0.0,0.0
14649,38.0,5.0,2248.6,4.0,4.0,1402.59
14650,245.0,1.0,62.5,,0.0,0.0
14651,50.0,7.0,1371.77,66.0,2.0,653.75
14652,,0.0,0.0,76.0,1.0,114.18
14653,169.0,4.0,1488.1,0.0,7.0,1916.7
14654,394.0,1.0,246.86,,0.0,0.0
14655,44.0,3.0,1946.28,7.0,4.0,1932.23
14656,71.0,3.0,498.95,168.0,2.0,291.05
14657,85.0,2.0,601.97,17.0,4.0,848.22
14658,,0.0,0.0,4.0,2.0,247.15
14659,,0.0,0.0,8.0,9.0,2529.93
14660,,0.0,0.0,86.0,2.0,285.74
14661,,0.0,0.0,26.0,1.0,107.95
14662,83.0,3.0,635.06,28.0,4.0,741.37
14663,86.0,2.0,490.6,,0.0,0.0
14664,,0.0,0.0,19.0,2.0,636.24
14665,83.0,2.0,913.95,60.0,5.0,1835.7
14666,,0.0,0.0,23.0,1.0,179.95
14667,16.0,34.0,13160.84,10.0,20.0,7198.75
14668,101.0,1.0,111.63,,0.0,0.0
14669,289.0,4.0,1957.54,241.0,3.0,1259.24
14670,388.0,1.0,190.47,279.0,2.0,392.86
14671,205.0,2.0,1127.45,,0.0,0.0
14672,171.0,2.0,347.59,234.0,2.0,765.55
14673,23.0,3.0,1674.41,2.0,4.0,1362.91
14674,165.0,1.0,173.66,,0.0,0.0
14675,44.0,1.0,419.22,15.0,1.0,596.36
14676,50.0,6.0,5808.55,30.0,6.0,2548.2400000000002
14677,248.0,1.0,184.91,,0.0,0.0
14678,235.0,1.0,403.39,,0.0,0.0
14679,37.0,3.0,1289.44,,0.0,0.0
14680,16.0,44.0,29809.79,24.0,14.0,25878.71
14681,43.0,3.0,376.20000000000005,70.0,3.0,498.95
14682,84.0,4.0,1462.81,187.0,2.0,52.0
14683,244.0,1.0,146.56,,0.0,0.0
14684,18.0,2.0,396.88,25.0,4.0,1033.15
14685,232.0,8.0,4536.64,,0.0,0.0
14686,70.0,5.0,852.53,,0.0,0.0
14687,56.0,2.0,773.6800000000001,106.0,1.0,628.38
14688,29.0,8.0,2056.3,7.0,20.0,5134.12
14689,,0.0,0.0,208.0,1.0,112.8
14690,48.0,2.0,422.63,43.0,2.0,355.05
14691,,0.0,0.0,30.0,5.0,2114.33
14692,36.0,8.0,1123.59,136.0,4.0,591.55
14693,81.0,6.0,992.46,264.0,1.0,172.9
14694,273.0,1.0,244.31,,0.0,0.0
14695,175.0,3.0,1534.22,,0.0,0.0
14696,29.0,2.0,688.95,3.0,6.0,1784.33
14697,,0.0,0.0,217.0,2.0,188.60999999999999
14698,,0.0,0.0,1.0,5.0,1217.27
14699,91.0,3.0,593.47,213.0,1.0,109.13000000000001
14700,71.0,2.0,880.96,31.0,3.0,2195.1
14701,98.0,6.0,1961.02,10.0,9.0,2526.09
14702,21.0,13.0,3415.64,0.0,16.0,2941.34
14703,,0.0,0.0,14.0,1.0,318.17
14704,80.0,2.0,258.96,19.0,7.0,1461.6200000000001
14705,,0.0,0.0,198.0,1.0,179.0
14706,274.0,1.0,367.54,,0.0,0.0
14707,91.0,2.0,139.2,,0.0,0.0
14708,24.0,3.0,1085.91,2.0,2.0,707.31
14709,14.0,13.0,4279.39,14.0,12.0,4606.9400000000005
14710,35.0,9.0,1300.31,13.0,4.0,599.48
14711,,0.0,0.0,9.0,11.0,2839.62
14712,74.0,1.0,411.0,28.0,3.0,917.07
14713,14.0,12.0,2879.0099999999998,8.0,9.0,2236.35
14714,63.0,3.0,746.05,23.0,1.0,160.19
14715,98.0,4.0,942.17,24.0,4.0,867.38
14716,100.0,1.0,235.77,42.0,2.0,307.51
14717,389.0,1.0,81.3,,0.0,0.0
14718,66.0,1.0,226.42,,0.0,0.0
14719,,0.0,0.0,1.0,5.0,1581.84
14720,,0.0,0.0,5.0,3.0,663.81
14721,35.0,1.0,109.07,,0.0,0.0
14722,133.0,2.0,309.1,146.0,1.0,180.42000000000002
14723,14.0,8.0,1134.65,9.0,3.0,666.71
14724,246.0,1.0,341.9,,0.0,0.0
14725,50.0,3.0,591.28,24.0,1.0,655.58
14726,310.0,1.0,116.5,,0.0,0.0
14727,202.0,2.0,192.45,273.0,1.0,268.58
14728,69.0,1.0,190.58,,0.0,0.0
14729,29.0,3.0,586.24,,0.0,0.0
14730,,0.0,0.0,0.0,8.0,1897.57
14731,,0.0,0.0,46.0,3.0,380.02
14732,48.0,11.0,2814.58,7.0,8.0,2702.4900000000002
14733,10.0,6.0,9106.46,15.0,9.0,5228.6900000000005
14734,81.0,4.0,1056.42,,0.0,0.0
14735,14.0,25.0,6426.67,3.0,30.0,5798.49
14736,141.0,2.0,374.05,,0.0,0.0
14737,9.0,2.0,2823.62,3.0,2.0,730.55
14738,217.0,2.0,507.45,42.0,7.0,1314.45
14739,23.0,19.0,8385.22,3.0,6.0,3188.4
14740,65.0,8.0,2712.85,196.0,3.0,1448.21
14741,17.0,3.0,808.05,11.0,4.0,905.04
14742,91.0,1.0,579.85,,0.0,0.0
14743,248.0,1.0,50.48,,0.0,0.0
14744,22.0,8.0,2785.1,15.0,6.0,874.98
14745,157.0,7.0,1331.15,112.0,5.0,1220.26
14746,62.0,4.0,593.5,,0.0,0.0
14747,,0.0,0.0,248.0,1.0,328.2
14748,24.0,7.0,1736.57,28.0,3.0,945.33
14749,135.0,1.0,310.15,,0.0,0.0
14750,392.0,1.0,112.03,,0.0,0.0
14751,340.0,2.0,126.45,,0.0,0.0
14752,,0.0,0.0,43.0,1.0,389.64
14753,116.0,1.0,306.36,86.0,1.0,563.15
14754,81.0,4.0,909.88,44.0,2.0,638.05
14755,37.0,14.0,4962.27,9.0,11.0,5010.28
14756,38.0,2.0,1864.8,14.0,1.0,738.96
14757,,0.0,0.0,74.0,1.0,420.5
14758,52.0,3.0,1380.9099999999999,144.0,4.0,1484.06
14759,,0.0,0.0,4.0,3.0,1625.97
14760,,0.0,0.0,296.0,1.0,89.2
14761,100.0,1.0,192.02,58.0,2.0,255.9
14762,282.0,1.0,117.05000000000001,263.0,1.0,300.52
14764,,0.0,0.0,46.0,1.0,278.3
14765,,0.0,0.0,28.0,3.0,254.11
14766,22.0,6.0,4082.76,7.0,5.0,2292.97
14767,130.0,1.0,382.81,,0.0,0.0
14768,,0.0,0.0,16.0,2.0,192.60000000000002
14769,13.0,10.0,5444.14,2.0,7.0,10068.32
14770,123.0,6.0,2761.2200000000003,231.0,2.0,876.42
14771,277.0,2.0,594.62,,0.0,0.0
14772,,0.0,0.0,111.0,1.0,139.26
14773,248.0,1.0,140.55,,0.0,0.0
14774,184.0,1.0,241.45,,0.0,0.0
14775,28.0,1.0,406.56,57.0,2.0,605.3399999999999
14776,43.0,4.0,1170.0,50.0,11.0,2538.3
14777,59.0,1.0,307.56,,0.0,0.0
14778,,0.0,0.0,126.0,2.0,730.86
14779,,0.0,0.0,280.0,3.0,386.15
14780,,0.0,0.0,54.0,2.0,447.68
14782,,0.0,0.0,319.0,1.0,200.10000000000002
14783,315.0,1.0,307.3,,0.0,0.0
14784,45.0,1.0,159.94,25.0,2.0,289.99
14785,,0.0,0.0,9.0,2.0,77.4
14786,206.0,1.0,90.96,,0.0,0.0
14787,127.0,1.0,110.65,,0.0,0.0
14788,252.0,1.0,476.88,6.0,2.0,679.4399999999999
14789,,0.0,0.0,28.0,1.0,197.64
14790,30.0,6.0,1781.56,16.0,4.0,745.06
14791,262.0,1.0,303.63,,0.0,0.0
14792,,0.0,0.0,63.0,1.0,6.2
14793,191.0,1.0,396.91,20.0,1.0,228.99
14794,58.0,3.0,633.99,2.0,7.0,1319.91
14795,,0.0,0.0,165.0,1.0,131.45000000000002
14796,17.0,12.0,3222.66,0.0,15.0,6945.11
14797,163.0,1.0,300.31,,0.0,0.0
14798,37.0,5.0,550.5699999999999,52.0,3.0,173.74
14799,393.0,1.0,180.45,50.0,1.0,157.7
14800,18.0,7.0,4068.14,47.0,10.0,3111.94
14801,,0.0,0.0,60.0,1.0,189.34
14803,,0.0,0.0,161.0,3.0,845.55
14804,,0.0,0.0,8.0,1.0,353.27
14805,60.0,3.0,536.15,14.0,4.0,546.4
14806,95.0,1.0,110.03999999999999,74.0,1.0,193.39000000000001
14807,46.0,2.0,504.14,,0.0,0.0
14808,,0.0,0.0,39.0,8.0,2718.6
14809,277.0,2.0,686.76,,0.0,0.0
14810,25.0,3.0,446.59,40.0,10.0,1907.44
14811,43.0,1.0,170.5,,0.0,0.0
14812,254.0,1.0,178.85,,0.0,0.0
14813,25.0,4.0,888.91,,0.0,0.0
14814,237.0,1.0,152.96,,0.0,0.0
14815,,0.0,0.0,36.0,2.0,778.5
14816,,0.0,0.0,196.0,1.0,271.85
14817,51.0,5.0,2599.52,199.0,2.0,1010.34
14818,114.0,3.0,495.76,73.0,3.0,657.8
14819,150.0,2.0,184.34,63.0,2.0,272.07
14820,36.0,5.0,767.47,20.0,4.0,507.29
14821,22.0,7.0,1230.15,,0.0,0.0
14822,141.0,1.0,157.70000000000002,,0.0,0.0
14823,,0.0,0.0,179.0,3.0,321.43
14824,35.0,6.0,2895.2000000000003,9.0,4.0,1127.71
14825,14.0,14.0,2910.5,3.0,10.0,1824.5800000000002
14826,237.0,2.0,385.2,,0.0,0.0
14828,44.0,10.0,7699.7,196.0,3.0,2139.76
14829,16.0,5.0,1143.65,28.0,2.0,312.21999999999997
14830,,0.0,0.0,52.0,1.0,188.03
14831,336.0,3.0,1676.57,,0.0,0.0
14833,154.0,1.0,94.8,,0.0,0.0
14834,63.0,1.0,485.86,17.0,6.0,1720.3
14835,184.0,2.0,297.0,,0.0,0.0
14836,,0.0,0.0,9.0,3.0,102.44999999999999
14837,98.0,5.0,1810.82,89.0,4.0,1649.5
14838,79.0,2.0,769.9200000000001,,0.0,0.0
14839,74.0,3.0,915.28,,0.0,0.0
14840,195.0,1.0,299.86,267.0,1.0,62.85
14841,14.0,9.0,4262.4,52.0,5.0,2900.6
14842,,0.0,0.0,43.0,4.0,2824.69
14843,92.0,1.0,211.79999999999998,,0.0,0.0
14844,86.0,6.0,3512.62,63.0,4.0,3189.81
14845,255.0,1.0,150.0,,0.0,0.0
14846,83.0,1.0,437.4,,0.0,0.0
14847,63.0,2.0,1039.55,148.0,1.0,309.4
14848,60.0,1.0,310.56,,0.0,0.0
14849,14.0,23.0,8043.96,21.0,20.0,7363.650000000001
14850,73.0,6.0,1445.21,311.0,1.0,325.75
14851,286.0,1.0,318.06,22.0,2.0,511.35
14852,80.0,12.0,3295.7400000000002,57.0,6.0,2836.69
14853,79.0,3.0,901.0699999999999,23.0,2.0,475.8
14854,46.0,4.0,1563.03,77.0,7.0,2740.03
14855,130.0,5.0,5874.65,118.0,2.0,645.65
14856,,0.0,0.0,35.0,3.0,1290.53
14857,98.0,5.0,2478.73,59.0,2.0,1173.12
14858,161.0,1.0,180.75,,0.0,0.0
14859,210.0,1.0,351.9,12.0,4.0,1353.74
14860,,0.0,0.0,18.0,1.0,170.32
14861,36.0,9.0,1254.94,51.0,1.0,125.79
14862,,0.0,0.0,25.0,2.0,841.1999999999999
14863,,0.0,0.0,28.0,1.0,266.76
14865,28.0,3.0,77.52000000000001,6.0,1.0,15.0
14866,22.0,7.0,6450.32,10.0,10.0,14249.72
14867,51.0,13.0,2241.78,185.0,3.0,710.28
14868,36.0,4.0,1230.42,2.0,8.0,2953.59
14869,44.0,4.0,2056.69,8.0,2.0,721.45
14870,69.0,5.0,1511.7,261.0,1.0,327.25
14871,16.0,6.0,847.84,2.0,3.0,380.33
14872,139.0,3.0,816.6,,0.0,0.0
14873,289.0,1.0,334.45,209.0,1.0,519.68
14874,191.0,1.0,116.18,,0.0,0.0
14875,97.0,1.0,1397.08,107.0,2.0,1465.3200000000002
14876,177.0,2.0,256.7,,0.0,0.0
14877,74.0,2.0,425.85,,0.0,0.0
14878,14.0,17.0,2922.42,12.0,8.0,1154.08
14879,340.0,1.0,185.06,,0.0,0.0
14880,,0.0,0.0,76.0,3.0,690.59
14881,,0.0,0.0,19.0,1.0,255.4
14882,46.0,12.0,2956.9500000000003,26.0,2.0,589.7
14883,,0.0,0.0,18.0,6.0,761.59
14884,325.0,1.0,120.6,,0.0,0.0
14885,83.0,2.0,832.8,131.0,1.0,765.3199999999999
14886,,0.0,0.0,252.0,1.0,364.8
14887,,0.0,0.0,78.0,1.0,1862.0
14888,,0.0,0.0,206.0,1.0,369.2
14889,,0.0,0.0,335.0,1.0,135.9
14890,274.0,2.0,691.6,253.0,1.0,125.65
14891,72.0,2.0,552.35,147.0,2.0,554.38
14892,346.0,1.0,202.35000000000002,,0.0,0.0
14893,273.0,1.0,571.76,9.0,2.0,1237.8500000000001
14894,99.0,2.0,837.0600000000001,84.0,1.0,655.75
14895,39.0,18.0,13980.83,7.0,20.0,11138.710000000001
14896,21.0,7.0,1614.45,204.0,1.0,211.55
14897,65.0,4.0,1774.16,7.0,4.0,1366.38
14898,27.0,9.0,2195.14,22.0,5.0,1170.81
14899,51.0,1.0,1331.38,,0.0,0.0
14900,178.0,1.0,13.919999999999998,,0.0,0.0
14901,16.0,6.0,994.76,10.0,6.0,924.24
14902,51.0,2.0,702.96,25.0,1.0,332.66
14903,,0.0,0.0,20.0,5.0,2795.33
14904,64.0,2.0,605.05,1.0,2.0,1025.44
14905,30.0,6.0,1355.24,157.0,2.0,616.15
14907,16.0,12.0,3007.31,2.0,4.0,2540.41
14908,119.0,1.0,104.10000000000001,73.0,1.0,277.8
14909,93.0,3.0,1404.68,,0.0,0.0
14910,,0.0,0.0,2.0,4.0,434.35
14911,7.0,188.0,143578.9,0.0,185.0,128673.89
14912,57.0,3.0,981.7299999999999,16.0,2.0,867.85
14913,15.0,5.0,3146.57,35.0,3.0,926.56
14915,31.0,9.0,1503.77,90.0,2.0,307.48
14916,87.0,4.0,1773.97,70.0,4.0,1268.98
14917,252.0,2.0,1123.75,,0.0,0.0
14918,60.0,7.0,4345.66,115.0,2.0,1610.15
14919,195.0,1.0,359.35,,0.0,0.0
14920,221.0,1.0,629.4,212.0,2.0,977.77
14921,,0.0,0.0,29.0,2.0,1316.07
14922,49.0,2.0,843.74,,0.0,0.0
14923,,0.0,0.0,50.0,1.0,749.1
14924,266.0,2.0,620.96,245.0,1.0,310.05
14926,37.0,2.0,359.4,,0.0,0.0
14927,52.0,1.0,308.2,,0.0,0.0
14928,283.0,1.0,223.91000000000003,,0.0,0.0
14929,77.0,1.0,612.8100000000001,31.0,1.0,223.88
14930,126.0,3.0,2873.77,108.0,3.0,2362.96
14931,,0.0,0.0,4.0,4.0,864.6800000000001
14932,21.0,2.0,566.13,,0.0,0.0
14933,99.0,4.0,1770.0,,0.0,0.0
14934,34.0,3.0,1512.56,81.0,2.0,1890.94
14935,275.0,1.0,1065.12,296.0,1.0,1784.71
14936,46.0,4.0,4273.79,33.0,8.0,8137.02
14937,,0.0,0.0,56.0,3.0,1621.88
14938,218.0,2.0,2322.43,,0.0,0.0
14940,73.0,2.0,531.49,,0.0,0.0
14941,234.0,1.0,182.1,,0.0,0.0
14942,57.0,4.0,746.56,,0.0,0.0
14943,319.0,1.0,107.62,,0.0,0.0
14944,45.0,7.0,3784.42,29.0,12.0,5900.25
14945,69.0,1.0,179.4,,0.0,0.0
14946,,0.0,0.0,13.0,1.0,100.9
14947,44.0,4.0,758.97,71.0,2.0,290.82
14948,,0.0,0.0,22.0,6.0,1101.97
14949,125.0,4.0,515.0,,0.0,0.0
14950,,0.0,0.0,18.0,1.0,371.2
14951,,0.0,0.0,78.0,1.0,311.69
14952,20.0,22.0,10216.02,59.0,10.0,7413.33
14953,74.0,3.0,683.15,24.0,1.0,285.67
14954,359.0,1.0,167.27,11.0,1.0,294.85
14955,388.0,1.0,163.77,,0.0,0.0
14956,77.0,1.0,1325.0,,0.0,0.0
14957,300.0,1.0,203.2,252.0,1.0,58.49
14958,251.0,3.0,458.26,146.0,3.0,483.72999999999996
14959,,0.0,0.0,63.0,4.0,695.42
14960,,0.0,0.0,7.0,2.0,221.27
14961,16.0,15.0,10548.17,10.0,7.0,5861.9800000000005
14962,195.0,3.0,240.21000000000004,270.0,1.0,126.7
14963,35.0,7.0,1651.23,9.0,5.0,1472.34
14964,,0.0,0.0,246.0,1.0,206.21
14965,,0.0,0.0,95.0,2.0,596.09
14966,43.0,5.0,881.24,14.0,1.0,183.02
14967,97.0,5.0,1518.81,49.0,1.0,463.8
14968,114.0,1.0,349.9,29.0,1.0,147.59
14969,359.0,1.0,906.23,,0.0,0.0
14970,65.0,8.0,3327.29,67.0,4.0,1592.06
14971,,0.0,0.0,34.0,3.0,1097.98
14972,37.0,1.0,30.300000000000004,127.0,1.0,114.77
14973,,0.0,0.0,106.0,3.0,1314.45
14974,,0.0,0.0,36.0,1.0,89.94
14975,77.0,1.0,192.45,56.0,1.0,279.94
14976,,0.0,0.0,56.0,6.0,774.86
14977,381.0,1.0,31.929999999999996,,0.0,0.0
14978,86.0,5.0,1190.82,71.0,5.0,1921.3700000000001
14979,391.0,1.0,429.66,,0.0,0.0
14980,393.0,1.0,150.68,,0.0,0.0
14981,79.0,1.0,270.8,245.0,1.0,102.12
14982,228.0,1.0,234.88,,0.0,0.0
14983,345.0,1.0,183.20000000000002,,0.0,0.0
14984,44.0,4.0,1058.1399999999999,18.0,2.0,202.37
14985,14.0,1.0,119.77,197.0,1.0,172.24
14986,32.0,2.0,563.1,,0.0,0.0
14987,21.0,7.0,1387.4499999999998,15.0,1.0,163.2
14988,36.0,6.0,1704.11,211.0,1.0,334.54
14989,317.0,1.0,342.4,,0.0,0.0
14990,268.0,2.0,304.17,,0.0,0.0
14991,86.0,1.0,314.67,,0.0,0.0
14992,98.0,1.0,210.5,,0.0,0.0
14993,219.0,1.0,36.13,,0.0,0.0
14994,38.0,5.0,942.77,,0.0,0.0
14995,,0.0,0.0,38.0,2.0,231.98000000000002
14996,137.0,2.0,442.28999999999996,,0.0,0.0
14997,311.0,1.0,230.4,45.0,3.0,546.1999999999999
14998,84.0,2.0,338.31,169.0,2.0,414.87
14999,248.0,1.0,129.48000000000002,,0.0,0.0
15000,,0.0,0.0,47.0,1.0,490.52
15001,50.0,2.0,197.10999999999999,,0.0,0.0
15002,23.0,6.0,3127.9700000000003,115.0,3.0,1010.11
15003,129.0,6.0,1027.03,,0.0,0.0
15004,,0.0,0.0,146.0,1.0,1220.38
15005,15.0,30.0,7929.32,15.0,26.0,5823.26
15006,109.0,1.0,277.4,50.0,1.0,475.43
15007,,0.0,0.0,158.0,1.0,156.91
15008,136.0,2.0,360.0,,0.0,0.0
15009,,0.0,0.0,11.0,3.0,1259.43
15010,,0.0,0.0,35.0,1.0,308.94
15011,51.0,2.0,416.6,,0.0,0.0
15012,29.0,2.0,429.78,53.0,1.0,216.48
15013,143.0,10.0,1610.82,,0.0,0.0
15014,,0.0,0.0,42.0,2.0,257.67
15015,157.0,13.0,2344.47,,0.0,0.0
15016,49.0,4.0,450.85,172.0,1.0,170.04
15017,,0.0,0.0,33.0,1.0,125.58
15018,23.0,1.0,111.25,38.0,2.0,384.96
15019,,0.0,0.0,266.0,1.0,252.81
15020,35.0,1.0,198.47,,0.0,0.0
15021,22.0,4.0,826.91,8.0,8.0,1673.68
15022,333.0,1.0,281.05,11.0,4.0,852.39
15023,25.0,10.0,5283.39,2.0,10.0,6272.11
15024,23.0,8.0,2414.18,9.0,8.0,1145.21
15025,224.0,1.0,609.88,32.0,1.0,361.96
15026,31.0,2.0,579.89,79.0,3.0,464.2
15027,51.0,6.0,2129.45,30.0,4.0,1066.1499999999999
15028,24.0,3.0,521.78,7.0,3.0,441.16
15029,275.0,1.0,365.1,,0.0,0.0
15030,36.0,6.0,1461.63,71.0,2.0,518.28
15031,50.0,10.0,2449.75,3.0,4.0,653.19
15032,22.0,7.0,8821.55,255.0,1.0,2188.5
15033,,0.0,0.0,4.0,10.0,2553.88
15034,9.0,7.0,4777.44,15.0,7.0,3453.76
15035,,0.0,0.0,89.0,1.0,252.73000000000002
15036,,0.0,0.0,71.0,3.0,429.56
15037,32.0,2.0,397.76,,0.0,0.0
15038,25.0,4.0,579.67,58.0,5.0,566.86
15039,16.0,48.0,20666.55,9.0,45.0,18474.93
15040,197.0,1.0,7.49,,0.0,0.0
15041,100.0,1.0,109.05,169.0,1.0,179.93
15042,251.0,1.0,179.52,198.0,1.0,135.93
15043,119.0,5.0,2318.3199999999997,30.0,1.0,537.0
15044,8.0,19.0,10223.83,18.0,13.0,5545.18
15045,,0.0,0.0,151.0,2.0,735.66
15046,81.0,10.0,2533.37,8.0,15.0,5071.47
15047,,0.0,0.0,269.0,1.0,343.62
15048,24.0,1.0,98.7,64.0,3.0,282.3
15049,,0.0,0.0,273.0,1.0,121.17000000000002
15050,77.0,2.0,2349.5,24.0,3.0,1737.69
15051,35.0,6.0,2543.55,22.0,3.0,1383.3600000000001
15052,,0.0,0.0,318.0,1.0,207.73000000000002
15053,,0.0,0.0,4.0,3.0,693.95
15054,,0.0,0.0,11.0,2.0,302.1
15055,130.0,3.0,549.12,,0.0,0.0
15056,176.0,1.0,113.64999999999999,,0.0,0.0
15057,99.0,3.0,1766.46,274.0,2.0,1489.5
15058,32.0,5.0,1285.04,24.0,11.0,2102.54
15059,32.0,10.0,2152.68,40.0,9.0,1337.72
15060,,0.0,0.0,7.0,4.0,293.0
15061,15.0,91.0,91804.09,3.0,36.0,34583.479999999996
15062,15.0,5.0,1806.8400000000001,70.0,3.0,778.78
15063,,0.0,0.0,212.0,1.0,370.79999999999995
15064,66.0,4.0,1154.41,,0.0,0.0
15065,66.0,1.0,168.73,37.0,4.0,3158.13
15066,,0.0,0.0,52.0,1.0,893.59
15067,69.0,2.0,2118.12,77.0,3.0,1744.76
15068,74.0,2.0,621.54,45.0,2.0,553.36
15069,,0.0,0.0,178.0,1.0,1109.53
15070,28.0,3.0,737.0500000000001,,0.0,0.0
15071,42.0,2.0,473.49,93.0,2.0,982.07
15072,135.0,1.0,187.51999999999998,,0.0,0.0
15073,56.0,5.0,1744.61,9.0,3.0,1043.41
15074,85.0,2.0,817.46,104.0,1.0,735.67
15075,,0.0,0.0,77.0,1.0,773.03
15076,148.0,2.0,566.89,172.0,1.0,880.85
15077,150.0,2.0,2428.08,,0.0,0.0
15078,10.0,24.0,8352.27,6.0,28.0,8924.460000000001
15079,21.0,8.0,2871.74,212.0,3.0,753.66
15080,83.0,2.0,546.25,,0.0,0.0
15081,23.0,8.0,1460.92,21.0,4.0,393.65
15082,324.0,1.0,93.35000000000001,,0.0,0.0
15083,,0.0,0.0,256.0,1.0,88.2
15084,35.0,2.0,965.2,,0.0,0.0
15085,385.0,1.0,347.54,,0.0,0.0
15086,220.0,2.0,218.53,,0.0,0.0
15087,,0.0,0.0,281.0,1.0,306.94
15088,,0.0,0.0,20.0,2.0,1160.07
15089,,0.0,0.0,9.0,6.0,2420.84
15090,,0.0,0.0,307.0,1.0,381.32
15091,330.0,2.0,565.9,67.0,1.0,480.71
15092,118.0,1.0,318.65,214.0,2.0,457.81
15093,28.0,18.0,9729.09,17.0,5.0,3973.29
15094,119.0,2.0,83.0,,0.0,0.0
15095,76.0,6.0,1771.04,103.0,4.0,1370.6
15096,,0.0,0.0,42.0,1.0,219.39000000000001
15097,239.0,2.0,660.27,3.0,1.0,248.08
15098,,0.0,0.0,181.0,3.0,39916.5
15099,,0.0,0.0,83.0,1.0,410.48
15100,22.0,6.0,2018.6999999999998,333.0,1.0,175.2
15101,15.0,5.0,1262.69,8.0,1.0,215.25
15102,186.0,2.0,554.67,,0.0,0.0
15103,,0.0,0.0,30.0,2.0,703.36
15104,,0.0,0.0,196.0,2.0,993.54
15105,86.0,2.0,795.98,17.0,7.0,2298.93
15106,,0.0,0.0,17.0,5.0,1422.52
15107,16.0,5.0,681.9,310.0,4.0,142.45
15108,,0.0,0.0,141.0,3.0,1159.25
15109,235.0,2.0,498.15000000000003,245.0,1.0,484.95
15110,59.0,2.0,509.75,23.0,4.0,996.1
15111,28.0,3.0,1163.39,28.0,2.0,1278.98
15112,267.0,1.0,209.4,,0.0,0.0
15113,,0.0,0.0,9.0,3.0,3509.04
15114,39.0,2.0,639.56,29.0,10.0,2760.56
15115,388.0,1.0,191.74,17.0,1.0,340.11
15116,,0.0,0.0,17.0,4.0,1352.75
15117,104.0,3.0,934.19,14.0,5.0,1551.78
15118,,0.0,0.0,133.0,1.0,244.8
15119,,0.0,0.0,245.0,1.0,266.4
15120,,0.0,0.0,133.0,1.0,358.82
15121,,0.0,0.0,49.0,2.0,457.72
15122,78.0,8.0,2853.4900000000002,113.0,3.0,1633.78
15123,77.0,3.0,2456.86,6.0,2.0,2199.31
15124,132.0,2.0,266.63,22.0,2.0,184.19
15125,135.0,9.0,5496.39,24.0,15.0,11528.48
15126,192.0,2.0,449.49,,0.0,0.0
15127,175.0,1.0,304.97,65.0,1.0,406.53
15128,86.0,1.0,312.68,59.0,4.0,1471.0
15129,41.0,12.0,3412.78,49.0,11.0,3447.4
15130,,0.0,0.0,169.0,1.0,330.11
15131,50.0,1.0,80.28,,0.0,0.0
15132,,0.0,0.0,17.0,5.0,977.9300000000001
15133,38.0,2.0,824.48,127.0,3.0,982.42
15134,37.0,2.0,208.3,14.0,8.0,1387.99
15135,212.0,1.0,166.63,238.0,1.0,139.05
15136,,0.0,0.0,2.0,4.0,1286.7
15137,176.0,2.0,823.4,,0.0,0.0
15138,49.0,1.0,502.52,,0.0,0.0
15139,,0.0,0.0,239.0,2.0,178.96
15140,98.0,1.0,889.44,51.0,7.0,2354.25
15141,113.0,7.0,1388.47,,0.0,0.0
15142,66.0,5.0,2121.18,45.0,1.0,498.74
15143,88.0,1.0,304.18,225.0,1.0,259.45
15144,35.0,12.0,5579.87,7.0,17.0,6580.44
15145,,0.0,0.0,3.0,4.0,1194.73
15146,,0.0,0.0,164.0,2.0,1327.16
15147,,0.0,0.0,239.0,1.0,623.5
15148,,0.0,0.0,10.0,1.0,301.29
15149,233.0,3.0,1003.8100000000001,133.0,1.0,520.8000000000001
15150,112.0,3.0,3686.61,16.0,10.0,5291.33
15151,79.0,2.0,2085.61,,0.0,0.0
15152,357.0,1.0,518.14,9.0,13.0,4745.69
15153,,0.0,0.0,30.0,1.0,329.25
15154,134.0,2.0,1089.44,74.0,1.0,254.28
15155,39.0,1.0,383.96999999999997,,0.0,0.0
15156,,0.0,0.0,0.0,3.0,961.49
15157,14.0,3.0,1803.5,3.0,2.0,850.61
15158,57.0,1.0,204.62,44.0,1.0,401.40000000000003
15159,17.0,6.0,5336.7,1.0,28.0,16780.03
15160,13.0,4.0,589.27,,0.0,0.0
15161,44.0,1.0,119.92,,0.0,0.0
15162,387.0,1.0,312.9,,0.0,0.0
15163,,0.0,0.0,17.0,2.0,304.47
15164,45.0,6.0,1203.53,68.0,3.0,824.58
15165,29.0,1.0,487.75,,0.0,0.0
15166,123.0,1.0,167.16,,0.0,0.0
15167,63.0,4.0,1468.82,320.0,1.0,158.8
15168,,0.0,0.0,25.0,1.0,106.56
15169,38.0,2.0,569.22,,0.0,0.0
15170,62.0,1.0,81.15,,0.0,0.0
15171,,0.0,0.0,330.0,1.0,1289.5
15172,,0.0,0.0,8.0,5.0,1624.05
15173,36.0,7.0,1494.6,,0.0,0.0
15174,66.0,1.0,345.71,322.0,1.0,135.75
15175,,0.0,0.0,71.0,1.0,224.14
15176,323.0,1.0,988.04,,0.0,0.0
15177,81.0,1.0,948.93,,0.0,0.0
15178,,0.0,0.0,259.0,1.0,40.5
15179,48.0,8.0,5284.97,17.0,5.0,2206.95
15180,23.0,3.0,816.9300000000001,,0.0,0.0
15181,76.0,2.0,510.72,65.0,3.0,689.4799999999999
15182,41.0,9.0,2376.1,153.0,2.0,622.85
15183,203.0,3.0,639.93,,0.0,0.0
15184,43.0,2.0,283.19,28.0,2.0,402.2
15185,,0.0,0.0,69.0,1.0,310.62
15186,130.0,3.0,991.7900000000001,13.0,2.0,411.41
15187,,0.0,0.0,1.0,15.0,4762.18
15188,381.0,1.0,310.43,,0.0,0.0
15189,37.0,5.0,1298.99,0.0,41.0,16225.39
15190,90.0,1.0,834.4399999999999,,0.0,0.0
15191,119.0,3.0,588.05,,0.0,0.0
15192,21.0,3.0,937.07,119.0,2.0,729.32
15193,,0.0,0.0,60.0,1.0,499.32
15194,14.0,16.0,5963.99,2.0,12.0,6057.54
15195,,0.0,0.0,2.0,1.0,3861.0
15196,88.0,2.0,313.7,,0.0,0.0
15197,14.0,4.0,1354.4,10.0,2.0,523.11
15198,64.0,3.0,377.71,91.0,2.0,193.64
15199,30.0,6.0,1853.7,58.0,4.0,1268.7
15200,150.0,1.0,549.05,,0.0,0.0
15201,95.0,2.0,606.4100000000001,86.0,5.0,1236.54
15203,46.0,9.0,2572.38,25.0,6.0,1827.8
15204,13.0,1.0,316.58,,0.0,0.0
15205,,0.0,0.0,84.0,2.0,653.24
15206,,0.0,0.0,9.0,4.0,420.29999999999995
15207,72.0,3.0,683.9200000000001,,0.0,0.0
15208,9.0,2.0,165.8,0.0,4.0,804.72
15209,386.0,1.0,178.98000000000002,,0.0,0.0
15210,34.0,2.0,845.01,224.0,1.0,331.18
15211,21.0,1.0,383.07,59.0,1.0,511.34000000000003
15212,32.0,1.0,106.47999999999999,240.0,1.0,101.8
15213,,0.0,0.0,318.0,2.0,328.35
15214,,0.0,0.0,1.0,8.0,1661.44
15215,49.0,4.0,1687.49,46.0,3.0,734.94
15216,274.0,1.0,389.49,87.0,1.0,96.6
15217,219.0,1.0,426.24,,0.0,0.0
15218,45.0,11.0,5696.9400000000005,10.0,11.0,5756.89
15219,304.0,1.0,379.7,175.0,1.0,305.75
15220,,0.0,0.0,51.0,6.0,1778.96
15221,22.0,4.0,2062.2000000000003,,0.0,0.0
15222,128.0,10.0,2965.91,318.0,1.0,585.0
15223,265.0,3.0,662.2,225.0,2.0,755.75
15224,14.0,5.0,871.36,,0.0,0.0
15225,,0.0,0.0,233.0,1.0,409.40000000000003
15226,,0.0,0.0,310.0,1.0,154.41
15227,52.0,4.0,1269.0900000000001,36.0,5.0,1219.4
15228,84.0,2.0,2193.56,65.0,4.0,3386.71
15229,242.0,1.0,160.5,,0.0,0.0
15230,,0.0,0.0,238.0,2.0,429.6
15231,277.0,1.0,250.26,,0.0,0.0
15232,,0.0,0.0,112.0,2.0,612.06
15233,57.0,1.0,59.400000000000006,,0.0,0.0
15234,,0.0,0.0,276.0,1.0,197.0
15235,7.0,7.0,1219.89,217.0,9.0,1552.8700000000001
15236,,0.0,0.0,298.0,1.0,321.05
15237,,0.0,0.0,1.0,4.0,1412.32
15238,,0.0,0.0,28.0,3.0,1071.99
15239,,0.0,0.0,9.0,2.0,780.59
15240,30.0,7.0,2753.41,44.0,5.0,1706.57
15241,86.0,3.0,1293.72,66.0,8.0,1756.44
15242,78.0,1.0,302.04,,0.0,0.0
15243,91.0,1.0,610.6,73.0,1.0,316.68
15244,322.0,1.0,280.51,64.0,2.0,631.57
15245,58.0,5.0,2095.0,133.0,3.0,2515.84
15246,14.0,2.0,452.25,237.0,1.0,328.15000000000003
15247,133.0,2.0,620.06,121.0,1.0,356.0
15248,67.0,3.0,1893.93,,0.0,0.0
15249,86.0,5.0,2577.54,31.0,13.0,6688.46
15250,296.0,1.0,60.0,,0.0,0.0
15251,70.0,10.0,9839.55,8.0,11.0,10484.99
15252,77.0,3.0,1362.63,35.0,2.0,740.78
15253,59.0,3.0,1136.89,15.0,5.0,918.1999999999999
15254,202.0,2.0,787.99,126.0,1.0,300.36
15255,52.0,8.0,2815.17,66.0,1.0,890.85
15256,217.0,1.0,71.95,148.0,1.0,98.45
15257,70.0,1.0,368.75,282.0,1.0,317.15
15258,,0.0,0.0,168.0,2.0,623.16
15259,168.0,4.0,1182.3799999999999,,0.0,0.0
15260,28.0,20.0,7377.46,99.0,5.0,1390.27
15261,37.0,3.0,1253.18,134.0,1.0,254.82
15262,36.0,2.0,239.87,323.0,1.0,178.95000000000002
15263,,0.0,0.0,106.0,1.0,156.51
15264,186.0,1.0,454.66,63.0,1.0,393.74
15265,260.0,2.0,1839.52,150.0,2.0,1506.1200000000001
15266,35.0,4.0,732.91,337.0,1.0,119.3
15267,,0.0,0.0,21.0,5.0,1717.36
15268,134.0,3.0,961.9000000000001,,0.0,0.0
15269,36.0,2.0,816.56,23.0,1.0,408.8
15270,56.0,14.0,6145.37,15.0,7.0,2379.49
15271,21.0,10.0,2146.95,6.0,14.0,2381.59
15272,106.0,4.0,1309.01,56.0,2.0,721.94
15273,255.0,1.0,228.96,,0.0,0.0
15274,,0.0,0.0,3.0,2.0,716.57
15275,,0.0,0.0,37.0,1.0,615.14
15276,50.0,3.0,491.17,65.0,1.0,128.63
15277,81.0,1.0,220.44,46.0,1.0,255.89999999999998
15278,217.0,4.0,496.15999999999997,,0.0,0.0
15279,10.0,5.0,1580.54,,0.0,0.0
15280,144.0,2.0,284.4,171.0,1.0,113.12
15281,34.0,7.0,6211.42,58.0,9.0,2332.15
15282,226.0,1.0,348.59,,0.0,0.0
15283,46.0,3.0,148.33,,0.0,0.0
15284,156.0,1.0,24.75,,0.0,0.0
15285,63.0,1.0,94.92,,0.0,0.0
15286,,0.0,0.0,49.0,1.0,240.55
15287,35.0,3.0,369.34000000000003,21.0,2.0,486.69
15288,21.0,6.0,1565.66,42.0,4.0,2140.87
15289,114.0,2.0,653.3100000000001,28.0,3.0,939.78
15290,15.0,9.0,2772.66,4.0,17.0,7723.62
15291,13.0,27.0,9498.36,25.0,12.0,3974.4
15292,,0.0,0.0,200.0,1.0,178.39
15293,321.0,1.0,247.5,,0.0,0.0
15294,66.0,1.0,233.35,,0.0,0.0
15295,310.0,1.0,207.04,,0.0,0.0
15296,76.0,6.0,6650.17,50.0,6.0,3672.86
15297,,0.0,0.0,9.0,3.0,641.94
15298,22.0,12.0,4659.47,1.0,11.0,4402.3
15299,28.0,6.0,3484.5299999999997,66.0,3.0,2072.0
15300,,0.0,0.0,63.0,1.0,496.44
15301,24.0,6.0,2533.09,50.0,11.0,4376.58
15302,386.0,1.0,308.0,,0.0,0.0
15303,221.0,2.0,650.16,289.0,1.0,574.02
15304,24.0,2.0,225.15,60.0,7.0,571.25
15305,211.0,1.0,93.6,,0.0,0.0
15306,156.0,6.0,2310.38,63.0,3.0,1174.35
15307,,0.0,0.0,95.0,1.0,205.3
15308,,0.0,0.0,273.0,1.0,310.47
15309,266.0,4.0,797.96,,0.0,0.0
15310,134.0,1.0,1634.64,,0.0,0.0
15311,7.0,125.0,56698.68,0.0,82.0,57972.74
15312,10.0,9.0,2295.08,74.0,3.0,635.11
15313,,0.0,0.0,109.0,1.0,52.0
15314,69.0,2.0,492.47999999999996,198.0,1.0,327.97
15315,,0.0,0.0,63.0,2.0,570.5
15316,,0.0,0.0,326.0,1.0,165.0
15317,333.0,1.0,129.75,,0.0,0.0
15318,,0.0,0.0,3.0,1.0,312.62
15319,,0.0,0.0,283.0,1.0,204.5
15320,,0.0,0.0,43.0,1.0,267.13
15321,93.0,9.0,3961.42,70.0,3.0,2748.31
15322,132.0,1.0,711.18,85.0,1.0,679.68
15323,218.0,3.0,434.6,,0.0,0.0
15324,357.0,1.0,140.22000000000003,,0.0,0.0
15325,51.0,7.0,1439.72,103.0,1.0,161.74
15326,265.0,4.0,1388.81,333.0,1.0,311.71
15327,,0.0,0.0,52.0,1.0,208.75
15328,63.0,1.0,107.24,,0.0,0.0
15329,30.0,8.0,1909.13,38.0,3.0,1049.7
15330,,0.0,0.0,31.0,2.0,714.96
15331,155.0,3.0,767.91,,0.0,0.0
15332,22.0,6.0,4892.68,,0.0,0.0
15333,,0.0,0.0,207.0,1.0,1028.56
15334,,0.0,0.0,156.0,3.0,347.87
15335,,0.0,0.0,53.0,1.0,170.22
15336,57.0,1.0,240.5,,0.0,0.0
15337,67.0,1.0,373.02,,0.0,0.0
15338,333.0,1.0,277.93,,0.0,0.0
15339,77.0,5.0,1246.95,65.0,2.0,574.07
15340,217.0,1.0,105.5,,0.0,0.0
15341,105.0,1.0,382.2,80.0,1.0,2020.52
15342,,0.0,0.0,129.0,1.0,406.09
15343,,0.0,0.0,86.0,1.0,364.5
15344,,0.0,0.0,0.0,3.0,563.94
15345,,0.0,0.0,45.0,1.0,393.54
15346,81.0,2.0,343.7,332.0,1.0,252.42000000000002
15347,22.0,4.0,1162.0,,0.0,0.0
15348,,0.0,0.0,71.0,1.0,158.04
15349,,0.0,0.0,157.0,2.0,463.90999999999997
15350,29.0,2.0,547.6,,0.0,0.0
15351,25.0,4.0,1770.23,11.0,6.0,1659.99
15352,204.0,1.0,111.15,,0.0,0.0
15353,23.0,6.0,2336.0,254.0,1.0,458.47
15355,,0.0,0.0,28.0,2.0,277.05
15356,16.0,5.0,860.46,30.0,8.0,2379.11
15358,21.0,22.0,8703.210000000001,4.0,20.0,7722.65
15359,318.0,8.0,181.35,,0.0,0.0
15360,,0.0,0.0,39.0,1.0,427.93
15361,17.0,4.0,689.07,,0.0,0.0
15362,104.0,2.0,613.08,,0.0,0.0
15363,28.0,2.0,678.11,,0.0,0.0
15364,,0.0,0.0,95.0,2.0,913.19
15365,59.0,6.0,2242.81,25.0,7.0,2314.32
15366,14.0,6.0,1892.11,74.0,1.0,496.97
15367,74.0,7.0,3203.74,56.0,4.0,1877.59
15368,50.0,1.0,275.8,20.0,1.0,446.94000000000005
15369,148.0,11.0,6251.26,,0.0,0.0
15370,66.0,1.0,1352.96,40.0,7.0,2386.05
15371,318.0,1.0,59.400000000000006,,0.0,0.0
15372,106.0,7.0,4009.66,136.0,1.0,2007.3999999999999
15373,15.0,7.0,1205.73,7.0,10.0,1878.81
15374,280.0,1.0,139.32,128.0,1.0,168.0
15375,346.0,1.0,60.959999999999994,,0.0,0.0
15376,,0.0,0.0,39.0,3.0,1221.56
15377,38.0,4.0,1211.75,,0.0,0.0
15378,118.0,2.0,246.5,,0.0,0.0
15379,14.0,2.0,2666.01,168.0,6.0,2211.83
15380,21.0,7.0,1788.8,8.0,4.0,1460.16
15381,79.0,3.0,1293.72,213.0,2.0,596.85
15382,30.0,6.0,7777.84,14.0,6.0,5955.71
15384,15.0,3.0,1688.95,169.0,1.0,338.84
15385,48.0,2.0,625.2,39.0,1.0,316.88
15386,,0.0,0.0,185.0,1.0,394.14
15387,148.0,1.0,468.65,,0.0,0.0
15388,,0.0,0.0,269.0,1.0,140.54
15389,56.0,4.0,2233.8,171.0,1.0,500.0
15390,52.0,2.0,1216.66,,0.0,0.0
15391,240.0,1.0,289.87,,0.0,0.0
15392,16.0,4.0,1715.07,4.0,3.0,1196.55
15393,223.0,3.0,659.48,15.0,2.0,231.86
15394,14.0,8.0,3690.92,9.0,3.0,1595.88
15395,,0.0,0.0,325.0,1.0,107.45
15396,239.0,1.0,508.20000000000005,112.0,1.0,288.18
15397,,0.0,0.0,289.0,1.0,94.0
15398,,0.0,0.0,15.0,2.0,1345.53
15399,,0.0,0.0,0.0,3.0,815.77
15400,76.0,3.0,586.1,91.0,5.0,716.2
15401,108.0,2.0,216.95000000000002,,0.0,0.0
15402,43.0,4.0,1203.77,148.0,2.0,626.35
15403,147.0,2.0,170.88,,0.0,0.0
15404,31.0,1.0,257.06,,0.0,0.0
15405,232.0,1.0,310.74,188.0,1.0,349.1
15406,109.0,2.0,465.15999999999997,30.0,2.0,510.71000000000004
15407,,0.0,0.0,33.0,4.0,1046.74
15408,,0.0,0.0,263.0,1.0,267.18
15409,377.0,1.0,131.25,,0.0,0.0
15410,224.0,2.0,1234.88,83.0,8.0,3450.84
15411,,0.0,0.0,25.0,4.0,1348.93
15412,,0.0,0.0,170.0,1.0,190.53
15413,347.0,5.0,6798.72,,0.0,0.0
15414,,0.0,0.0,9.0,3.0,774.9000000000001
15415,,0.0,0.0,312.0,1.0,559.61
15416,134.0,3.0,588.5,64.0,4.0,3984.32
15417,,0.0,0.0,84.0,1.0,508.8
15418,81.0,2.0,449.42,,0.0,0.0
15419,,0.0,0.0,24.0,1.0,135.86
15420,90.0,6.0,743.0,,0.0,0.0
15421,41.0,6.0,2854.98,58.0,4.0,950.36
15422,35.0,5.0,1522.27,322.0,2.0,97.7
15423,237.0,2.0,223.39,37.0,1.0,43.5
15424,119.0,1.0,214.44,253.0,2.0,383.34
15425,56.0,4.0,1941.1200000000001,,0.0,0.0
15426,25.0,5.0,1134.85,18.0,4.0,1021.5
15427,,0.0,0.0,32.0,3.0,1430.54
15428,43.0,3.0,668.97,14.0,1.0,93.78
15429,,0.0,0.0,26.0,2.0,397.35
15430,123.0,2.0,954.75,,0.0,0.0
15431,158.0,1.0,153.24,,0.0,0.0
15432,197.0,1.0,149.57,22.0,1.0,171.19
15433,,0.0,0.0,213.0,2.0,533.3
15434,30.0,6.0,1525.5800000000002,7.0,5.0,1041.48
15435,,0.0,0.0,21.0,1.0,149.29
15436,,0.0,0.0,11.0,3.0,1067.75
15437,296.0,1.0,193.29000000000002,261.0,1.0,200.16
15438,,0.0,0.0,130.0,1.0,156.57999999999998
15439,60.0,4.0,1269.05,,0.0,0.0
15440,,0.0,0.0,54.0,3.0,383.68
15441,52.0,3.0,1254.21,,0.0,0.0
15442,,0.0,0.0,248.0,1.0,594.0
15443,130.0,7.0,1900.64,1.0,7.0,3213.59
15444,,0.0,0.0,8.0,2.0,1411.21
15445,246.0,1.0,171.0,263.0,1.0,113.5
15446,32.0,3.0,396.75,,0.0,0.0
15447,183.0,4.0,337.71000000000004,330.0,1.0,155.17
15448,330.0,1.0,294.17,312.0,1.0,494.64
15449,,0.0,0.0,25.0,3.0,974.52
15450,,0.0,0.0,29.0,1.0,429.84
15451,90.0,2.0,226.86,,0.0,0.0
15452,46.0,3.0,1256.63,29.0,3.0,528.48
15453,,0.0,0.0,1.0,7.0,1371.77
15454,18.0,2.0,303.89,,0.0,0.0
15455,253.0,1.0,38.25,,0.0,0.0
15456,15.0,8.0,1888.15,282.0,2.0,203.37
15457,,0.0,0.0,261.0,1.0,237.07
15458,58.0,1.0,208.79999999999998,24.0,1.0,161.64
15459,73.0,2.0,202.82999999999998,,0.0,0.0
15460,10.0,1.0,214.26,,0.0,0.0
15461,116.0,2.0,429.7,,0.0,0.0
15462,101.0,1.0,502.45,93.0,3.0,234.6
15463,,0.0,0.0,28.0,1.0,126.14
15464,,0.0,0.0,337.0,1.0,1044.65
15465,15.0,16.0,5613.63,19.0,16.0,6486.7699999999995
15466,45.0,3.0,1225.93,84.0,1.0,334.53
15467,,0.0,0.0,8.0,3.0,524.88
15468,48.0,1.0,962.97,50.0,2.0,467.51
15469,94.0,1.0,335.7,49.0,2.0,538.55
15470,231.0,1.0,63.419999999999995,,0.0,0.0
15471,36.0,2.0,837.53,1.0,1.0,454.48
15472,,0.0,0.0,112.0,1.0,371.56
15473,100.0,1.0,274.8,13.0,7.0,1771.2
15474,251.0,1.0,150.35,,0.0,0.0
15475,,0.0,0.0,76.0,1.0,454.10999999999996
15476,36.0,4.0,2209.98,,0.0,0.0
15477,305.0,1.0,368.4,,0.0,0.0
15478,231.0,1.0,541.06,39.0,2.0,1399.92
15479,389.0,1.0,147.4,,0.0,0.0
15480,125.0,2.0,2686.75,115.0,1.0,905.5
15481,57.0,1.0,1993.34,,0.0,0.0
15482,14.0,9.0,4086.04,15.0,9.0,10291.32
15483,41.0,6.0,585.42,160.0,4.0,225.26
15484,196.0,2.0,1061.69,0.0,4.0,3590.41
15485,29.0,5.0,3186.01,29.0,2.0,1624.91
15486,183.0,1.0,102.0,,0.0,0.0
15487,335.0,1.0,231.32,,0.0,0.0
15488,112.0,4.0,340.6,92.0,1.0,91.32000000000001
15489,56.0,5.0,1285.3300000000002,22.0,3.0,1134.28
15490,86.0,1.0,210.85,,0.0,0.0
15491,,0.0,0.0,94.0,6.0,3100.09
15492,,0.0,0.0,27.0,2.0,659.4599999999999
15493,45.0,4.0,2159.78,32.0,5.0,1953.41
15494,134.0,3.0,2422.02,20.0,2.0,1280.58
15495,35.0,1.0,246.5,,0.0,0.0
15496,287.0,1.0,146.14000000000001,,0.0,0.0
15497,38.0,7.0,7395.19,17.0,2.0,1262.2
15498,22.0,19.0,12633.18,2.0,25.0,12339.68
15499,379.0,1.0,158.65,,0.0,0.0
15500,,0.0,0.0,7.0,4.0,1131.56
15501,60.0,2.0,399.95,,0.0,0.0
15502,24.0,5.0,3548.34,15.0,7.0,5994.58
15503,18.0,2.0,257.3,,0.0,0.0
15504,176.0,3.0,338.62,80.0,1.0,52.83
15505,,0.0,0.0,52.0,5.0,3610.96
15506,37.0,3.0,1058.25,22.0,3.0,972.08
15507,,0.0,0.0,171.0,1.0,475.86
15508,,0.0,0.0,188.0,6.0,1000.27
15509,36.0,1.0,152.41,,0.0,0.0
15510,,0.0,0.0,330.0,1.0,250.0
15511,,0.0,0.0,11.0,5.0,900.53
15512,15.0,3.0,311.78,155.0,1.0,19.799999999999997
15513,21.0,18.0,12992.33,32.0,17.0,13444.720000000001
15514,16.0,11.0,4189.27,11.0,7.0,2199.01
15515,43.0,1.0,171.81,,0.0,0.0
15516,,0.0,0.0,44.0,3.0,62.43
15517,,0.0,0.0,232.0,1.0,267.03
15518,35.0,7.0,2268.44,63.0,8.0,1921.55
15519,39.0,2.0,344.61,,0.0,0.0
15520,,0.0,0.0,1.0,1.0,343.5
15521,56.0,8.0,4087.44,39.0,8.0,3000.2
15522,,0.0,0.0,32.0,2.0,397.99
15523,44.0,15.0,16847.18,83.0,1.0,412.01000000000005
15524,262.0,1.0,151.4,24.0,1.0,440.0
15525,29.0,2.0,430.78,1.0,2.0,456.94
15526,,0.0,0.0,32.0,2.0,148.44
15527,10.0,16.0,3346.91,18.0,7.0,2207.13
15528,,0.0,0.0,253.0,1.0,229.33
15529,20.0,3.0,1142.52,22.0,9.0,3638.59
15530,168.0,1.0,311.37,21.0,4.0,1497.31
15531,,0.0,0.0,7.0,2.0,1972.39
15532,14.0,7.0,2516.17,24.0,3.0,1201.03
15533,,0.0,0.0,18.0,3.0,807.57
15534,381.0,1.0,162.25,,0.0,0.0
15535,60.0,2.0,541.47,172.0,4.0,502.9
15536,65.0,1.0,259.09,,0.0,0.0
15537,,0.0,0.0,162.0,1.0,110.92
15538,193.0,6.0,3358.3999999999996,,0.0,0.0
15539,,0.0,0.0,6.0,1.0,538.46
15540,31.0,1.0,247.38,10.0,1.0,213.3
15541,,0.0,0.0,113.0,1.0,85.13000000000001
15542,168.0,3.0,855.71,,0.0,0.0
15543,115.0,1.0,114.4,287.0,1.0,127.86
15544,28.0,12.0,4615.72,8.0,8.0,3192.17
15545,27.0,1.0,135.32999999999998,53.0,1.0,153.64000000000001
15546,262.0,2.0,1079.1000000000001,,0.0,0.0
15547,18.0,13.0,5859.42,6.0,13.0,4143.23
15548,251.0,1.0,158.09,,0.0,0.0
15549,77.0,5.0,652.7,76.0,3.0,1677.71
15550,34.0,8.0,1635.42,3.0,4.0,575.63
15551,50.0,6.0,1243.75,36.0,1.0,436.06
15552,279.0,1.0,162.4,216.0,1.0,90.12
15553,,0.0,0.0,59.0,1.0,428.93
15554,,0.0,0.0,277.0,1.0,217.2
15555,17.0,23.0,7430.4800000000005,11.0,13.0,3803.3
15556,,0.0,0.0,23.0,1.0,279.77
15557,,0.0,0.0,28.0,1.0,468.91
15558,295.0,1.0,202.68,,0.0,0.0
15559,224.0,1.0,1109.4,,0.0,0.0
15560,53.0,2.0,153.52,,0.0,0.0
15561,39.0,4.0,1133.8,11.0,4.0,800.59
15562,7.0,3.0,671.4300000000001,,0.0,0.0
15563,14.0,4.0,1729.21,21.0,2.0,1091.25
15564,119.0,2.0,70.74000000000001,,0.0,0.0
15565,,0.0,0.0,49.0,2.0,173.16
15566,48.0,2.0,227.87,,0.0,0.0
15567,,0.0,0.0,18.0,1.0,186.01
15568,,0.0,0.0,2.0,3.0,758.29
15569,46.0,5.0,2207.74,103.0,5.0,1375.71
15570,13.0,16.0,5635.61,6.0,9.0,3100.88
15571,42.0,10.0,3241.92,11.0,4.0,650.4300000000001
15572,36.0,3.0,1431.78,4.0,7.0,2533.42
15573,274.0,3.0,597.23,31.0,2.0,583.24
15574,14.0,5.0,989.34,177.0,1.0,112.1
15575,275.0,1.0,30.1,,0.0,0.0
15576,,0.0,0.0,37.0,1.0,921.37
15577,379.0,2.0,137.15,150.0,3.0,258.88
15578,,0.0,0.0,161.0,1.0,127.1
15579,39.0,3.0,923.03,68.0,2.0,327.6
15580,32.0,8.0,1375.39,,0.0,0.0
15581,9.0,28.0,4111.59,155.0,6.0,393.57
15582,,0.0,0.0,24.0,3.0,682.9100000000001
15583,32.0,1.0,95.96,,0.0,0.0
15584,55.0,2.0,547.34,23.0,4.0,720.86
15585,,0.0,0.0,176.0,1.0,455.3
15586,248.0,3.0,1139.1,,0.0,0.0
15587,7.0,4.0,953.28,49.0,3.0,568.8000000000001
15588,333.0,1.0,579.6,,0.0,0.0
15589,,0.0,0.0,255.0,3.0,478.53000000000003
15590,38.0,5.0,1496.6,,0.0,0.0
15591,238.0,3.0,217.9,,0.0,0.0
15592,,0.0,0.0,46.0,1.0,388.58
15593,,0.0,0.0,70.0,1.0,199.8
15594,,0.0,0.0,15.0,5.0,1771.78
15595,143.0,1.0,357.6,,0.0,0.0
15596,21.0,5.0,1723.45,100.0,4.0,1004.27
15597,231.0,1.0,238.8,34.0,1.0,324.57
15598,83.0,1.0,307.34,52.0,1.0,240.68
15599,101.0,1.0,488.32,26.0,2.0,761.74
15600,84.0,4.0,1199.31,,0.0,0.0
15601,14.0,18.0,8651.630000000001,10.0,12.0,5540.11
15602,16.0,9.0,1992.64,7.0,7.0,1145.32
15603,304.0,1.0,40.0,78.0,1.0,48.480000000000004
15604,,0.0,0.0,51.0,1.0,216.39
15605,29.0,5.0,738.57,35.0,4.0,1003.38
15606,46.0,8.0,2310.83,60.0,9.0,2920.16
15607,199.0,8.0,1604.21,336.0,1.0,104.76
15608,71.0,1.0,692.3,27.0,4.0,1093.68
15609,,0.0,0.0,183.0,1.0,298.48
15610,,0.0,0.0,51.0,1.0,112.46000000000001
15611,39.0,13.0,1405.83,9.0,11.0,1570.45
15612,,0.0,0.0,35.0,2.0,195.15
15613,266.0,1.0,433.71999999999997,,0.0,0.0
15614,93.0,4.0,3147.36,,0.0,0.0
15615,15.0,27.0,12055.42,9.0,20.0,9318.55
15616,94.0,1.0,317.11,,0.0,0.0
15617,52.0,3.0,828.5500000000001,,0.0,0.0
15618,,0.0,0.0,32.0,4.0,776.85
15619,,0.0,0.0,10.0,1.0,336.40000000000003
15620,14.0,2.0,813.67,56.0,2.0,1128.69
15621,,0.0,0.0,3.0,4.0,1293.03
15622,83.0,8.0,4143.05,42.0,9.0,3709.56
15623,49.0,7.0,2136.02,140.0,1.0,301.03
15624,,0.0,0.0,116.0,4.0,588.13
15625,32.0,5.0,1702.1399999999999,103.0,4.0,1534.26
15626,77.0,1.0,391.72,74.0,2.0,675.8
15627,113.0,2.0,566.9,,0.0,0.0
15628,22.0,9.0,2782.02,4.0,8.0,2551.06
15629,106.0,4.0,2240.9,,0.0,0.0
15630,300.0,1.0,295.05,44.0,2.0,1186.35
15631,298.0,1.0,596.67,,0.0,0.0
15632,,0.0,0.0,15.0,8.0,3285.31
15633,165.0,13.0,4335.96,,0.0,0.0
15634,39.0,1.0,311.1,16.0,1.0,243.55
15635,51.0,1.0,100.35,,0.0,0.0
15636,93.0,2.0,719.82,89.0,2.0,724.76
15637,69.0,4.0,574.23,52.0,1.0,223.36
15638,34.0,6.0,2265.2,,0.0,0.0
15639,107.0,2.0,639.76,133.0,1.0,425.32
15640,11.0,17.0,13755.14,3.0,12.0,9704.37
15641,15.0,9.0,3766.7200000000003,104.0,3.0,1578.83
15642,385.0,1.0,105.78000000000002,,0.0,0.0
15643,,0.0,0.0,191.0,3.0,664.0
15644,,0.0,0.0,165.0,4.0,803.54
15645,70.0,2.0,443.16,18.0,1.0,611.59
15646,28.0,3.0,526.97,157.0,2.0,257.84000000000003
15647,71.0,1.0,169.0,,0.0,0.0
15648,,0.0,0.0,203.0,2.0,639.5
15649,23.0,3.0,1354.35,335.0,1.0,306.0
15650,177.0,2.0,553.88,,0.0,0.0
15651,76.0,2.0,612.76,36.0,3.0,646.3
15652,43.0,4.0,1068.2,90.0,1.0,337.74
15653,,0.0,0.0,92.0,2.0,877.4399999999999
15654,,0.0,0.0,8.0,2.0,922.53
15655,,0.0,0.0,242.0,1.0,560.67
15656,,0.0,0.0,44.0,4.0,748.5
15657,,0.0,0.0,22.0,1.0,30.0
15658,28.0,4.0,1399.3700000000001,189.0,4.0,717.9
15659,42.0,2.0,226.04,43.0,1.0,306.45
15660,21.0,7.0,1212.13,24.0,8.0,1391.56
15661,35.0,6.0,906.15,316.0,2.0,309.8
15662,317.0,2.0,283.73,,0.0,0.0
15663,,0.0,0.0,105.0,1.0,138.14
15664,105.0,3.0,845.1,50.0,1.0,386.43
15665,67.0,3.0,1764.86,167.0,2.0,2222.21
15666,128.0,2.0,632.9399999999999,,0.0,0.0
15667,,0.0,0.0,39.0,1.0,301.32
15668,,0.0,0.0,217.0,1.0,76.32000000000001
15669,,0.0,0.0,39.0,4.0,684.34
15670,212.0,1.0,152.15,296.0,1.0,173.05
15671,,0.0,0.0,18.0,7.0,2657.13
15672,381.0,1.0,45.300000000000004,,0.0,0.0
15673,107.0,5.0,3478.09,87.0,4.0,2726.23
15674,73.0,8.0,4501.63,72.0,4.0,2111.89
15675,60.0,1.0,218.35,80.0,3.0,323.69
15676,,0.0,0.0,18.0,3.0,3435.76
15677,77.0,2.0,648.4,48.0,1.0,657.23
15678,51.0,2.0,1473.24,52.0,1.0,352.7
15679,,0.0,0.0,23.0,4.0,781.28
15680,22.0,8.0,3173.9,8.0,2.0,854.79
15681,35.0,9.0,1563.54,24.0,5.0,1426.16
15682,255.0,2.0,318.24,,0.0,0.0
15683,129.0,1.0,330.79,116.0,1.0,193.75
15684,203.0,3.0,173.95,,0.0,0.0
15685,106.0,1.0,55.980000000000004,,0.0,0.0
15686,76.0,1.0,90.0,,0.0,0.0
15687,,0.0,0.0,8.0,9.0,2993.1
15688,74.0,1.0,190.57,,0.0,0.0
15689,17.0,2.0,370.43,119.0,1.0,150.6
15690,,0.0,0.0,3.0,2.0,239.76
15691,50.0,3.0,434.5,251.0,1.0,136.8
15692,,0.0,0.0,27.0,1.0,191.04
15693,315.0,1.0,37.5,,0.0,0.0
15694,21.0,12.0,4331.41,0.0,11.0,5632.07
15695,253.0,2.0,721.06,266.0,2.0,409.98
15696,79.0,5.0,1170.1100000000001,32.0,8.0,2711.11
15697,345.0,1.0,246.75,,0.0,0.0
15698,280.0,1.0,46.2,,0.0,0.0
15699,,0.0,0.0,17.0,1.0,309.65
15700,,0.0,0.0,171.0,2.0,696.68
15701,,0.0,0.0,1.0,4.0,1529.0
15702,132.0,1.0,112.57000000000001,,0.0,0.0
15703,,0.0,0.0,264.0,1.0,211.5
15704,158.0,2.0,1441.04,139.0,4.0,2293.62
15705,,0.0,0.0,200.0,1.0,143.1
15706,,0.0,0.0,63.0,4.0,1060.56
15707,,0.0,0.0,34.0,4.0,916.98
15708,25.0,3.0,969.19,40.0,6.0,2917.96
15709,245.0,1.0,194.6,283.0,1.0,133.25
15710,73.0,1.0,898.87,,0.0,0.0
15711,212.0,2.0,420.25,,0.0,0.0
15712,35.0,7.0,2400.05,8.0,5.0,1072.3600000000001
15713,22.0,3.0,654.09,142.0,1.0,185.55
15714,109.0,3.0,453.93,11.0,2.0,330.03000000000003
15715,211.0,5.0,658.02,,0.0,0.0
15716,25.0,8.0,1911.03,145.0,3.0,571.71
15717,77.0,4.0,456.70000000000005,233.0,1.0,150.3
15718,196.0,1.0,293.79,,0.0,0.0
15719,37.0,18.0,5165.9,32.0,13.0,5028.42
15720,206.0,1.0,140.49,23.0,1.0,598.73
15721,,0.0,0.0,11.0,1.0,471.40000000000003
15722,101.0,6.0,3022.79,35.0,5.0,2211.21
15723,20.0,4.0,930.7,,0.0,0.0
15724,56.0,1.0,92.6,200.0,2.0,218.25
15725,,0.0,0.0,14.0,1.0,415.25
15726,46.0,1.0,321.91,,0.0,0.0
15727,15.0,9.0,5729.6,16.0,6.0,3642.11
15728,35.0,2.0,544.6,,0.0,0.0
15729,56.0,2.0,107.55000000000001,212.0,1.0,85.0
15730,37.0,2.0,605.7,65.0,3.0,1120.88
15731,209.0,1.0,125.3,,0.0,0.0
15732,28.0,9.0,1387.95,211.0,1.0,156.02
15733,,0.0,0.0,282.0,1.0,162.3
15734,92.0,2.0,923.85,114.0,2.0,1339.45
15735,77.0,1.0,327.68,,0.0,0.0
15736,91.0,2.0,1767.12,,0.0,0.0
15737,,0.0,0.0,14.0,8.0,1188.1200000000001
15738,28.0,26.0,8560.550000000001,18.0,15.0,4482.77
15739,,0.0,0.0,65.0,1.0,449.12
15740,,0.0,0.0,48.0,1.0,154.88
15741,114.0,2.0,208.62,,0.0,0.0
15742,275.0,1.0,156.87,,0.0,0.0
15743,,0.0,0.0,15.0,4.0,775.96
15744,,0.0,0.0,77.0,1.0,34.8
15745,,0.0,0.0,18.0,4.0,1094.59
15746,,0.0,0.0,133.0,1.0,196.88
15747,31.0,6.0,1553.17,12.0,3.0,946.64
15748,105.0,2.0,465.45000000000005,39.0,1.0,144.36
15749,,0.0,0.0,234.0,3.0,44534.3
15750,22.0,12.0,4330.46,2.0,6.0,2122.53
15751,116.0,11.0,1380.44,,0.0,0.0
15752,28.0,3.0,1557.96,39.0,6.0,2366.95
15753,,0.0,0.0,304.0,1.0,79.2
15754,149.0,6.0,2579.04,50.0,3.0,458.57
15755,35.0,11.0,3628.87,9.0,6.0,2364.25
15756,,0.0,0.0,60.0,4.0,528.01
15757,42.0,4.0,2225.94,65.0,2.0,714.42
15758,,0.0,0.0,24.0,1.0,205.25
15759,14.0,5.0,675.13,217.0,2.0,155.8
15761,98.0,1.0,143.05,,0.0,0.0
15762,,0.0,0.0,64.0,2.0,583.75
15763,,0.0,0.0,31.0,2.0,1086.92
15764,90.0,2.0,1223.1100000000001,87.0,6.0,3279.97
15765,322.0,1.0,370.63,,0.0,0.0
15766,112.0,2.0,516.0,63.0,1.0,315.06
15768,132.0,31.0,14687.06,115.0,3.0,621.8299999999999
15769,27.0,21.0,32451.6,6.0,25.0,56160.92
15770,268.0,1.0,321.45,,0.0,0.0
15771,260.0,3.0,1006.54,,0.0,0.0
15772,74.0,1.0,280.88,,0.0,0.0
15773,65.0,1.0,138.84,5.0,1.0,635.6800000000001
15774,74.0,5.0,1016.29,68.0,1.0,270.8
15775,287.0,1.0,45.6,244.0,1.0,104.9
15776,,0.0,0.0,132.0,1.0,241.62
15777,17.0,4.0,1081.05,240.0,3.0,681.56
15778,87.0,1.0,307.95,,0.0,0.0
15779,119.0,2.0,124.08000000000001,,0.0,0.0
15780,13.0,1.0,177.15,183.0,2.0,298.13
15781,,0.0,0.0,24.0,3.0,345.46
15782,86.0,1.0,1399.36,9.0,3.0,2614.7400000000002
15783,,0.0,0.0,10.0,1.0,246.3
15784,123.0,2.0,848.3299999999999,,0.0,0.0
15785,35.0,11.0,3640.96,32.0,5.0,2328.9700000000003
15786,73.0,2.0,3582.62,45.0,3.0,4919.0
15787,,0.0,0.0,25.0,3.0,933.26
15788,164.0,1.0,221.82999999999998,,0.0,0.0
15789,14.0,6.0,1962.01,,0.0,0.0
15790,,0.0,0.0,9.0,1.0,218.75
15791,185.0,3.0,1995.65,43.0,2.0,1612.69
15792,55.0,2.0,933.84,,0.0,0.0
15793,34.0,5.0,1433.96,14.0,3.0,965.61
15794,392.0,2.0,777.0,,0.0,0.0
15795,86.0,7.0,1369.8600000000001,149.0,1.0,610.01
15796,30.0,9.0,2463.02,0.0,8.0,2707.61
15797,237.0,2.0,613.6800000000001,112.0,3.0,2192.4
15798,148.0,3.0,1535.37,,0.0,0.0
15799,74.0,1.0,537.1999999999999,75.0,3.0,884.14
15800,109.0,5.0,530.18,106.0,2.0,696.89
15801,,0.0,0.0,45.0,3.0,1063.95
15803,101.0,3.0,1513.84,50.0,1.0,415.82000000000005
15804,,0.0,0.0,0.0,13.0,4206.39
15805,20.0,14.0,5031.55,22.0,16.0,5117.38
15806,,0.0,0.0,45.0,3.0,784.58
15807,64.0,2.0,913.62,49.0,3.0,903.9
15808,17.0,19.0,15710.43,305.0,2.0,1469.82
15809,115.0,2.0,758.67,35.0,5.0,515.77
15810,42.0,4.0,1607.06,78.0,4.0,1391.98
15811,13.0,3.0,1612.73,21.0,4.0,1779.82
15812,91.0,7.0,3400.33,106.0,5.0,1801.14
15813,,0.0,0.0,207.0,2.0,1303.9099999999999
15814,49.0,2.0,689.11,16.0,4.0,1945.33
15815,,0.0,0.0,63.0,5.0,2100.6
15816,198.0,2.0,144.14999999999998,,0.0,0.0
15817,76.0,3.0,2766.4,,0.0,0.0
15818,244.0,1.0,340.5,,0.0,0.0
15819,87.0,6.0,2029.34,48.0,4.0,1905.45
15820,,0.0,0.0,319.0,1.0,206.98
15821,,0.0,0.0,43.0,2.0,570.96
15822,15.0,5.0,1394.79,2.0,1.0,445.27
15823,385.0,2.0,3867.17,,0.0,0.0
15824,109.0,2.0,890.94,,0.0,0.0
15825,,0.0,0.0,171.0,1.0,532.94
15826,224.0,1.0,943.97,55.0,3.0,1654.31
15827,28.0,16.0,1957.98,72.0,12.0,1645.16
15828,31.0,1.0,1108.82,,0.0,0.0
15829,,0.0,0.0,98.0,2.0,636.14
15830,,0.0,0.0,37.0,1.0,576.0
15831,,0.0,0.0,57.0,3.0,794.64
15832,,0.0,0.0,253.0,1.0,836.79
15833,393.0,1.0,80.4,,0.0,0.0
15834,32.0,3.0,1539.24,69.0,4.0,2222.65
15835,,0.0,0.0,43.0,4.0,954.09
15836,,0.0,0.0,49.0,1.0,137.37
15837,141.0,1.0,385.03000000000003,64.0,1.0,391.98
15838,23.0,16.0,40519.92,10.0,18.0,32685.58
15839,,0.0,0.0,32.0,3.0,1048.49
15840,,0.0,0.0,58.0,2.0,355.56
15841,42.0,5.0,1518.35,72.0,4.0,1224.06
15842,49.0,2.0,548.8,,0.0,0.0
15843,,0.0,0.0,303.0,1.0,118.95000000000002
15844,,0.0,0.0,45.0,1.0,130.73999999999998
15845,192.0,3.0,714.51,17.0,8.0,3711.77
15846,41.0,1.0,107.01,,0.0,0.0
15847,84.0,3.0,433.3,37.0,2.0,389.27
15848,277.0,1.0,137.99,,0.0,0.0
15850,32.0,4.0,771.87,18.0,2.0,234.88
15851,182.0,1.0,109.73,,0.0,0.0
15852,182.0,1.0,96.55,186.0,2.0,160.71
15853,,0.0,0.0,51.0,1.0,110.8
15854,17.0,10.0,2839.26,3.0,11.0,2739.02
15855,132.0,1.0,340.48,136.0,5.0,712.24
15856,7.0,28.0,19413.62,3.0,24.0,12861.07
15857,86.0,1.0,273.48,18.0,1.0,297.0
15858,23.0,9.0,2508.77,15.0,4.0,1043.64
15859,88.0,1.0,438.46,,0.0,0.0
15860,24.0,10.0,1496.3,40.0,7.0,862.5
15861,112.0,4.0,1213.98,11.0,8.0,3146.92
15862,29.0,10.0,2028.49,7.0,3.0,478.65
15863,273.0,3.0,286.26,25.0,2.0,68.84
15864,37.0,1.0,244.44000000000003,21.0,6.0,1936.3200000000002
15865,69.0,2.0,1346.29,40.0,3.0,895.13
15866,,0.0,0.0,100.0,1.0,211.89
15867,10.0,19.0,5622.24,4.0,12.0,3247.63
15868,239.0,1.0,94.53,,0.0,0.0
15869,282.0,1.0,171.47,276.0,2.0,149.64
15870,52.0,3.0,506.02,32.0,1.0,351.44
15871,93.0,1.0,33.099999999999994,,0.0,0.0
15872,34.0,2.0,413.0,14.0,2.0,316.25
15873,155.0,4.0,313.91999999999996,,0.0,0.0
15874,43.0,14.0,6878.88,63.0,7.0,4405.88
15875,302.0,1.0,108.52,,0.0,0.0
15876,65.0,2.0,1449.1399999999999,,0.0,0.0
15877,,0.0,0.0,1.0,2.0,490.33
15878,217.0,2.0,330.77,,0.0,0.0
15879,60.0,4.0,1137.8,,0.0,0.0
15880,25.0,1.0,329.03000000000003,,0.0,0.0
15881,17.0,2.0,155.25,311.0,3.0,346.14
15882,24.0,6.0,977.34,198.0,2.0,145.04000000000002
15883,,0.0,0.0,1.0,2.0,396.48
15884,88.0,2.0,244.60000000000002,,0.0,0.0
15885,39.0,12.0,1572.47,92.0,1.0,349.35
15886,72.0,3.0,871.78,59.0,1.0,181.09
15887,62.0,3.0,1027.15,,0.0,0.0
15888,56.0,2.0,260.85,80.0,1.0,162.64
15889,25.0,7.0,1274.95,156.0,1.0,132.1
15890,50.0,5.0,535.65,,0.0,0.0
15891,,0.0,0.0,226.0,1.0,509.13
15892,325.0,1.0,128.2,,0.0,0.0
15893,137.0,1.0,305.28000000000003,,0.0,0.0
15894,25.0,1.0,150.79000000000002,252.0,1.0,106.81
15895,,0.0,0.0,149.0,1.0,179.17
15897,,0.0,0.0,193.0,2.0,208.59
15898,23.0,22.0,4125.51,0.0,3.0,867.19
15899,24.0,1.0,56.25,,0.0,0.0
15900,69.0,3.0,549.29,23.0,1.0,337.28
15901,107.0,3.0,318.14,16.0,3.0,349.75
15902,36.0,1.0,145.01,,0.0,0.0
15903,34.0,5.0,3813.0800000000004,9.0,7.0,5126.76
15904,,0.0,0.0,7.0,1.0,164.68
15905,199.0,1.0,114.69,,0.0,0.0
15906,30.0,3.0,962.5,19.0,7.0,1567.69
15907,,0.0,0.0,3.0,3.0,881.87
15908,146.0,2.0,758.62,,0.0,0.0
15909,,0.0,0.0,173.0,1.0,191.94
15910,56.0,7.0,1432.29,0.0,8.0,1228.88
15911,279.0,8.0,1683.79,,0.0,0.0
15912,92.0,7.0,810.08,177.0,2.0,264.62
15913,190.0,1.0,6.300000000000001,,0.0,0.0
15914,34.0,2.0,205.99,,0.0,0.0
15915,57.0,1.0,364.24,,0.0,0.0
15916,22.0,7.0,1874.83,15.0,6.0,1270.41
15917,262.0,4.0,407.07,247.0,1.0,123.1
15918,287.0,1.0,248.65,190.0,2.0,334.23
15919,24.0,1.0,214.07999999999998,19.0,1.0,311.61
15920,80.0,5.0,401.64,153.0,3.0,163.55
15921,52.0,3.0,442.58,172.0,1.0,323.03000000000003
15922,29.0,1.0,369.5,,0.0,0.0
15923,28.0,1.0,127.08,,0.0,0.0
15924,387.0,1.0,102.82,,0.0,0.0
15925,,0.0,0.0,193.0,1.0,207.15
15926,198.0,1.0,134.44,,0.0,0.0
15927,303.0,1.0,106.54,,0.0,0.0
15928,312.0,1.0,293.53,,0.0,0.0
15929,300.0,1.0,594.0,,0.0,0.0
15930,,0.0,0.0,66.0,1.0,426.63
15931,84.0,1.0,239.9,,0.0,0.0
15932,,0.0,0.0,3.0,8.0,2495.87
15933,,0.0,0.0,20.0,3.0,1107.46
15934,73.0,2.0,2190.66,,0.0,0.0
15935,,0.0,0.0,238.0,1.0,108.03999999999999
15936,35.0,2.0,282.79,,0.0,0.0
15937,,0.0,0.0,63.0,1.0,145.35
15938,112.0,4.0,330.23,111.0,5.0,404.58
15939,30.0,1.0,2904.83,89.0,14.0,6100.01
15940,,0.0,0.0,310.0,1.0,35.8
15941,293.0,1.0,405.0,,0.0,0.0
15942,,0.0,0.0,133.0,1.0,337.44
15943,305.0,2.0,271.28999999999996,,0.0,0.0
15944,49.0,3.0,1839.1399999999999,276.0,1.0,325.1
15945,21.0,4.0,646.27,,0.0,0.0
15946,158.0,3.0,2304.18,,0.0,0.0
15947,,0.0,0.0,82.0,1.0,1708.24
15948,80.0,1.0,553.85,7.0,2.0,955.24
15949,,0.0,0.0,16.0,2.0,364.72
15950,15.0,7.0,5805.02,31.0,3.0,1315.89
15951,37.0,1.0,304.95,8.0,2.0,708.22
15952,,0.0,0.0,33.0,4.0,781.91
15953,25.0,11.0,1990.8,14.0,7.0,1449.54
15954,245.0,1.0,187.8,,0.0,0.0
15955,28.0,9.0,4242.1,23.0,13.0,3843.88
15956,207.0,2.0,617.6,,0.0,0.0
15957,76.0,2.0,492.36,31.0,1.0,428.89
15958,59.0,3.0,357.77,73.0,1.0,104.35
15959,338.0,3.0,542.89,,0.0,0.0
15960,30.0,4.0,410.95,,0.0,0.0
15961,35.0,1.0,451.28999999999996,,0.0,0.0
15962,105.0,1.0,289.48,,0.0,0.0
15963,,0.0,0.0,19.0,2.0,470.76
15964,319.0,1.0,269.21000000000004,,0.0,0.0
15965,23.0,10.0,2119.26,16.0,3.0,652.6800000000001
15966,106.0,1.0,426.53000000000003,,0.0,0.0
15967,35.0,10.0,2568.32,22.0,2.0,397.68
15968,44.0,1.0,401.8,,0.0,0.0
15969,81.0,2.0,460.95,2.0,3.0,666.1
15970,254.0,1.0,703.22,303.0,1.0,314.1
15971,41.0,6.0,1702.98,17.0,12.0,4194.9
15972,112.0,5.0,1769.33,,0.0,0.0
15973,22.0,2.0,665.62,,0.0,0.0
15974,,0.0,0.0,38.0,7.0,3442.15
15975,,0.0,0.0,83.0,1.0,371.01
15976,66.0,4.0,1252.67,164.0,2.0,427.64
15977,,0.0,0.0,16.0,2.0,1054.73
15978,88.0,2.0,2180.64,76.0,1.0,1098.78
15979,258.0,1.0,329.22,,0.0,0.0
15980,146.0,4.0,4144.82,88.0,3.0,2398.86
15981,57.0,13.0,5954.29,24.0,8.0,3408.48
15982,261.0,1.0,324.51,,0.0,0.0
15983,16.0,7.0,2783.62,21.0,1.0,326.75
15984,24.0,21.0,5735.09,2.0,9.0,2657.93
15985,92.0,5.0,1572.8600000000001,122.0,2.0,1142.42
15986,37.0,1.0,186.3,29.0,1.0,168.12
15987,24.0,2.0,216.7,11.0,6.0,1319.29
15988,207.0,2.0,579.61,18.0,1.0,156.78
15989,31.0,2.0,368.31,,0.0,0.0
15990,150.0,5.0,1205.64,43.0,2.0,792.11
15991,190.0,1.0,150.55,,0.0,0.0
15992,52.0,2.0,854.61,3.0,1.0,41.989999999999995
15993,,0.0,0.0,8.0,7.0,2768.97
15994,67.0,2.0,761.4100000000001,54.0,1.0,414.27
15995,70.0,1.0,694.54,,0.0,0.0
15996,22.0,2.0,617.07,87.0,5.0,769.33
15998,18.0,12.0,6057.31,36.0,4.0,2216.83
15999,391.0,1.0,20.4,,0.0,0.0
16000,,0.0,0.0,2.0,3.0,12393.7
16001,37.0,1.0,583.39,,0.0,0.0
16002,281.0,1.0,169.21,,0.0,0.0
16003,15.0,6.0,4059.46,29.0,4.0,1554.3700000000001
16004,130.0,5.0,2146.39,,0.0,0.0
16005,31.0,6.0,1786.3600000000001,11.0,4.0,578.71
16006,43.0,1.0,231.42,210.0,1.0,101.4
16007,39.0,3.0,1359.25,47.0,4.0,1693.81
16008,38.0,12.0,4860.35,23.0,3.0,478.78
16009,,0.0,0.0,21.0,4.0,972.11
16010,18.0,9.0,1412.56,245.0,2.0,282.3
16011,18.0,15.0,2644.95,7.0,14.0,2954.36
16012,57.0,2.0,1563.3,34.0,3.0,1415.29
16013,13.0,42.0,21920.84,3.0,42.0,34157.6
16014,64.0,2.0,453.45,37.0,3.0,646.83
16015,,0.0,0.0,3.0,3.0,704.26
16016,22.0,4.0,980.91,2.0,7.0,1102.49
16017,73.0,4.0,1333.7,46.0,1.0,211.88
16018,52.0,2.0,289.23,38.0,2.0,408.90000000000003
16019,20.0,19.0,13762.02,46.0,8.0,3567.14
16020,,0.0,0.0,16.0,3.0,851.01
16021,51.0,2.0,487.03,,0.0,0.0
16022,,0.0,0.0,259.0,1.0,602.63
16023,,0.0,0.0,45.0,3.0,719.81
16024,67.0,2.0,232.96,11.0,1.0,245.75
16025,,0.0,0.0,29.0,1.0,439.65999999999997
16026,,0.0,0.0,42.0,1.0,236.09
16027,113.0,9.0,1113.74,91.0,6.0,934.62
16028,251.0,1.0,82.2,,0.0,0.0
16029,9.0,50.0,50025.299999999996,38.0,56.0,59595.57
16030,,0.0,0.0,309.0,1.0,331.24
16031,,0.0,0.0,91.0,2.0,547.9
16032,112.0,6.0,1965.72,,0.0,0.0
16033,16.0,9.0,2137.73,5.0,18.0,8471.08
16034,50.0,3.0,473.62,195.0,3.0,437.7
16035,216.0,1.0,217.73,,0.0,0.0
16036,80.0,2.0,1797.92,86.0,2.0,758.92
16037,14.0,3.0,954.78,269.0,2.0,554.5600000000001
16038,,0.0,0.0,7.0,3.0,471.78000000000003
16039,79.0,2.0,456.4,,0.0,0.0
16040,86.0,4.0,1103.35,64.0,3.0,1313.55
16041,,0.0,0.0,30.0,3.0,3166.4
16042,35.0,3.0,1067.85,21.0,5.0,1177.47
16043,35.0,4.0,1082.6000000000001,37.0,4.0,773.99
16044,91.0,1.0,340.84000000000003,,0.0,0.0
16045,72.0,4.0,2094.23,119.0,4.0,1340.7
16046,218.0,1.0,235.78,,0.0,0.0
16048,29.0,4.0,818.7900000000001,,0.0,0.0
16049,31.0,3.0,777.34,39.0,3.0,1074.81
16050,39.0,2.0,162.8,173.0,1.0,137.9
16051,337.0,1.0,188.44,,0.0,0.0
16052,,0.0,0.0,53.0,1.0,362.06
16053,69.0,4.0,2122.89,32.0,2.0,1511.95
16054,74.0,3.0,1327.98,144.0,1.0,783.9
16055,,0.0,0.0,220.0,1.0,134.8
16056,,0.0,0.0,44.0,1.0,650.75
16057,175.0,3.0,1591.73,15.0,7.0,2263.12
16058,62.0,1.0,62.7,,0.0,0.0
16059,23.0,7.0,1718.66,65.0,5.0,1334.91
16060,56.0,3.0,541.95,,0.0,0.0
16061,87.0,1.0,89.65,,0.0,0.0
16062,20.0,5.0,1957.39,9.0,3.0,906.06
16063,,0.0,0.0,259.0,1.0,335.32
16064,381.0,1.0,109.31,,0.0,0.0
16065,21.0,8.0,1992.13,,0.0,0.0
16066,,0.0,0.0,16.0,5.0,1521.04
16067,218.0,3.0,3269.11,,0.0,0.0
16068,249.0,1.0,115.73,,0.0,0.0
16069,73.0,1.0,457.7,,0.0,0.0
16070,,0.0,0.0,21.0,2.0,852.15
16071,183.0,3.0,750.5600000000001,44.0,1.0,326.24
16072,84.0,3.0,3595.77,287.0,1.0,584.3199999999999
16073,,0.0,0.0,296.0,1.0,122.39999999999999
16074,46.0,1.0,252.5,,0.0,0.0
16075,158.0,2.0,736.9300000000001,,0.0,0.0
16076,,0.0,0.0,2.0,10.0,2234.73
16077,281.0,1.0,2300.4,,0.0,0.0
16078,325.0,1.0,283.79,283.0,1.0,79.2
16079,,0.0,0.0,16.0,3.0,1352.0
16080,41.0,2.0,385.40000000000003,81.0,2.0,217.16
16081,22.0,4.0,1637.14,55.0,4.0,2641.82
16082,326.0,1.0,106.75,,0.0,0.0
16083,16.0,3.0,1371.78,100.0,1.0,979.64
16084,,0.0,0.0,298.0,1.0,436.18
16085,36.0,7.0,1343.2,22.0,5.0,981.51
16086,23.0,6.0,1743.6,58.0,4.0,944.13
16087,45.0,5.0,1739.92,,0.0,0.0
16088,231.0,2.0,1437.43,,0.0,0.0
16089,42.0,2.0,263.49,,0.0,0.0
16090,280.0,1.0,180.56,,0.0,0.0
16091,,0.0,0.0,154.0,2.0,315.06
16092,160.0,3.0,770.08,114.0,3.0,817.86
16093,,0.0,0.0,106.0,1.0,17.0
16094,31.0,7.0,2617.33,11.0,4.0,1078.23
16095,112.0,1.0,447.05,,0.0,0.0
16096,72.0,3.0,1264.3500000000001,263.0,1.0,320.62
16097,,0.0,0.0,239.0,1.0,185.04999999999998
16098,29.0,8.0,2435.67,87.0,6.0,1575.03
16099,73.0,4.0,841.3,49.0,3.0,731.9
16100,118.0,1.0,582.64,,0.0,0.0
16101,90.0,3.0,1938.46,70.0,1.0,1290.7
16102,,0.0,0.0,41.0,3.0,1842.14
16103,45.0,16.0,4762.07,6.0,6.0,1429.64
16104,74.0,8.0,2476.25,61.0,1.0,298.21
16105,94.0,4.0,2049.23,248.0,1.0,336.96
16106,,0.0,0.0,65.0,1.0,108.38
16107,,0.0,0.0,17.0,7.0,3204.1600000000003
16108,90.0,3.0,1393.42,84.0,1.0,842.5
16109,354.0,1.0,327.6,218.0,2.0,611.88
16110,178.0,1.0,460.64,44.0,3.0,1320.95
16111,84.0,1.0,549.33,,0.0,0.0
16112,,0.0,0.0,142.0,4.0,195.73999999999998
16113,,0.0,0.0,182.0,1.0,161.38
16114,,0.0,0.0,170.0,1.0,135.75000000000003
16115,53.0,4.0,892.92,9.0,8.0,1660.8799999999999
16116,,0.0,0.0,211.0,1.0,612.78
16117,58.0,2.0,422.19,189.0,1.0,232.21
16118,308.0,1.0,4376.25,,0.0,0.0
16119,50.0,6.0,1297.45,7.0,2.0,423.36
16120,78.0,2.0,1658.3700000000001,58.0,4.0,1309.14
16121,46.0,3.0,595.38,56.0,2.0,854.66
16122,22.0,3.0,316.92,72.0,3.0,578.7
16123,,0.0,0.0,51.0,1.0,307.78
16124,74.0,3.0,1523.49,316.0,1.0,249.0
16125,23.0,14.0,4292.35,,0.0,0.0
16126,35.0,11.0,8356.83,28.0,4.0,6287.77
16127,382.0,1.0,145.06,38.0,1.0,656.25
16128,36.0,6.0,1920.83,17.0,5.0,1880.22
16129,63.0,3.0,1396.05,,0.0,0.0
16130,78.0,4.0,987.48,,0.0,0.0
16131,31.0,6.0,6450.88,51.0,6.0,3506.54
16132,200.0,2.0,664.1999999999999,,0.0,0.0
16133,32.0,23.0,8403.22,3.0,33.0,14589.04
16134,15.0,4.0,1810.78,21.0,1.0,334.56
16135,239.0,1.0,301.9,262.0,1.0,517.55
16136,319.0,1.0,237.42,59.0,3.0,709.38
16137,336.0,1.0,422.7,,0.0,0.0
16138,34.0,3.0,910.35,,0.0,0.0
16139,378.0,2.0,475.74,18.0,3.0,635.41
16140,27.0,2.0,832.4200000000001,65.0,1.0,601.04
16141,73.0,1.0,335.54,87.0,1.0,620.4
16142,,0.0,0.0,249.0,1.0,535.34
16143,10.0,8.0,2941.4900000000002,2.0,4.0,1613.5900000000001
16144,,0.0,0.0,246.0,1.0,175.2
16145,15.0,9.0,3308.73,8.0,10.0,3496.71
16146,104.0,1.0,212.25,156.0,3.0,734.13
16147,56.0,4.0,2023.91,133.0,1.0,375.0
16148,92.0,1.0,310.3,295.0,1.0,76.32000000000001
16149,85.0,1.0,141.70000000000002,4.0,2.0,280.52
16150,28.0,6.0,2342.57,42.0,4.0,1659.6
16152,,0.0,0.0,268.0,1.0,1829.04
16153,10.0,7.0,3524.27,49.0,4.0,1609.22
16155,37.0,5.0,796.9,,0.0,0.0
16156,38.0,11.0,3096.14,8.0,9.0,3092.04
16157,,0.0,0.0,15.0,3.0,656.69
16158,178.0,9.0,628.32,,0.0,0.0
16159,126.0,3.0,884.59,281.0,1.0,348.2
16160,,0.0,0.0,64.0,2.0,1025.44
16161,15.0,27.0,7622.69,1.0,16.0,4957.37
16162,,0.0,0.0,251.0,1.0,37.4
16163,21.0,5.0,1992.98,231.0,1.0,415.00000000000006
16164,,0.0,0.0,16.0,3.0,822.48
16165,161.0,1.0,79.9,,0.0,0.0
16166,84.0,2.0,435.83,,0.0,0.0
16167,70.0,5.0,1386.1200000000001,,0.0,0.0
16168,25.0,40.0,6848.87,10.0,26.0,3511.8
16169,,0.0,0.0,7.0,4.0,1822.97
16170,51.0,14.0,4983.95,50.0,6.0,1885.05
16171,,0.0,0.0,58.0,1.0,73.2
16172,129.0,3.0,744.34,94.0,5.0,1140.21
16173,,0.0,0.0,15.0,6.0,1418.32
16174,147.0,4.0,1237.2,125.0,3.0,1009.5500000000001
16175,127.0,3.0,798.85,93.0,4.0,1037.59
16176,77.0,4.0,2052.69,,0.0,0.0
16177,92.0,7.0,1915.36,49.0,1.0,331.95
16178,57.0,1.0,414.7,137.0,1.0,197.9
16179,,0.0,0.0,60.0,1.0,215.83
16180,134.0,5.0,5995.69,99.0,8.0,10254.18
16181,,0.0,0.0,72.0,1.0,305.54
16182,94.0,5.0,3354.0,71.0,4.0,6617.65
16183,50.0,3.0,739.1,66.0,1.0,338.71000000000004
16184,,0.0,0.0,63.0,6.0,1158.79
16185,220.0,1.0,115.31,16.0,2.0,529.41
16186,28.0,15.0,5019.17,22.0,11.0,3699.26
16187,,0.0,0.0,31.0,15.0,6911.4400000000005
16188,64.0,1.0,105.80000000000001,44.0,4.0,981.86
16189,,0.0,0.0,15.0,2.0,215.48
16190,50.0,7.0,2508.4700000000003,39.0,1.0,215.08
16191,16.0,13.0,11124.9,2.0,11.0,4552.92
16192,391.0,1.0,351.3,,0.0,0.0
16193,66.0,1.0,315.98,236.0,1.0,314.45
16194,31.0,1.0,308.59999999999997,,0.0,0.0
16195,379.0,1.0,323.25,,0.0,0.0
16196,144.0,1.0,93.3,,0.0,0.0
16197,125.0,9.0,2016.71,,0.0,0.0
16198,93.0,1.0,629.36,74.0,1.0,400.68
16199,48.0,7.0,942.75,,0.0,0.0
16200,38.0,10.0,4539.23,3.0,2.0,1068.8700000000001
16201,71.0,1.0,248.65,2.0,4.0,1863.47
16202,16.0,9.0,2501.9900000000002,,0.0,0.0
16203,28.0,3.0,521.64,58.0,3.0,422.2
16204,36.0,2.0,534.53,22.0,1.0,384.18
16205,52.0,3.0,1062.48,30.0,4.0,751.03
16206,43.0,9.0,2040.06,54.0,4.0,537.0600000000001
16207,,0.0,0.0,24.0,1.0,394.38
16208,50.0,8.0,2776.19,44.0,2.0,664.26
16209,38.0,4.0,1884.16,88.0,5.0,2262.62
16210,14.0,20.0,19655.31,1.0,13.0,14075.66
16211,77.0,2.0,543.5699999999999,88.0,1.0,547.02
16212,274.0,2.0,603.37,18.0,2.0,690.34
16213,,0.0,0.0,78.0,1.0,159.0
16214,91.0,1.0,975.5,170.0,3.0,1062.75
16215,,0.0,0.0,80.0,1.0,242.35
16216,,0.0,0.0,266.0,1.0,914.9300000000001
16217,,0.0,0.0,234.0,2.0,304.25
16218,29.0,7.0,1355.29,29.0,6.0,2613.38
16219,156.0,1.0,40.8,,0.0,0.0
16221,23.0,7.0,1324.35,36.0,2.0,694.12
16222,377.0,1.0,498.5,317.0,1.0,773.5500000000001
16223,30.0,2.0,1087.05,,0.0,0.0
16224,43.0,1.0,321.24,56.0,4.0,1295.3
16225,58.0,10.0,1762.99,44.0,5.0,1096.32
16226,34.0,2.0,417.05,202.0,3.0,255.12
16227,150.0,2.0,713.0,224.0,1.0,314.22
16228,41.0,3.0,885.71,,0.0,0.0
16229,37.0,4.0,1857.26,86.0,2.0,1010.6
16230,,0.0,0.0,189.0,2.0,542.03
16231,35.0,4.0,1074.47,,0.0,0.0
16232,76.0,3.0,1722.09,43.0,4.0,990.88
16233,22.0,7.0,1429.03,70.0,2.0,389.28000000000003
16234,132.0,3.0,333.18,,0.0,0.0
16235,31.0,4.0,1186.4,40.0,4.0,857.31
16236,,0.0,0.0,77.0,1.0,432.2
16237,93.0,1.0,136.65,,0.0,0.0
16238,78.0,1.0,63.66,,0.0,0.0
16239,38.0,4.0,1078.0,56.0,2.0,414.2
16240,,0.0,0.0,23.0,2.0,3718.8
16241,25.0,4.0,1677.15,9.0,12.0,2312.66
16242,37.0,7.0,3824.79,7.0,7.0,3579.86
16243,,0.0,0.0,33.0,2.0,409.1
16244,28.0,1.0,1056.63,211.0,1.0,466.12
16245,,0.0,0.0,23.0,3.0,1413.66
16246,115.0,2.0,821.35,,0.0,0.0
16247,,0.0,0.0,169.0,1.0,114.56
16248,,0.0,0.0,61.0,1.0,152.94
16249,,0.0,0.0,52.0,5.0,1800.07
16250,29.0,2.0,401.94,260.0,1.0,163.3
16251,168.0,1.0,128.31,,0.0,0.0
16252,38.0,1.0,295.09000000000003,,0.0,0.0
16253,76.0,5.0,3538.34,66.0,2.0,3683.86
16254,34.0,3.0,967.44,,0.0,0.0
16255,21.0,8.0,2284.34,16.0,7.0,2245.66
16256,149.0,2.0,826.9399999999999,266.0,1.0,752.4300000000001
16257,,0.0,0.0,176.0,1.0,21.95
16258,43.0,10.0,6739.01,44.0,5.0,5203.51
16259,66.0,3.0,340.94,,0.0,0.0
16260,,0.0,0.0,50.0,1.0,1035.45
16261,42.0,2.0,312.62,16.0,4.0,728.54
16262,34.0,1.0,755.15,,0.0,0.0
16263,79.0,1.0,348.16,,0.0,0.0
16264,94.0,2.0,823.53,,0.0,0.0
16265,20.0,5.0,2178.98,8.0,7.0,4506.19
16266,79.0,7.0,896.06,73.0,7.0,861.89
16267,247.0,1.0,186.66,,0.0,0.0
16268,,0.0,0.0,70.0,2.0,617.65
16269,93.0,1.0,717.57,,0.0,0.0
16270,9.0,1.0,1141.24,,0.0,0.0
16271,14.0,5.0,2111.4,15.0,3.0,1256.42
16272,,0.0,0.0,116.0,1.0,411.7
16273,304.0,2.0,318.34000000000003,,0.0,0.0
16274,29.0,1.0,331.55,,0.0,0.0
16275,130.0,2.0,1591.24,196.0,1.0,559.87
16276,135.0,2.0,1818.79,176.0,1.0,810.6000000000001
16277,389.0,1.0,188.69,,0.0,0.0
16278,136.0,2.0,551.46,99.0,1.0,566.38
16279,41.0,6.0,4195.5,20.0,3.0,1502.78
16280,381.0,1.0,238.05,,0.0,0.0
16281,79.0,2.0,1361.96,71.0,1.0,2062.06
16282,143.0,2.0,1139.28,339.0,1.0,168.3
16283,74.0,3.0,2779.51,5.0,5.0,1569.11
16284,49.0,1.0,205.8,30.0,2.0,812.68
16285,302.0,1.0,176.9,,0.0,0.0
16286,133.0,2.0,328.95,,0.0,0.0
16287,32.0,4.0,864.48,169.0,1.0,142.5
16288,126.0,1.0,129.85,,0.0,0.0
16289,118.0,1.0,136.31,,0.0,0.0
16290,120.0,4.0,1957.7,,0.0,0.0
16292,36.0,4.0,951.51,121.0,1.0,302.25
16293,23.0,6.0,2408.96,21.0,9.0,1870.24
16294,132.0,1.0,126.05000000000001,,0.0,0.0
16295,,0.0,0.0,9.0,4.0,1328.55
16296,282.0,4.0,1313.67,,0.0,0.0
16297,,0.0,0.0,268.0,1.0,301.9
16298,53.0,4.0,487.5,22.0,3.0,598.2
16299,133.0,1.0,193.65,,0.0,0.0
16300,86.0,3.0,1367.32,,0.0,0.0
16301,392.0,1.0,107.33,,0.0,0.0
16302,,0.0,0.0,126.0,1.0,233.22
16303,48.0,4.0,2567.64,25.0,3.0,5360.63
16304,350.0,1.0,381.66,,0.0,0.0
16305,,0.0,0.0,138.0,1.0,361.21999999999997
16306,23.0,2.0,560.55,213.0,5.0,564.17
16307,85.0,3.0,1194.92,,0.0,0.0
16308,62.0,3.0,2560.0,37.0,4.0,2560.0
16309,,0.0,0.0,105.0,2.0,706.57
16310,70.0,2.0,460.08,,0.0,0.0
16311,,0.0,0.0,17.0,2.0,616.26
16312,88.0,1.0,171.15,,0.0,0.0
16313,,0.0,0.0,2.0,2.0,274.15000000000003
16314,45.0,3.0,1491.4,,0.0,0.0
16315,192.0,1.0,176.34,330.0,1.0,226.37
16316,14.0,6.0,3114.22,63.0,7.0,2630.69
16317,206.0,2.0,850.86,119.0,3.0,1341.65
16318,,0.0,0.0,34.0,1.0,328.15
16319,,0.0,0.0,217.0,1.0,404.40000000000003
16320,109.0,4.0,4590.53,171.0,2.0,1038.46
16321,282.0,2.0,230.9,71.0,5.0,373.65000000000003
16322,,0.0,0.0,0.0,2.0,326.75
16323,233.0,1.0,146.16,195.0,1.0,207.50000000000003
16324,,0.0,0.0,127.0,3.0,408.59000000000003
16325,80.0,9.0,3003.26,46.0,3.0,594.24
16326,39.0,10.0,1587.03,5.0,14.0,3039.2200000000003
16327,25.0,11.0,6844.37,13.0,5.0,3284.67
16328,219.0,1.0,310.83,,0.0,0.0
16329,83.0,4.0,1664.92,,0.0,0.0
16330,80.0,4.0,373.46999999999997,17.0,3.0,251.91
16331,88.0,6.0,2037.7,,0.0,0.0
16332,87.0,4.0,414.69,27.0,7.0,1582.8
16333,,0.0,0.0,7.0,22.0,26626.8
16334,148.0,1.0,263.73,,0.0,0.0
16335,207.0,7.0,2753.52,,0.0,0.0
16336,76.0,4.0,3517.69,,0.0,0.0
16337,,0.0,0.0,36.0,1.0,151.05
16338,,0.0,0.0,156.0,1.0,214.79999999999998
16339,,0.0,0.0,283.0,1.0,94.05
16340,95.0,2.0,961.93,106.0,1.0,534.31
16341,93.0,3.0,1878.92,24.0,4.0,1971.87
16342,,0.0,0.0,74.0,4.0,322.41
16343,63.0,1.0,285.54,15.0,2.0,328.58
16344,165.0,3.0,741.3199999999999,157.0,1.0,101.10000000000001
16345,139.0,1.0,613.33,43.0,1.0,565.46
16346,41.0,1.0,224.51,,0.0,0.0
16347,44.0,9.0,2595.51,10.0,2.0,847.45
16348,86.0,1.0,328.77,31.0,7.0,1413.31
16349,,0.0,0.0,290.0,1.0,53.5
16350,30.0,5.0,1137.42,20.0,4.0,1116.47
16351,67.0,12.0,3176.13,332.0,1.0,153.9
16352,,0.0,0.0,17.0,2.0,494.44
16353,10.0,19.0,3629.75,3.0,19.0,6165.71
16354,35.0,3.0,723.66,62.0,2.0,395.8
16355,31.0,1.0,416.35,,0.0,0.0
16356,32.0,3.0,204.10000000000002,197.0,3.0,211.77
16357,37.0,1.0,209.49,32.0,3.0,658.88
16358,50.0,1.0,892.1500000000001,0.0,4.0,2027.5
16359,32.0,7.0,946.83,6.0,9.0,1750.92
16360,,0.0,0.0,4.0,6.0,3450.41
16361,,0.0,0.0,9.0,4.0,891.21
16362,93.0,1.0,212.17,31.0,5.0,709.99
16363,,0.0,0.0,52.0,1.0,109.36000000000001
16364,,0.0,0.0,11.0,2.0,705.79
16365,15.0,8.0,1995.3799999999999,17.0,7.0,1171.96
16366,238.0,3.0,1220.83,18.0,1.0,327.3
16367,18.0,2.0,716.9,36.0,1.0,633.58
16368,91.0,1.0,141.53,1.0,2.0,479.91
16369,92.0,4.0,1111.15,17.0,3.0,1543.33
16370,,0.0,0.0,81.0,4.0,1301.91
16371,104.0,1.0,157.2,,0.0,0.0
16372,65.0,3.0,934.58,32.0,2.0,355.73
16373,38.0,2.0,309.49,,0.0,0.0
16374,58.0,3.0,1250.77,65.0,2.0,458.78000000000003
16375,126.0,2.0,104.0,,0.0,0.0
16376,,0.0,0.0,8.0,2.0,974.96
16377,273.0,1.0,632.28,266.0,1.0,676.2
16378,,0.0,0.0,246.0,3.0,362.95
16379,,0.0,0.0,3.0,4.0,2157.4
16380,,0.0,0.0,60.0,1.0,1743.1499999999999
16381,51.0,2.0,247.85,,0.0,0.0
16382,64.0,2.0,353.1,,0.0,0.0
16383,52.0,5.0,2244.23,74.0,2.0,643.76
16384,85.0,2.0,774.4499999999999,89.0,2.0,584.5
16385,22.0,3.0,473.69,59.0,2.0,407.66
16386,43.0,1.0,765.59,28.0,2.0,302.57
16387,51.0,4.0,788.1,322.0,1.0,94.36
16388,309.0,1.0,186.05,,0.0,0.0
16389,,0.0,0.0,52.0,4.0,1382.07
16390,192.0,3.0,467.5,,0.0,0.0
16391,56.0,4.0,1048.86,,0.0,0.0
16392,69.0,2.0,537.56,269.0,1.0,217.89
16393,18.0,12.0,2548.36,1.0,11.0,2749.41
16394,,0.0,0.0,56.0,5.0,1555.34
16395,49.0,9.0,2035.5,60.0,5.0,1482.06
16396,132.0,1.0,137.8,,0.0,0.0
16397,284.0,1.0,123.13,,0.0,0.0
16398,,0.0,0.0,153.0,2.0,1705.8
16399,45.0,1.0,222.20000000000002,18.0,2.0,406.21999999999997
16400,51.0,8.0,2755.92,94.0,1.0,303.93
16401,35.0,11.0,2749.13,0.0,12.0,4098.32
16402,25.0,1.0,205.65,264.0,1.0,87.8
16403,,0.0,0.0,311.0,1.0,177.5
16404,,0.0,0.0,69.0,1.0,443.05
16405,,0.0,0.0,301.0,2.0,167.25
16406,106.0,2.0,374.01,18.0,1.0,154.35
16407,45.0,4.0,681.97,12.0,10.0,2079.68
16408,247.0,1.0,231.93,,0.0,0.0
16409,36.0,7.0,3629.76,35.0,5.0,2022.98
16410,390.0,1.0,130.32,,0.0,0.0
16411,25.0,3.0,673.24,18.0,1.0,83.15
16412,49.0,4.0,457.2,53.0,1.0,135.99
16413,31.0,1.0,259.83,56.0,1.0,262.2
16414,87.0,3.0,424.96000000000004,21.0,2.0,126.25
16415,239.0,2.0,496.49,43.0,1.0,200.27
16416,46.0,6.0,1906.48,26.0,3.0,1051.4
16417,148.0,1.0,35.7,,0.0,0.0
16418,64.0,2.0,397.62,44.0,3.0,631.12
16419,233.0,2.0,504.99,112.0,6.0,958.71
16420,52.0,1.0,75.0,,0.0,0.0
16421,32.0,3.0,526.27,,0.0,0.0
16422,10.0,59.0,28997.34,16.0,48.0,32659.08
16423,,0.0,0.0,24.0,1.0,346.12
16424,38.0,1.0,309.5,190.0,1.0,133.56
16425,,0.0,0.0,301.0,1.0,302.7
16426,,0.0,0.0,1.0,10.0,1863.76
16427,,0.0,0.0,262.0,2.0,241.06
16428,69.0,3.0,638.49,,0.0,0.0
16429,,0.0,0.0,105.0,1.0,284.55
16430,37.0,5.0,802.09,56.0,1.0,300.85
16431,,0.0,0.0,212.0,3.0,623.28
16432,,0.0,0.0,63.0,1.0,287.4
16433,64.0,1.0,200.26,27.0,1.0,184.26
16434,102.0,5.0,1161.89,28.0,7.0,1511.8
16435,168.0,3.0,1003.0699999999999,,0.0,0.0
16436,324.0,3.0,319.14,,0.0,0.0
16437,37.0,2.0,301.25,,0.0,0.0
16438,,0.0,0.0,5.0,5.0,798.35
16439,378.0,1.0,310.70000000000005,,0.0,0.0
16440,149.0,1.0,216.3,7.0,5.0,3640.67
16441,73.0,3.0,631.98,66.0,2.0,381.2
16442,16.0,3.0,429.74,1.0,2.0,462.24
16443,176.0,1.0,162.24,,0.0,0.0
16444,46.0,13.0,2971.21,45.0,4.0,654.67
16445,42.0,3.0,352.65,33.0,1.0,230.51
16446,,0.0,0.0,0.0,2.0,168472.5
16447,246.0,2.0,471.19,135.0,1.0,255.91
16448,127.0,1.0,178.13,197.0,1.0,182.99
16449,,0.0,0.0,197.0,2.0,707.69
16450,240.0,2.0,1193.81,149.0,1.0,311.92
16451,217.0,2.0,746.1800000000001,87.0,1.0,266.97
16452,286.0,2.0,332.17,,0.0,0.0
16453,186.0,2.0,251.71,,0.0,0.0
16454,267.0,1.0,1.55,63.0,1.0,5.9
16455,17.0,7.0,2686.37,63.0,4.0,1309.2
16456,29.0,9.0,4630.16,98.0,4.0,1370.78
16457,,0.0,0.0,217.0,1.0,208.36
16458,16.0,13.0,2402.05,2.0,17.0,3288.84
16459,385.0,1.0,71.78999999999999,,0.0,0.0
16460,,0.0,0.0,27.0,3.0,811.23
16461,246.0,2.0,1396.91,177.0,1.0,142.92
16462,,0.0,0.0,73.0,3.0,136.0
16463,,0.0,0.0,20.0,4.0,1422.4
16464,,0.0,0.0,19.0,3.0,1298.66
16465,76.0,2.0,746.24,,0.0,0.0
16466,39.0,8.0,2171.13,33.0,7.0,1595.96
16467,164.0,7.0,2869.16,,0.0,0.0
16468,126.0,2.0,712.62,73.0,1.0,74.9
16469,170.0,1.0,178.48000000000002,23.0,4.0,625.42
16470,14.0,8.0,1880.42,51.0,3.0,536.43
16471,49.0,3.0,966.03,274.0,1.0,223.95000000000002
16472,90.0,2.0,789.6,,0.0,0.0
16473,30.0,1.0,154.72,164.0,3.0,316.11
16474,,0.0,0.0,6.0,7.0,1810.49
16475,,0.0,0.0,87.0,4.0,544.3
16476,87.0,1.0,350.35,,0.0,0.0
16477,8.0,6.0,2144.31,63.0,5.0,1950.06
16478,,0.0,0.0,24.0,3.0,331.0
16479,,0.0,0.0,9.0,2.0,300.83
16480,,0.0,0.0,75.0,1.0,769.29
16481,338.0,1.0,453.38,,0.0,0.0
16482,,0.0,0.0,15.0,1.0,220.62
16483,,0.0,0.0,191.0,1.0,139.35
16484,,0.0,0.0,173.0,2.0,404.3
16485,88.0,4.0,1923.54,76.0,1.0,363.65
16486,193.0,1.0,134.36,,0.0,0.0
16487,233.0,2.0,209.4,,0.0,0.0
16488,,0.0,0.0,32.0,3.0,498.8
16489,36.0,2.0,303.7,,0.0,0.0
16490,92.0,1.0,205.41000000000003,,0.0,0.0
16491,69.0,1.0,801.66,46.0,1.0,731.5
16492,196.0,1.0,385.56,,0.0,0.0
16493,100.0,3.0,780.46,79.0,4.0,1351.63
16494,,0.0,0.0,296.0,1.0,826.53
16495,,0.0,0.0,2.0,3.0,648.26
16496,87.0,3.0,731.25,8.0,3.0,1599.52
16497,69.0,17.0,3729.59,49.0,6.0,2965.69
16498,,0.0,0.0,160.0,2.0,100.97
16499,16.0,8.0,2578.34,,0.0,0.0
16500,30.0,3.0,443.05,4.0,6.0,400.86
16501,39.0,1.0,1191.23,,0.0,0.0
16502,276.0,2.0,258.55,,0.0,0.0
16503,16.0,8.0,2670.5,106.0,3.0,943.84
16504,,0.0,0.0,24.0,1.0,465.88
16505,,0.0,0.0,31.0,1.0,777.6
16506,,0.0,0.0,19.0,2.0,90.30000000000001
16507,228.0,1.0,142.71,,0.0,0.0
16508,286.0,1.0,240.95,,0.0,0.0
16509,,0.0,0.0,296.0,1.0,363.7
16510,28.0,6.0,1757.25,,0.0,0.0
16511,53.0,3.0,842.16,21.0,3.0,916.33
16513,,0.0,0.0,4.0,4.0,874.59
16515,35.0,5.0,1554.92,51.0,5.0,1624.14
16516,,0.0,0.0,29.0,1.0,101.69999999999999
16517,,0.0,0.0,276.0,1.0,162.7
16518,77.0,2.0,475.05,60.0,2.0,484.32
16519,21.0,3.0,327.68,24.0,1.0,109.28
16520,21.0,4.0,1427.57,185.0,2.0,720.8100000000001
16521,71.0,3.0,1136.36,,0.0,0.0
16522,91.0,2.0,433.36,,0.0,0.0
16523,71.0,7.0,2497.86,1.0,21.0,9418.470000000001
16524,102.0,2.0,306.19,,0.0,0.0
16525,14.0,24.0,11926.29,1.0,24.0,12225.01
16526,240.0,1.0,426.85,171.0,1.0,290.36
16527,80.0,1.0,1004.88,80.0,1.0,228.06
16528,,0.0,0.0,3.0,1.0,244.41
16529,133.0,3.0,1531.55,189.0,1.0,455.25
16530,324.0,1.0,48.349999999999994,,0.0,0.0
16531,16.0,5.0,1146.56,21.0,6.0,1151.77
16532,87.0,2.0,2007.84,17.0,3.0,6748.8
16533,,0.0,0.0,18.0,3.0,1082.81
16534,298.0,1.0,635.9,,0.0,0.0
16535,41.0,1.0,358.28999999999996,4.0,1.0,593.75
16536,,0.0,0.0,109.0,1.0,548.12
16537,297.0,1.0,10.55,,0.0,0.0
16538,197.0,3.0,395.07,,0.0,0.0
16539,14.0,8.0,2648.1,2.0,2.0,641.56
16540,70.0,1.0,205.75,,0.0,0.0
16541,391.0,1.0,424.03,,0.0,0.0
16542,57.0,1.0,137.7,53.0,1.0,119.62
16543,247.0,1.0,292.21,,0.0,0.0
16544,175.0,4.0,376.70000000000005,,0.0,0.0
16545,31.0,1.0,350.52,164.0,1.0,339.3
16546,28.0,4.0,4819.32,290.0,1.0,487.75
16547,202.0,1.0,104.25999999999999,,0.0,0.0
16548,255.0,1.0,30.15,,0.0,0.0
16549,53.0,24.0,8746.9,9.0,10.0,4034.9
16550,24.0,14.0,7063.37,108.0,4.0,1744.31
16551,79.0,4.0,1315.0,95.0,3.0,922.12
16552,29.0,1.0,95.29,242.0,1.0,284.44000000000005
16553,16.0,23.0,12473.630000000001,162.0,10.0,4110.38
16554,42.0,5.0,2004.6200000000001,41.0,3.0,837.1
16555,161.0,4.0,1629.79,34.0,2.0,285.89
16556,16.0,11.0,5009.64,66.0,6.0,3002.94
16557,,0.0,0.0,23.0,2.0,281.85
16558,13.0,20.0,5846.17,0.0,18.0,7457.9400000000005
16559,53.0,1.0,175.0,,0.0,0.0
16560,14.0,7.0,2539.15,26.0,1.0,509.23
16561,,0.0,0.0,5.0,2.0,511.12
16562,132.0,1.0,223.85999999999999,,0.0,0.0
16563,56.0,5.0,3334.82,53.0,1.0,1077.74
16564,225.0,1.0,87.8,,0.0,0.0
16565,20.0,4.0,773.05,,0.0,0.0
16566,,0.0,0.0,14.0,5.0,614.66
16567,,0.0,0.0,193.0,2.0,865.6
16568,83.0,2.0,1020.9000000000001,,0.0,0.0
16569,287.0,4.0,1331.03,2.0,1.0,124.2
16570,35.0,10.0,3695.91,14.0,10.0,3738.4
16571,51.0,7.0,2827.05,26.0,3.0,1421.69
16572,,0.0,0.0,126.0,3.0,1009.6
16573,,0.0,0.0,84.0,2.0,663.61
16574,79.0,2.0,850.34,70.0,1.0,451.44
16576,76.0,2.0,540.87,,0.0,0.0
16577,322.0,1.0,380.0,,0.0,0.0
16578,282.0,1.0,156.6,,0.0,0.0
16579,81.0,1.0,295.05,,0.0,0.0
16581,,0.0,0.0,182.0,1.0,105.84
16582,,0.0,0.0,112.0,1.0,313.62
16583,29.0,2.0,297.95,,0.0,0.0
16584,88.0,3.0,2220.09,79.0,2.0,936.08
16585,249.0,2.0,341.59,,0.0,0.0
16586,100.0,2.0,998.83,248.0,1.0,463.95
16587,,0.0,0.0,231.0,1.0,225.15
16588,42.0,4.0,1361.28,,0.0,0.0
16589,106.0,1.0,153.12,70.0,3.0,459.24
16590,56.0,2.0,605.9,,0.0,0.0
16591,,0.0,0.0,68.0,1.0,213.5
16592,31.0,12.0,3694.23,3.0,16.0,4113.68
16593,46.0,5.0,741.11,50.0,3.0,330.03
16594,,0.0,0.0,74.0,1.0,181.09
16595,32.0,4.0,1397.59,60.0,1.0,360.16
16596,22.0,3.0,329.48,15.0,1.0,129.5
16597,,0.0,0.0,3.0,1.0,90.04
16598,,0.0,0.0,285.0,1.0,145.04999999999998
16599,41.0,1.0,172.8,,0.0,0.0
16600,30.0,7.0,1339.89,3.0,6.0,813.52
16601,46.0,2.0,434.3,40.0,1.0,241.53
16602,44.0,1.0,235.25,35.0,1.0,528.08
16603,,0.0,0.0,74.0,2.0,482.47
16604,218.0,2.0,432.45,,0.0,0.0
16605,380.0,1.0,60.48,,0.0,0.0
16606,60.0,2.0,357.66,,0.0,0.0
16607,13.0,13.0,3013.98,17.0,12.0,2692.89
16608,109.0,2.0,1286.6200000000001,,0.0,0.0
16609,,0.0,0.0,14.0,7.0,5493.46
16610,,0.0,0.0,218.0,1.0,75.66
16611,59.0,5.0,1655.64,185.0,1.0,129.49
16612,35.0,5.0,2057.77,32.0,4.0,1187.66
16613,,0.0,0.0,69.0,1.0,618.59
16614,58.0,2.0,673.6,182.0,1.0,506.19
16615,282.0,1.0,291.5,,0.0,0.0
16616,,0.0,0.0,14.0,2.0,500.42
16617,,0.0,0.0,235.0,1.0,151.85
16618,,0.0,0.0,30.0,5.0,2647.59
16619,39.0,3.0,1712.1200000000001,263.0,1.0,226.21
16620,45.0,4.0,1579.97,3.0,2.0,178.96
16621,,0.0,0.0,51.0,4.0,813.48
16622,199.0,1.0,225.4,,0.0,0.0
16623,57.0,3.0,885.79,245.0,1.0,129.45
16624,,0.0,0.0,80.0,2.0,810.5699999999999
16625,78.0,4.0,1320.95,274.0,1.0,333.08
16626,,0.0,0.0,0.0,17.0,4413.1
16627,,0.0,0.0,78.0,1.0,322.8
16628,63.0,2.0,130.05,29.0,5.0,2188.05
16629,,0.0,0.0,73.0,2.0,408.63
16630,63.0,1.0,106.80000000000001,,0.0,0.0
16631,137.0,7.0,1892.52,,0.0,0.0
16632,141.0,2.0,406.4,,0.0,0.0
16633,,0.0,0.0,16.0,6.0,2883.1
16634,28.0,5.0,1596.71,222.0,1.0,53.1
16635,62.0,1.0,473.0,,0.0,0.0
16636,94.0,4.0,3802.04,,0.0,0.0
16637,,0.0,0.0,31.0,4.0,1154.47
16638,15.0,7.0,770.21,22.0,8.0,1609.92
16639,65.0,1.0,490.47,30.0,3.0,1257.51
16640,53.0,1.0,179.4,,0.0,0.0
16641,357.0,1.0,323.40000000000003,105.0,1.0,231.10000000000002
16642,71.0,1.0,389.12,4.0,2.0,688.33
16643,78.0,1.0,435.6,245.0,1.0,487.51
16644,,0.0,0.0,177.0,2.0,833.78
16645,391.0,1.0,160.39,,0.0,0.0
16646,105.0,1.0,678.8,,0.0,0.0
16647,98.0,2.0,327.84,169.0,2.0,214.06
16648,111.0,2.0,382.14,42.0,1.0,290.65999999999997
16649,176.0,1.0,306.58000000000004,,0.0,0.0
16650,76.0,6.0,1397.69,71.0,1.0,518.42
16651,242.0,1.0,136.2,,0.0,0.0
16652,60.0,9.0,10776.42,58.0,7.0,6773.97
16653,,0.0,0.0,15.0,2.0,1212.66
16654,24.0,5.0,1110.2,140.0,3.0,373.87
16655,67.0,7.0,2633.74,17.0,6.0,3789.52
16656,20.0,16.0,8636.130000000001,21.0,14.0,8197.039999999999
16657,,0.0,0.0,9.0,4.0,874.43
16658,24.0,5.0,680.83,,0.0,0.0
16659,,0.0,0.0,188.0,1.0,39.12
16660,78.0,3.0,611.9000000000001,15.0,4.0,1267.6499999999999
16661,196.0,4.0,932.76,,0.0,0.0
16662,50.0,1.0,151.05,,0.0,0.0
16663,385.0,1.0,165.0,,0.0,0.0
16664,225.0,1.0,109.2,,0.0,0.0
16665,18.0,1.0,135.39999999999998,,0.0,0.0
16666,277.0,1.0,98.73,18.0,1.0,118.98
16667,,0.0,0.0,67.0,2.0,567.1800000000001
16668,43.0,7.0,555.7,14.0,6.0,306.71999999999997
16669,,0.0,0.0,23.0,2.0,1344.48
16670,14.0,10.0,4337.86,16.0,10.0,3692.29
16671,,0.0,0.0,27.0,3.0,1692.27
16672,,0.0,0.0,1.0,20.0,8134.9400000000005
16673,335.0,1.0,171.13,,0.0,0.0
16674,,0.0,0.0,54.0,2.0,304.24
16675,97.0,2.0,608.86,,0.0,0.0
16676,58.0,2.0,769.78,33.0,4.0,1592.1200000000001
16677,67.0,2.0,880.62,,0.0,0.0
16678,,0.0,0.0,2.0,12.0,3109.99
16679,22.0,3.0,663.31,,0.0,0.0
16680,184.0,2.0,637.75,42.0,1.0,183.7
16681,297.0,1.0,151.5,72.0,6.0,1770.34
16682,,0.0,0.0,4.0,5.0,1028.0
16683,189.0,1.0,320.25,,0.0,0.0
16684,10.0,31.0,83602.61,3.0,24.0,63540.16
16685,,0.0,0.0,60.0,2.0,324.24
16686,11.0,10.0,2272.32,46.0,6.0,2608.75
16687,46.0,1.0,157.63,,0.0,0.0
16688,,0.0,0.0,0.0,4.0,1260.86
16689,,0.0,0.0,75.0,2.0,422.59999999999997
16690,49.0,2.0,127.45,71.0,2.0,225.57999999999998
16691,74.0,2.0,178.83,,0.0,0.0
16692,64.0,2.0,638.6999999999999,255.0,2.0,1126.0
16693,67.0,3.0,701.62,68.0,2.0,477.86
16694,379.0,1.0,98.30000000000001,,0.0,0.0
16695,217.0,2.0,191.9,,0.0,0.0
16696,,0.0,0.0,134.0,4.0,657.9000000000001
16697,,0.0,0.0,240.0,1.0,112.75
16698,,0.0,0.0,226.0,2.0,1998.0
16699,36.0,7.0,994.6,,0.0,0.0
16700,22.0,13.0,4091.16,8.0,12.0,4739.61
16701,17.0,14.0,4995.19,8.0,12.0,4921.54
16702,71.0,4.0,1109.53,,0.0,0.0
16704,274.0,2.0,664.16,,0.0,0.0
16705,14.0,24.0,30611.78,0.0,18.0,12903.27
16706,,0.0,0.0,36.0,3.0,531.35
16707,56.0,4.0,533.41,,0.0,0.0
16708,,0.0,0.0,45.0,1.0,656.63
16709,35.0,9.0,6026.14,84.0,5.0,3029.87
16710,16.0,14.0,3973.28,18.0,8.0,1948.07
16711,13.0,5.0,1431.65,2.0,4.0,1436.83
16712,57.0,2.0,621.5600000000001,8.0,11.0,3603.66
16713,10.0,19.0,7963.32,18.0,13.0,6152.24
16714,326.0,1.0,368.27,316.0,2.0,1114.06
16715,218.0,1.0,323.8,77.0,1.0,301.71999999999997
16716,286.0,1.0,1248.48,266.0,2.0,901.2
16717,22.0,9.0,3127.85,23.0,5.0,3535.83
16718,25.0,5.0,3006.08,,0.0,0.0
16719,24.0,8.0,2169.13,14.0,6.0,1339.49
16720,32.0,2.0,413.79,25.0,1.0,152.95
16721,,0.0,0.0,261.0,1.0,292.47
16722,22.0,11.0,4258.2699999999995,16.0,11.0,3931.29
16723,99.0,2.0,654.96,90.0,2.0,576.4
16724,60.0,1.0,147.35,,0.0,0.0
16725,15.0,9.0,1248.99,301.0,4.0,437.82
16726,17.0,3.0,834.71,25.0,4.0,1229.17
16727,20.0,4.0,1377.77,,0.0,0.0
16728,,0.0,0.0,45.0,4.0,1048.28
16729,,0.0,0.0,37.0,21.0,7202.01
16730,,0.0,0.0,51.0,3.0,743.11
16731,304.0,1.0,170.3,,0.0,0.0
16732,59.0,3.0,3783.89,31.0,1.0,603.75
16733,185.0,1.0,259.68,,0.0,0.0
16734,,0.0,0.0,51.0,3.0,646.76
16735,49.0,9.0,3970.0,78.0,5.0,2247.41
16736,161.0,5.0,2956.56,,0.0,0.0
16737,233.0,1.0,417.59999999999997,52.0,1.0,417.59999999999997
16738,,0.0,0.0,297.0,1.0,3.75
16739,192.0,1.0,463.43,176.0,1.0,323.0
16740,51.0,1.0,226.91,,0.0,0.0
16741,281.0,1.0,173.06,,0.0,0.0
16742,148.0,13.0,2334.97,,0.0,0.0
16743,14.0,8.0,2429.3,28.0,6.0,1782.85
16744,,0.0,0.0,10.0,7.0,1291.91
16745,,0.0,0.0,86.0,17.0,7180.7
16746,14.0,25.0,11676.58,4.0,17.0,6368.47
16747,,0.0,0.0,37.0,2.0,836.06
16748,44.0,9.0,2121.43,17.0,5.0,1515.9
16749,247.0,2.0,4157.88,,0.0,0.0
16750,,0.0,0.0,44.0,5.0,623.93
16751,,0.0,0.0,30.0,1.0,1764.72
16752,28.0,1.0,207.5,,0.0,0.0
16753,,0.0,0.0,57.0,1.0,223.92000000000002
16754,28.0,29.0,65500.07,,0.0,0.0
16755,123.0,4.0,1389.25,113.0,3.0,1475.43
16756,60.0,6.0,1072.97,214.0,1.0,239.4
16757,65.0,1.0,163.65,318.0,1.0,106.83000000000001
16758,,0.0,0.0,64.0,1.0,369.34000000000003
16759,,0.0,0.0,7.0,3.0,789.79
16760,86.0,1.0,228.0,,0.0,0.0
16761,,0.0,0.0,96.0,1.0,316.62
16762,,0.0,0.0,19.0,3.0,1207.24
16763,394.0,1.0,352.85,198.0,1.0,611.85
16764,,0.0,0.0,3.0,13.0,2790.9500000000003
16765,38.0,1.0,420.75,293.0,1.0,34.0
16766,,0.0,0.0,272.0,2.0,1145.6
16767,74.0,4.0,2476.85,30.0,11.0,5575.56
16768,39.0,6.0,1220.48,47.0,3.0,478.09000000000003
16769,134.0,3.0,755.51,259.0,1.0,361.54
16770,14.0,6.0,1284.03,57.0,3.0,494.90000000000003
16771,113.0,5.0,1690.49,32.0,5.0,2230.61
16772,79.0,3.0,3698.0499999999997,,0.0,0.0
16773,92.0,2.0,249.65,56.0,1.0,171.59
16774,79.0,4.0,905.96,67.0,4.0,661.52
16775,23.0,6.0,1361.23,9.0,10.0,1459.6100000000001
16776,71.0,1.0,220.97,59.0,1.0,371.54
16777,69.0,3.0,1069.56,79.0,2.0,222.62
16778,,0.0,0.0,73.0,2.0,245.94
16779,18.0,33.0,22885.14,1.0,20.0,9923.89
16780,63.0,1.0,174.16,99.0,2.0,422.24
16781,28.0,2.0,623.0,,0.0,0.0
16782,15.0,27.0,7934.21,9.0,11.0,1701.91
16783,92.0,1.0,391.95,,0.0,0.0
16784,32.0,4.0,784.73,19.0,1.0,107.6
16785,65.0,1.0,533.78,,0.0,0.0
16786,49.0,1.0,51.839999999999996,,0.0,0.0
16787,53.0,4.0,1017.53,,0.0,0.0
16788,60.0,3.0,1334.54,122.0,2.0,592.74
16789,,0.0,0.0,7.0,1.0,80.8
16790,,0.0,0.0,3.0,6.0,1545.6200000000001
16791,39.0,8.0,2251.85,28.0,7.0,1693.03
16792,39.0,3.0,513.08,281.0,2.0,110.38000000000001
16793,,0.0,0.0,56.0,1.0,243.84
16794,36.0,5.0,856.1999999999999,0.0,10.0,1194.48
16795,21.0,3.0,2062.41,,0.0,0.0
16796,,0.0,0.0,88.0,1.0,305.62
16797,49.0,5.0,1802.02,,0.0,0.0
16798,210.0,3.0,841.16,,0.0,0.0
16799,88.0,2.0,452.78000000000003,,0.0,0.0
16800,,0.0,0.0,10.0,1.0,1162.65
16801,,0.0,0.0,162.0,4.0,1594.23
16802,335.0,2.0,582.61,,0.0,0.0
16803,,0.0,0.0,64.0,1.0,332.3
16804,,0.0,0.0,22.0,3.0,536.99
16805,16.0,3.0,830.52,173.0,1.0,245.82
16806,,0.0,0.0,102.0,4.0,736.21
16807,126.0,3.0,1002.29,142.0,3.0,1121.59
16808,,0.0,0.0,98.0,2.0,288.42
16809,88.0,4.0,812.74,22.0,5.0,914.69
16810,76.0,1.0,532.5,191.0,1.0,309.54
16811,,0.0,0.0,4.0,2.0,547.07
16812,16.0,4.0,2392.0,,0.0,0.0
16813,,0.0,0.0,7.0,10.0,1652.18
16814,25.0,16.0,5781.4400000000005,13.0,20.0,6133.51
16815,109.0,2.0,406.02,,0.0,0.0
16816,14.0,1.0,75.78,102.0,3.0,341.28000000000003
16817,15.0,6.0,1323.25,2.0,7.0,1237.45
16818,,0.0,0.0,10.0,11.0,3349.57
16819,121.0,2.0,182.59,,0.0,0.0
16820,,0.0,0.0,95.0,1.0,497.61
16821,37.0,1.0,113.35,,0.0,0.0
16822,342.0,1.0,181.39,,0.0,0.0
16823,43.0,6.0,1884.71,226.0,1.0,358.38
16824,49.0,1.0,225.6,15.0,2.0,460.64
16825,34.0,3.0,1051.71,38.0,2.0,775.1800000000001
16826,,0.0,0.0,50.0,1.0,341.7
16827,49.0,5.0,387.18,,0.0,0.0
16828,,0.0,0.0,111.0,1.0,113.5
16829,44.0,1.0,316.1,156.0,1.0,197.22
16830,98.0,3.0,881.59,38.0,1.0,325.91
16831,220.0,1.0,91.8,,0.0,0.0
16832,84.0,2.0,218.45999999999998,183.0,3.0,199.15
16833,95.0,2.0,1302.51,0.0,4.0,1106.53
16834,330.0,1.0,485.5,227.0,1.0,413.46
16835,29.0,5.0,1357.56,127.0,1.0,99.1
16836,62.0,2.0,530.5,39.0,2.0,251.87
16837,,0.0,0.0,30.0,11.0,3170.98
16838,186.0,2.0,570.76,196.0,2.0,588.85
16839,25.0,11.0,5716.14,8.0,33.0,16042.11
16840,259.0,2.0,139.85,,0.0,0.0
16841,84.0,6.0,2136.2400000000002,36.0,6.0,1869.82
16842,,0.0,0.0,100.0,3.0,1264.19
16843,78.0,19.0,9374.86,42.0,16.0,10196.57
16844,218.0,2.0,614.34,,0.0,0.0
16845,274.0,1.0,253.88,,0.0,0.0
16846,233.0,2.0,628.09,49.0,1.0,214.32
16847,274.0,1.0,421.45000000000005,42.0,1.0,193.44
16848,32.0,3.0,1130.2,52.0,1.0,281.42
16849,,0.0,0.0,186.0,1.0,124.57
16850,,0.0,0.0,333.0,1.0,332.41
16851,,0.0,0.0,3.0,3.0,342.45
16852,,0.0,0.0,9.0,2.0,144.91000000000003
16854,73.0,2.0,1408.96,,0.0,0.0
16855,,0.0,0.0,23.0,2.0,328.4
16856,73.0,2.0,323.09000000000003,14.0,1.0,35.400000000000006
16857,98.0,1.0,352.8,,0.0,0.0
16858,24.0,10.0,4292.59,,0.0,0.0
16859,72.0,5.0,1184.6,144.0,2.0,747.81
16860,108.0,3.0,1610.62,,0.0,0.0
16861,46.0,3.0,772.83,59.0,2.0,173.76
16862,203.0,4.0,662.33,,0.0,0.0
16863,22.0,2.0,495.72,30.0,1.0,338.55
16864,90.0,2.0,409.25,,0.0,0.0
16865,57.0,1.0,130.95,,0.0,0.0
16866,,0.0,0.0,140.0,3.0,207.73999999999998
16867,345.0,1.0,76.74000000000001,,0.0,0.0
16868,50.0,3.0,384.56,,0.0,0.0
16869,,0.0,0.0,22.0,4.0,817.12
16870,125.0,1.0,450.15999999999997,,0.0,0.0
16871,,0.0,0.0,21.0,6.0,2812.34
16872,83.0,3.0,533.11,76.0,3.0,680.02
16873,20.0,7.0,9651.41,4.0,5.0,4965.98
16874,35.0,1.0,209.89000000000001,,0.0,0.0
16875,93.0,6.0,2139.0,66.0,5.0,2095.53
16876,59.0,1.0,136.01,,0.0,0.0
16877,,0.0,0.0,11.0,6.0,846.62
16878,,0.0,0.0,83.0,1.0,13.3
16880,149.0,1.0,321.78,30.0,7.0,1491.43
16881,,0.0,0.0,66.0,1.0,432.0
16882,,0.0,0.0,66.0,3.0,705.12
16883,27.0,18.0,2101.61,186.0,1.0,144.45
16884,212.0,2.0,641.13,37.0,2.0,429.84000000000003
16885,13.0,2.0,410.89,14.0,2.0,272.46
16886,112.0,1.0,134.0,,0.0,0.0
16887,56.0,2.0,465.84000000000003,34.0,1.0,192.32999999999998
16888,56.0,3.0,434.2,,0.0,0.0
16889,53.0,3.0,947.98,194.0,3.0,1578.67
16890,132.0,3.0,277.91,,0.0,0.0
16891,27.0,7.0,1202.77,1.0,4.0,525.17
16892,210.0,2.0,236.56,0.0,5.0,518.19
16893,22.0,2.0,249.47,,0.0,0.0
16894,158.0,3.0,1306.96,,0.0,0.0
16895,94.0,4.0,900.63,64.0,1.0,202.27
16896,211.0,1.0,103.95,,0.0,0.0
16897,,0.0,0.0,298.0,2.0,289.78
16898,24.0,3.0,496.26,25.0,2.0,388.95
16899,16.0,3.0,595.26,7.0,5.0,1100.51
16900,,0.0,0.0,16.0,3.0,882.16
16901,385.0,1.0,204.26,,0.0,0.0
16902,,0.0,0.0,115.0,1.0,1706.88
16903,36.0,2.0,678.55,28.0,1.0,363.2
16904,23.0,7.0,1360.31,3.0,13.0,3296.25
16905,27.0,11.0,1921.07,4.0,6.0,2783.2
16906,84.0,3.0,850.48,81.0,4.0,559.59
16907,21.0,5.0,722.0500000000001,28.0,4.0,748.84
16908,378.0,1.0,252.59,,0.0,0.0
16909,,0.0,0.0,71.0,1.0,379.14
16910,,0.0,0.0,3.0,8.0,1508.96
16911,291.0,2.0,255.25,,0.0,0.0
16912,77.0,4.0,1904.93,28.0,11.0,2555.58
16913,307.0,2.0,310.46999999999997,289.0,1.0,113.44
16914,,0.0,0.0,35.0,1.0,183.76
16915,42.0,5.0,921.5,8.0,6.0,621.6800000000001
16916,28.0,3.0,530.14,23.0,1.0,365.98
16917,288.0,1.0,1460.3600000000001,276.0,1.0,391.52
16918,78.0,10.0,2137.72,49.0,6.0,1068.82
16919,16.0,15.0,2857.42,155.0,9.0,2052.2400000000002
16920,67.0,1.0,355.45,,0.0,0.0
16921,98.0,2.0,255.03,60.0,1.0,154.18
16922,228.0,1.0,611.08,,0.0,0.0
16923,18.0,14.0,6638.55,11.0,18.0,6518.58
16924,,0.0,0.0,20.0,3.0,829.89
16925,196.0,1.0,125.65,,0.0,0.0
16926,27.0,5.0,1169.6100000000001,,0.0,0.0
16927,17.0,1.0,218.1,115.0,2.0,324.95
16928,29.0,10.0,1107.58,79.0,16.0,2690.5
16929,,0.0,0.0,3.0,7.0,1295.39
16930,,0.0,0.0,25.0,3.0,378.89
16931,13.0,4.0,842.01,4.0,19.0,4190.21
16932,79.0,2.0,262.32,52.0,1.0,150.23000000000002
16933,45.0,7.0,2536.07,0.0,2.0,563.23
16934,39.0,4.0,1152.1100000000001,54.0,2.0,931.03
16935,37.0,3.0,530.86,,0.0,0.0
16936,41.0,1.0,286.39,25.0,1.0,261.9
16937,155.0,1.0,196.25,,0.0,0.0
16938,37.0,5.0,4283.68,8.0,4.0,2711.6800000000003
16939,144.0,3.0,433.85,,0.0,0.0
16940,106.0,5.0,3377.78,51.0,3.0,3049.88
16941,267.0,1.0,33.0,,0.0,0.0
16942,,0.0,0.0,12.0,9.0,1904.99
16943,,0.0,0.0,211.0,3.0,816.73
16944,265.0,1.0,101.36,,0.0,0.0
16945,14.0,15.0,4482.51,21.0,18.0,4065.65
16946,39.0,5.0,1222.04,,0.0,0.0
16947,118.0,3.0,540.23,235.0,1.0,406.48
16948,85.0,4.0,433.75,138.0,3.0,435.02
16949,,0.0,0.0,3.0,6.0,1286.27
16950,23.0,8.0,2527.21,56.0,2.0,1006.56
16951,,0.0,0.0,134.0,3.0,1277.75
16952,97.0,3.0,628.22,108.0,2.0,167.61
16953,,0.0,0.0,29.0,1.0,20.8
16954,15.0,12.0,4343.599999999999,0.0,8.0,1738.28
16955,24.0,4.0,790.74,184.0,2.0,329.57
16956,,0.0,0.0,17.0,1.0,308.74
16957,,0.0,0.0,238.0,2.0,416.64
16958,91.0,1.0,778.49,,0.0,0.0
16959,,0.0,0.0,86.0,1.0,117.35000000000001
16960,46.0,5.0,1483.83,38.0,3.0,505.1
16961,44.0,2.0,560.39,115.0,1.0,234.17
16962,65.0,1.0,251.04,,0.0,0.0
16963,,0.0,0.0,186.0,1.0,110.55000000000001
16964,389.0,2.0,207.85,,0.0,0.0
16965,,0.0,0.0,226.0,1.0,192.07
16966,,0.0,0.0,7.0,7.0,2154.97
16967,,0.0,0.0,188.0,1.0,319.02
16968,,0.0,0.0,3.0,2.0,439.43
16969,,0.0,0.0,38.0,3.0,650.41
16970,282.0,1.0,71.4,,0.0,0.0
16971,,0.0,0.0,37.0,1.0,357.21
16972,38.0,2.0,749.0,,0.0,0.0
16973,42.0,1.0,127.0,,0.0,0.0
16974,178.0,2.0,365.5,,0.0,0.0
16975,79.0,3.0,926.12,,0.0,0.0
16976,,0.0,0.0,266.0,1.0,251.51999999999998
16977,51.0,4.0,496.0,,0.0,0.0
16978,322.0,2.0,424.55,77.0,1.0,344.33
16979,39.0,3.0,1007.74,3.0,6.0,1852.0
16980,84.0,1.0,394.37,254.0,2.0,1028.46
16982,,0.0,0.0,60.0,1.0,384.06
16983,25.0,5.0,1748.15,12.0,6.0,1742.3799999999999
16984,60.0,7.0,5891.01,87.0,2.0,4459.52
16985,14.0,14.0,6392.36,16.0,9.0,4530.8
16986,101.0,9.0,3015.55,29.0,2.0,1873.2
16987,32.0,4.0,882.65,2.0,7.0,1616.8
16988,35.0,1.0,256.55,4.0,1.0,126.12
16989,,0.0,0.0,6.0,6.0,1133.25
16990,78.0,1.0,165.0,218.0,1.0,179.0
16991,77.0,1.0,1041.21,,0.0,0.0
16992,43.0,8.0,3862.19,10.0,5.0,1614.31
16993,119.0,2.0,1950.9499999999998,,0.0,0.0
16996,9.0,5.0,794.19,29.0,4.0,1329.42
16997,,0.0,0.0,287.0,3.0,702.0
16998,100.0,1.0,107.0,149.0,4.0,295.0
16999,,0.0,0.0,22.0,2.0,484.82
17000,52.0,2.0,406.3,,0.0,0.0
17001,14.0,9.0,3049.19,0.0,10.0,3591.61
17002,99.0,4.0,1077.82,85.0,3.0,1493.73
17003,58.0,4.0,828.21,,0.0,0.0
17004,48.0,2.0,1012.22,45.0,2.0,1312.1399999999999
17005,126.0,2.0,622.36,,0.0,0.0
17006,48.0,4.0,853.49,4.0,4.0,781.78
17007,13.0,3.0,437.29,50.0,4.0,682.81
17008,85.0,1.0,81.36,,0.0,0.0
17009,207.0,1.0,242.06,,0.0,0.0
17010,,0.0,0.0,17.0,1.0,195.36
17011,303.0,2.0,400.8,29.0,1.0,270.9
17012,381.0,1.0,360.61,,0.0,0.0
17014,,0.0,0.0,7.0,3.0,583.4300000000001
17015,,0.0,0.0,28.0,3.0,1838.6100000000001
17016,232.0,1.0,552.4,,0.0,0.0
17017,16.0,14.0,6240.37,2.0,15.0,6336.62
17018,43.0,4.0,1367.6,40.0,2.0,920.1
17019,24.0,8.0,2687.73,10.0,3.0,899.26
17020,198.0,2.0,935.62,,0.0,0.0
17021,98.0,6.0,1182.22,,0.0,0.0
17022,88.0,1.0,189.0,30.0,1.0,71.0
17023,73.0,3.0,800.18,,0.0,0.0
17024,,0.0,0.0,44.0,3.0,95.85
17025,29.0,4.0,1152.87,60.0,1.0,196.8
17026,25.0,2.0,54.15,184.0,1.0,121.67999999999999
17027,102.0,3.0,433.07,78.0,6.0,877.5600000000001
17028,237.0,3.0,1593.83,,0.0,0.0
17029,38.0,5.0,1421.3,110.0,2.0,716.0
17030,,0.0,0.0,63.0,1.0,146.87
17031,34.0,4.0,2393.5,11.0,2.0,380.35
17032,259.0,5.0,2896.69,,0.0,0.0
17033,15.0,2.0,610.45,85.0,2.0,722.34
17034,65.0,2.0,530.9,15.0,3.0,745.52
17035,247.0,2.0,180.06,245.0,2.0,433.53000000000003
17036,39.0,1.0,176.9,,0.0,0.0
17037,,0.0,0.0,87.0,1.0,1267.32
17038,71.0,1.0,630.77,29.0,1.0,112.4
17039,260.0,1.0,1954.99,,0.0,0.0
17040,206.0,1.0,13.52,137.0,1.0,449.73
17041,16.0,4.0,888.21,26.0,2.0,766.99
17042,,0.0,0.0,2.0,5.0,1036.58
17043,31.0,4.0,858.47,31.0,4.0,1735.18
17044,30.0,11.0,11013.82,24.0,1.0,948.48
17045,32.0,2.0,488.24,112.0,3.0,339.44
17046,100.0,4.0,1264.05,156.0,1.0,642.02
17047,87.0,3.0,1188.33,84.0,3.0,1100.9
17048,93.0,4.0,1146.33,117.0,3.0,925.35
17049,31.0,10.0,4287.5,2.0,9.0,5655.03
17050,31.0,4.0,1162.82,95.0,6.0,3185.64
17051,102.0,3.0,465.6,193.0,1.0,240.89000000000001
17052,,0.0,0.0,27.0,1.0,399.09
17053,,0.0,0.0,130.0,1.0,498.48
17054,,0.0,0.0,27.0,5.0,1356.33
17055,101.0,1.0,232.85,,0.0,0.0
17056,394.0,1.0,128.60000000000002,,0.0,0.0
17057,252.0,1.0,288.79,,0.0,0.0
17058,,0.0,0.0,81.0,3.0,1179.89
17059,25.0,5.0,2506.54,29.0,4.0,2358.03
17060,,0.0,0.0,265.0,1.0,234.24
17061,,0.0,0.0,73.0,11.0,5232.2300000000005
17062,14.0,5.0,782.07,313.0,1.0,102.64
17063,63.0,6.0,2177.39,20.0,7.0,1461.14
17064,,0.0,0.0,58.0,3.0,855.45
17065,293.0,2.0,194.7,,0.0,0.0
17066,382.0,1.0,228.34,,0.0,0.0
17067,380.0,3.0,454.54,,0.0,0.0
17068,14.0,28.0,4725.49,11.0,19.0,4254.6900000000005
17069,10.0,7.0,3390.73,27.0,7.0,2126.5
17070,66.0,1.0,133.18,113.0,1.0,304.24
17071,37.0,4.0,1364.68,27.0,9.0,2429.03
17072,281.0,1.0,273.35,,0.0,0.0
17073,,0.0,0.0,17.0,4.0,1444.84
17074,218.0,1.0,203.05,,0.0,0.0
17075,85.0,6.0,1402.51,17.0,4.0,834.12
17076,20.0,4.0,553.17,35.0,2.0,689.5799999999999
17077,234.0,1.0,306.0,,0.0,0.0
17078,,0.0,0.0,35.0,2.0,375.86
17079,,0.0,0.0,77.0,1.0,118.80000000000001
17080,35.0,5.0,669.91,21.0,2.0,287.62
17081,51.0,4.0,660.48,24.0,2.0,288.91
17082,50.0,4.0,2728.18,32.0,2.0,2003.85
17083,65.0,6.0,2644.01,108.0,3.0,1405.78
17084,52.0,1.0,2253.22,34.0,2.0,2747.9900000000002
17085,10.0,25.0,7013.06,122.0,3.0,826.21
17086,,0.0,0.0,6.0,6.0,2050.08
17087,393.0,1.0,221.53,,0.0,0.0
17088,,0.0,0.0,27.0,4.0,1991.01
17089,42.0,1.0,128.45,,0.0,0.0
17090,10.0,7.0,1166.73,3.0,6.0,1913.45
17091,23.0,11.0,3961.44,2.0,8.0,3534.31
17092,93.0,7.0,3737.38,49.0,4.0,1774.03
17093,248.0,1.0,235.88,,0.0,0.0
17094,79.0,1.0,100.2,321.0,1.0,302.0
17095,86.0,4.0,1248.09,22.0,3.0,1324.16
17096,39.0,7.0,2675.8,14.0,4.0,1022.13
17097,21.0,2.0,363.66,1.0,7.0,779.7
17098,37.0,3.0,591.0699999999999,,0.0,0.0
17099,189.0,1.0,582.17,,0.0,0.0
17100,,0.0,0.0,17.0,2.0,971.74
17101,50.0,3.0,885.3199999999999,9.0,4.0,1621.73
17102,,0.0,0.0,261.0,1.0,25.5
17103,378.0,1.0,424.3,,0.0,0.0
17104,79.0,1.0,474.03,,0.0,0.0
17105,,0.0,0.0,158.0,2.0,665.78
17106,45.0,1.0,481.58,,0.0,0.0
17107,53.0,4.0,5255.24,32.0,6.0,10797.48
17108,319.0,1.0,174.95,,0.0,0.0
17109,62.0,2.0,410.42,28.0,6.0,881.29
17110,176.0,2.0,336.59999999999997,164.0,1.0,163.29999999999998
17111,81.0,1.0,227.97,46.0,1.0,231.61
17112,158.0,1.0,197.57,,0.0,0.0
17113,230.0,6.0,2305.59,,0.0,0.0
17114,,0.0,0.0,5.0,8.0,801.12
17115,204.0,4.0,1923.99,7.0,3.0,837.5
17116,304.0,1.0,389.78,,0.0,0.0
17117,,0.0,0.0,287.0,1.0,116.19999999999999
17118,,0.0,0.0,317.0,1.0,157.02
17119,,0.0,0.0,2.0,2.0,606.91
17120,,0.0,0.0,232.0,1.0,307.46
17121,58.0,1.0,314.74,,0.0,0.0
17122,44.0,3.0,432.18,118.0,1.0,138.32
17123,95.0,2.0,621.37,161.0,1.0,345.29999999999995
17124,,0.0,0.0,184.0,1.0,294.24
17125,,0.0,0.0,49.0,1.0,230.5
17126,18.0,5.0,1221.43,151.0,4.0,787.5
17127,84.0,5.0,1155.0300000000002,,0.0,0.0
17128,,0.0,0.0,334.0,1.0,157.09
17129,176.0,1.0,31.85,,0.0,0.0
17131,,0.0,0.0,4.0,5.0,2463.17
17132,108.0,2.0,1220.9099999999999,,0.0,0.0
17133,130.0,5.0,9730.09,15.0,7.0,4892.240000000001
17134,98.0,1.0,212.1,106.0,2.0,413.2
17135,27.0,4.0,792.23,15.0,6.0,924.15
17136,318.0,1.0,231.68,,0.0,0.0
17137,72.0,6.0,1099.81,,0.0,0.0
17138,45.0,6.0,4036.77,275.0,1.0,380.5
17139,45.0,13.0,8915.99,15.0,12.0,10650.77
17140,,0.0,0.0,246.0,1.0,454.12
17141,74.0,4.0,727.58,,0.0,0.0
17142,60.0,3.0,696.25,238.0,1.0,579.0
17143,73.0,2.0,880.97,,0.0,0.0
17144,,0.0,0.0,0.0,2.0,984.57
17145,168.0,4.0,3120.91,,0.0,0.0
17146,14.0,11.0,5401.11,105.0,2.0,451.53
17147,108.0,5.0,1485.36,22.0,4.0,1714.59
17148,,0.0,0.0,51.0,1.0,124.88
17149,107.0,1.0,143.10000000000002,,0.0,0.0
17150,32.0,6.0,1357.95,,0.0,0.0
17151,391.0,1.0,231.90000000000003,,0.0,0.0
17152,81.0,1.0,327.0,194.0,3.0,1689.5
17153,,0.0,0.0,23.0,1.0,213.78
17154,,0.0,0.0,74.0,1.0,329.34
17155,183.0,5.0,640.76,17.0,2.0,251.70000000000002
17156,147.0,1.0,591.87,,0.0,0.0
17157,136.0,17.0,4832.9,7.0,2.0,319.0
17158,16.0,3.0,1126.82,31.0,2.0,853.18
17159,133.0,2.0,560.71,21.0,3.0,1538.88
17160,30.0,11.0,6691.13,30.0,6.0,3518.03
17161,100.0,1.0,856.01,,0.0,0.0
17162,,0.0,0.0,28.0,10.0,1715.46
17163,101.0,2.0,406.68,21.0,2.0,293.1
17164,,0.0,0.0,32.0,7.0,2467.35
17165,37.0,5.0,1635.64,283.0,1.0,158.68
17166,,0.0,0.0,38.0,2.0,206.34
17167,35.0,3.0,867.11,,0.0,0.0
17168,154.0,1.0,400.2,,0.0,0.0
17169,234.0,1.0,320.95,57.0,2.0,835.78
17170,30.0,2.0,178.68,,0.0,0.0
17171,317.0,1.0,159.68,288.0,1.0,224.91
17172,86.0,2.0,638.81,78.0,1.0,317.76
17173,,0.0,0.0,4.0,8.0,3766.6
17174,,0.0,0.0,217.0,1.0,59.9
17175,,0.0,0.0,43.0,4.0,1443.69
17176,182.0,2.0,596.1899999999999,201.0,1.0,306.13
17177,161.0,1.0,119.5,,0.0,0.0
17178,387.0,1.0,432.96,,0.0,0.0
17179,17.0,4.0,1038.47,177.0,2.0,468.79
17180,78.0,7.0,1452.8,55.0,4.0,783.97
17181,29.0,2.0,225.45000000000002,56.0,1.0,84.39999999999999
17182,78.0,2.0,321.3,,0.0,0.0
17183,,0.0,0.0,7.0,6.0,3347.31
17184,225.0,2.0,198.41000000000003,,0.0,0.0
17185,247.0,3.0,229.46,,0.0,0.0
17186,,0.0,0.0,46.0,2.0,144.0
17187,182.0,1.0,263.76,226.0,1.0,203.95
17188,18.0,7.0,2632.34,10.0,6.0,1960.59
17189,15.0,4.0,796.45,105.0,1.0,157.18
17190,59.0,5.0,1279.99,58.0,2.0,444.74
17191,24.0,11.0,2726.77,27.0,4.0,1583.57
17192,192.0,1.0,75.28,,0.0,0.0
17193,42.0,2.0,610.74,35.0,7.0,1699.3000000000002
17194,16.0,2.0,776.66,,0.0,0.0
17195,311.0,1.0,562.98,,0.0,0.0
17196,83.0,1.0,327.75,,0.0,0.0
17197,,0.0,0.0,29.0,1.0,1013.01
17198,21.0,2.0,521.66,23.0,1.0,170.56
17199,238.0,1.0,135.04000000000002,,0.0,0.0
17200,43.0,4.0,356.71,,0.0,0.0
17201,179.0,3.0,842.8199999999999,53.0,1.0,289.78
17202,76.0,1.0,160.65,,0.0,0.0
17203,44.0,4.0,2004.01,35.0,6.0,3560.08
17204,30.0,5.0,3940.13,174.0,4.0,1564.56
17205,72.0,2.0,615.27,53.0,1.0,384.08
17206,,0.0,0.0,52.0,1.0,204.24
17207,308.0,1.0,291.77,,0.0,0.0
17208,51.0,1.0,111.15,,0.0,0.0
17209,305.0,3.0,595.7,,0.0,0.0
17210,48.0,1.0,251.72,,0.0,0.0
17211,9.0,8.0,2235.84,26.0,5.0,1537.51
17212,114.0,2.0,567.5600000000001,252.0,1.0,226.85
17213,9.0,8.0,2704.02,39.0,5.0,2165.38
17214,15.0,1.0,171.05,59.0,5.0,888.07
17215,120.0,1.0,186.15,,0.0,0.0
17216,210.0,1.0,63.6,,0.0,0.0
17217,275.0,1.0,96.6,233.0,1.0,113.5
17218,11.0,11.0,2538.7,3.0,7.0,1350.69
17219,72.0,1.0,144.9,31.0,1.0,114.23
17220,20.0,8.0,1581.36,23.0,13.0,2870.05
17221,247.0,3.0,642.14,6.0,2.0,334.48
17222,133.0,5.0,1234.96,64.0,1.0,328.65
17223,24.0,2.0,398.99,309.0,1.0,124.05
17224,157.0,1.0,100.86,,0.0,0.0
17225,237.0,1.0,131.15,,0.0,0.0
17226,100.0,2.0,501.97999999999996,308.0,1.0,393.49
17227,24.0,7.0,1081.8600000000001,18.0,5.0,797.07
17228,23.0,7.0,1269.8899999999999,15.0,6.0,1550.14
17229,,0.0,0.0,95.0,2.0,318.76
17230,10.0,16.0,8510.09,263.0,2.0,878.4
17231,17.0,16.0,4172.09,11.0,9.0,2892.71
17232,,0.0,0.0,2.0,2.0,417.77
17233,104.0,2.0,369.98,34.0,1.0,190.88
17234,,0.0,0.0,182.0,1.0,149.89000000000001
17235,28.0,7.0,1354.82,24.0,1.0,208.16
17236,18.0,7.0,1139.41,12.0,5.0,789.85
17237,31.0,2.0,679.44,10.0,2.0,314.69
17238,27.0,17.0,3982.16,2.0,15.0,3349.01
17239,43.0,3.0,806.95,312.0,1.0,382.5
17240,252.0,1.0,130.6,,0.0,0.0
17241,41.0,12.0,2736.64,,0.0,0.0
17242,112.0,3.0,1754.24,107.0,2.0,1135.04
17243,11.0,46.0,12481.18,0.0,23.0,7703.5
17244,39.0,4.0,871.14,52.0,1.0,954.9
17245,345.0,1.0,200.18,204.0,1.0,171.45
17246,202.0,2.0,38.92,,0.0,0.0
17247,,0.0,0.0,14.0,1.0,280.09000000000003
17248,137.0,1.0,181.89000000000001,119.0,1.0,318.65
17249,84.0,1.0,68.03,,0.0,0.0
17250,,0.0,0.0,3.0,2.0,381.97
17251,18.0,3.0,798.98,,0.0,0.0
17252,,0.0,0.0,116.0,2.0,348.91
17253,,0.0,0.0,17.0,1.0,178.26
17254,57.0,1.0,198.29,4.0,2.0,271.19
17255,46.0,2.0,490.21999999999997,40.0,2.0,291.48
17256,137.0,3.0,258.93,106.0,2.0,240.0
17257,92.0,2.0,189.78,,0.0,0.0
17258,52.0,2.0,417.3,,0.0,0.0
17259,24.0,5.0,1239.11,147.0,1.0,213.28
17260,67.0,1.0,120.95,,0.0,0.0
17261,165.0,1.0,221.59,,0.0,0.0
17262,22.0,7.0,1504.26,51.0,4.0,984.5
17263,,0.0,0.0,207.0,1.0,63.440000000000005
17264,80.0,1.0,268.28,,0.0,0.0
17265,,0.0,0.0,138.0,2.0,550.01
17266,155.0,2.0,205.14,1.0,3.0,296.58
17267,,0.0,0.0,126.0,2.0,317.2
17268,101.0,7.0,970.25,107.0,4.0,763.64
17269,41.0,1.0,491.81,,0.0,0.0
17270,125.0,2.0,601.4499999999999,,0.0,0.0
17271,392.0,1.0,204.3,,0.0,0.0
17272,,0.0,0.0,41.0,4.0,2148.63
17273,80.0,1.0,141.12,,0.0,0.0
17274,51.0,1.0,465.4,34.0,1.0,107.82
17275,39.0,1.0,114.1,,0.0,0.0
17276,58.0,1.0,501.24,,0.0,0.0
17277,,0.0,0.0,227.0,2.0,1065.3500000000001
17278,221.0,1.0,25.2,240.0,1.0,246.04
17279,,0.0,0.0,57.0,1.0,187.82999999999998
17280,94.0,1.0,118.85999999999999,,0.0,0.0
17281,30.0,6.0,797.8499999999999,,0.0,0.0
17282,112.0,2.0,623.08,129.0,3.0,1685.46
17283,34.0,1.0,188.46,,0.0,0.0
17284,45.0,1.0,911.12,59.0,6.0,1647.48
17285,284.0,2.0,400.44,,0.0,0.0
17286,56.0,2.0,237.81,21.0,1.0,151.37
17287,23.0,16.0,3000.5,25.0,5.0,826.36
17288,14.0,5.0,1184.3600000000001,8.0,6.0,1284.07
17289,32.0,6.0,1110.78,31.0,3.0,931.02
17290,37.0,6.0,914.47,3.0,2.0,513.01
17291,,0.0,0.0,307.0,1.0,550.8000000000001
17292,128.0,2.0,271.75,,0.0,0.0
17293,17.0,9.0,2242.71,7.0,8.0,1507.92
17294,325.0,2.0,467.78999999999996,,0.0,0.0
17295,,0.0,0.0,28.0,3.0,547.0
17296,386.0,1.0,338.13,,0.0,0.0
17297,,0.0,0.0,16.0,1.0,128.18
17298,30.0,3.0,439.94,100.0,2.0,498.42
17299,95.0,2.0,336.62,11.0,4.0,656.61
17300,46.0,2.0,393.64,,0.0,0.0
17301,280.0,1.0,131.15,20.0,1.0,163.24
17302,,0.0,0.0,14.0,5.0,1135.63
17303,17.0,1.0,250.04,,0.0,0.0
17304,190.0,1.0,111.5,,0.0,0.0
17305,304.0,1.0,2135.46,,0.0,0.0
17306,9.0,3.0,1475.04,10.0,18.0,8307.31
17307,51.0,11.0,3999.8900000000003,,0.0,0.0
17308,49.0,2.0,4511.76,,0.0,0.0
17309,37.0,2.0,237.64000000000001,94.0,1.0,82.75
17310,43.0,2.0,1025.1,,0.0,0.0
17311,48.0,4.0,2181.71,77.0,2.0,1384.85
17312,,0.0,0.0,138.0,3.0,644.3
17313,,0.0,0.0,30.0,1.0,2328.84
17314,49.0,9.0,2376.51,24.0,8.0,2527.92
17315,13.0,6.0,3427.27,1.0,35.0,6132.23
17316,76.0,1.0,124.45,,0.0,0.0
17317,,0.0,0.0,45.0,3.0,2600.34
17318,381.0,1.0,157.32999999999998,,0.0,0.0
17319,325.0,1.0,29.1,,0.0,0.0
17320,24.0,4.0,1695.15,99.0,2.0,749.7
17321,50.0,4.0,1008.05,7.0,2.0,657.16
17322,32.0,5.0,922.59,,0.0,0.0
17323,63.0,5.0,644.52,14.0,7.0,903.12
17324,22.0,9.0,1311.64,17.0,3.0,859.43
17325,66.0,2.0,512.77,279.0,1.0,96.8
17326,64.0,2.0,312.35,,0.0,0.0
17327,65.0,2.0,152.35,,0.0,0.0
17328,329.0,1.0,104.7,,0.0,0.0
17329,387.0,3.0,475.42,13.0,2.0,523.11
17330,200.0,2.0,59.900000000000006,22.0,2.0,363.9
17331,,0.0,0.0,123.0,1.0,175.2
17332,184.0,5.0,827.77,,0.0,0.0
17333,,0.0,0.0,85.0,1.0,494.25
17334,62.0,1.0,328.13,301.0,2.0,307.02
17335,39.0,2.0,497.04,,0.0,0.0
17336,128.0,1.0,81.12,,0.0,0.0
17337,,0.0,0.0,150.0,4.0,1979.61
17338,17.0,10.0,6163.39,16.0,7.0,5717.15
17339,21.0,2.0,119.0,93.0,1.0,183.36
17340,10.0,9.0,11625.05,29.0,9.0,7992.900000000001
17341,22.0,3.0,1006.53,156.0,2.0,265.68
17342,35.0,4.0,1227.54,,0.0,0.0
17343,11.0,6.0,1259.94,,0.0,0.0
17344,384.0,1.0,299.74,45.0,1.0,157.62
17345,31.0,6.0,1066.94,14.0,4.0,519.6899999999999
17346,15.0,13.0,2603.87,3.0,13.0,2387.54
17347,,0.0,0.0,85.0,1.0,228.96
17348,93.0,4.0,1274.39,14.0,5.0,1156.6
17349,36.0,4.0,674.16,178.0,1.0,98.25
17350,50.0,3.0,612.38,7.0,4.0,1281.32
17351,83.0,9.0,1377.23,35.0,3.0,587.15
17352,352.0,1.0,36.25,,0.0,0.0
17353,147.0,2.0,1502.0,128.0,2.0,1740.0
17354,84.0,3.0,1740.8999999999999,50.0,1.0,1393.06
17355,42.0,1.0,273.31,,0.0,0.0
17356,210.0,4.0,768.25,311.0,1.0,178.22
17357,,0.0,0.0,23.0,2.0,384.39
17358,11.0,4.0,741.86,302.0,1.0,119.15
17359,304.0,1.0,156.6,10.0,1.0,127.86
17360,41.0,3.0,632.27,16.0,3.0,568.24
17361,332.0,2.0,383.59000000000003,48.0,3.0,488.2
17362,56.0,5.0,711.8100000000001,238.0,2.0,312.23
17363,51.0,3.0,920.46,,0.0,0.0
17364,32.0,16.0,7151.77,0.0,11.0,4462.68
17365,42.0,7.0,3417.13,12.0,8.0,4762.32
17366,88.0,2.0,1077.24,,0.0,0.0
17367,,0.0,0.0,237.0,1.0,167.55
17368,31.0,6.0,879.42,22.0,8.0,1878.87
17369,111.0,1.0,979.1999999999999,,0.0,0.0
17370,,0.0,0.0,72.0,4.0,446.18
17371,17.0,4.0,325.11,16.0,2.0,326.26
17372,16.0,21.0,3345.81,40.0,6.0,970.65
17373,74.0,3.0,520.58,39.0,4.0,646.92
17374,51.0,1.0,231.34,218.0,2.0,495.77
17375,17.0,2.0,370.16,198.0,2.0,290.39
17376,60.0,2.0,250.44,70.0,2.0,203.2
17377,13.0,61.0,14365.99,23.0,17.0,3273.2400000000002
17378,30.0,1.0,10.95,,0.0,0.0
17379,,0.0,0.0,10.0,1.0,389.71999999999997
17380,90.0,3.0,645.0,,0.0,0.0
17381,24.0,12.0,19726.76,8.0,26.0,16671.89
17382,91.0,7.0,836.88,64.0,1.0,65.4
17383,109.0,1.0,110.69999999999999,3.0,1.0,193.39000000000001
17384,123.0,1.0,171.15,18.0,2.0,336.4
17385,,0.0,0.0,14.0,1.0,256.11
17386,41.0,1.0,126.35000000000001,7.0,6.0,2686.42
17387,,0.0,0.0,19.0,2.0,746.81
17388,76.0,7.0,1415.81,77.0,4.0,1259.56
17389,30.0,27.0,25381.65,0.0,34.0,31833.68
17390,76.0,1.0,149.3,,0.0,0.0
17391,,0.0,0.0,163.0,2.0,508.8
17392,14.0,2.0,434.42,306.0,1.0,145.5
17393,66.0,2.0,381.15,,0.0,0.0
17394,,0.0,0.0,218.0,1.0,203.86999999999998
17395,164.0,1.0,97.5,,0.0,0.0
17396,27.0,7.0,1476.3,38.0,6.0,6915.3
17397,72.0,1.0,516.87,21.0,2.0,681.41
17398,,0.0,0.0,114.0,3.0,653.38
17400,9.0,4.0,2949.61,125.0,4.0,1673.67
17401,197.0,1.0,114.85,,0.0,0.0
17402,25.0,12.0,2461.68,4.0,10.0,2138.88
17403,106.0,1.0,118.95,35.0,1.0,263.92
17404,13.0,10.0,19690.6,3.0,11.0,27947.52
17405,,0.0,0.0,0.0,3.0,1031.41
17406,22.0,11.0,2704.63,332.0,2.0,1482.32
17407,67.0,1.0,552.9,,0.0,0.0
17408,156.0,2.0,283.44000000000005,162.0,1.0,32.65
17409,77.0,8.0,7021.66,184.0,2.0,771.85
17410,,0.0,0.0,15.0,5.0,1214.72
17411,42.0,2.0,646.44,11.0,3.0,778.94
17412,14.0,11.0,3409.92,2.0,5.0,810.3
17413,60.0,2.0,560.14,,0.0,0.0
17414,79.0,4.0,1471.52,43.0,2.0,778.0
17415,,0.0,0.0,79.0,1.0,507.84
17416,49.0,15.0,10405.03,29.0,7.0,6893.42
17417,204.0,1.0,164.18,,0.0,0.0
17418,43.0,1.0,206.60000000000002,41.0,2.0,463.46000000000004
17419,23.0,8.0,2273.95,10.0,10.0,3852.3
17420,29.0,4.0,485.6,49.0,2.0,467.98
17421,42.0,3.0,1059.41,,0.0,0.0
17422,37.0,5.0,1615.39,15.0,6.0,1979.37
17423,49.0,1.0,420.54,45.0,2.0,698.41
17425,,0.0,0.0,18.0,2.0,759.17
17426,108.0,7.0,3040.51,7.0,6.0,5037.26
17427,,0.0,0.0,71.0,1.0,100.8
17428,17.0,19.0,15103.86,0.0,26.0,16362.9
17429,52.0,2.0,832.54,127.0,3.0,524.9200000000001
17430,21.0,3.0,469.40999999999997,32.0,1.0,153.16
17431,,0.0,0.0,312.0,1.0,403.3
17432,41.0,7.0,1363.23,17.0,2.0,365.76
17433,41.0,1.0,266.8,87.0,1.0,303.15999999999997
17434,,0.0,0.0,1.0,7.0,2373.82
17435,67.0,1.0,331.35,,0.0,0.0
17436,64.0,3.0,317.76,1.0,2.0,216.29999999999998
17437,185.0,1.0,369.68,,0.0,0.0
17438,100.0,4.0,1034.32,253.0,1.0,388.45000000000005
17439,311.0,1.0,325.74,,0.0,0.0
17440,205.0,1.0,137.16,156.0,3.0,186.42000000000002
17441,388.0,1.0,293.35,,0.0,0.0
17442,37.0,9.0,2371.74,36.0,6.0,2248.56
17443,,0.0,0.0,219.0,1.0,534.24
17444,,0.0,0.0,151.0,2.0,2389.1
17446,,0.0,0.0,176.0,2.0,120.9
17447,,0.0,0.0,39.0,2.0,541.53
17448,185.0,41.0,14448.67,,0.0,0.0
17449,15.0,7.0,3033.2,1.0,6.0,1831.95
17450,23.0,7.0,52422.3,7.0,44.0,192361.95
17451,,0.0,0.0,0.0,7.0,1721.4
17453,,0.0,0.0,17.0,2.0,486.71999999999997
17454,15.0,7.0,1196.26,191.0,3.0,351.68
17455,,0.0,0.0,203.0,1.0,131.7
17456,21.0,2.0,975.5600000000001,,0.0,0.0
17457,35.0,9.0,4247.11,126.0,5.0,1737.7
17458,37.0,1.0,213.08,14.0,1.0,316.5
17459,,0.0,0.0,42.0,2.0,657.3
17460,28.0,12.0,1605.8400000000001,93.0,4.0,552.13
17461,,0.0,0.0,22.0,3.0,735.82
17462,,0.0,0.0,59.0,2.0,675.69
17463,216.0,2.0,659.4,15.0,5.0,1875.86
17464,178.0,2.0,617.1800000000001,157.0,1.0,289.96000000000004
17465,81.0,7.0,2542.79,,0.0,0.0
17466,,0.0,0.0,9.0,2.0,763.28
17467,51.0,1.0,102.6,,0.0,0.0
17468,31.0,1.0,57.8,9.0,2.0,137.0
17469,56.0,12.0,3180.28,15.0,5.0,1870.97
17470,23.0,7.0,1679.8,44.0,4.0,946.67
17471,130.0,1.0,321.65000000000003,,0.0,0.0
17472,284.0,1.0,224.81,190.0,3.0,697.54
17473,64.0,2.0,607.0,,0.0,0.0
17474,255.0,1.0,1047.0,,0.0,0.0
17475,,0.0,0.0,78.0,1.0,194.37
17476,51.0,2.0,489.86,,0.0,0.0
17477,268.0,2.0,1144.3,,0.0,0.0
17478,64.0,2.0,1272.8,,0.0,0.0
17479,288.0,1.0,389.26000000000005,,0.0,0.0
17480,100.0,1.0,370.40999999999997,77.0,1.0,511.82
17481,,0.0,0.0,3.0,4.0,1255.59
17482,143.0,2.0,775.64,,0.0,0.0
17483,70.0,1.0,177.69,64.0,3.0,414.04
17484,232.0,2.0,209.57,,0.0,0.0
17486,,0.0,0.0,260.0,1.0,396.87
17487,384.0,1.0,160.55,,0.0,0.0
17488,297.0,1.0,336.5,,0.0,0.0
17489,,0.0,0.0,58.0,2.0,376.64
17490,44.0,2.0,658.18,0.0,7.0,2092.32
17491,23.0,8.0,2422.2000000000003,0.0,9.0,3231.4700000000003
17492,134.0,2.0,747.85,247.0,1.0,374.57
17493,41.0,1.0,100.91000000000001,,0.0,0.0
17494,157.0,1.0,54.699999999999996,,0.0,0.0
17495,46.0,1.0,309.16,7.0,2.0,497.56
17496,14.0,4.0,1412.89,,0.0,0.0
17497,46.0,2.0,287.25,,0.0,0.0
17498,,0.0,0.0,75.0,1.0,272.22
17499,217.0,1.0,718.51,289.0,1.0,622.88
17500,,0.0,0.0,16.0,3.0,1138.0
17501,,0.0,0.0,220.0,2.0,288.6
17502,,0.0,0.0,8.0,4.0,689.1
17503,,0.0,0.0,2.0,2.0,558.96
17504,36.0,9.0,6493.14,205.0,9.0,2997.0299999999997
17505,206.0,3.0,1289.64,161.0,2.0,1145.84
17506,,0.0,0.0,75.0,1.0,302.2
17507,,0.0,0.0,261.0,2.0,605.58
17508,37.0,7.0,4191.92,280.0,1.0,387.31
17509,,0.0,0.0,57.0,8.0,6083.64
17510,76.0,1.0,206.07999999999998,24.0,1.0,308.48
17511,15.0,32.0,87781.57,2.0,28.0,84351.3
17512,108.0,8.0,2542.83,28.0,10.0,2924.9900000000002
17513,64.0,2.0,645.6,71.0,1.0,513.2
17514,325.0,1.0,313.35,127.0,1.0,208.65
17515,50.0,5.0,963.49,30.0,4.0,639.02
17516,34.0,1.0,182.62,14.0,5.0,764.88
17517,,0.0,0.0,308.0,1.0,153.94
17518,81.0,2.0,329.42,,0.0,0.0
17519,24.0,10.0,3265.45,16.0,5.0,1508.72
17520,,0.0,0.0,53.0,1.0,546.81
17521,50.0,2.0,554.85,29.0,3.0,723.2099999999999
17522,,0.0,0.0,1.0,5.0,1066.15
17523,,0.0,0.0,10.0,4.0,652.74
17524,17.0,3.0,539.14,,0.0,0.0
17525,15.0,3.0,1161.9,,0.0,0.0
17526,16.0,10.0,2981.94,4.0,2.0,957.3
17527,,0.0,0.0,53.0,4.0,939.37
17528,,0.0,0.0,0.0,8.0,3628.5
17529,266.0,2.0,1240.25,,0.0,0.0
17530,21.0,3.0,725.21,0.0,9.0,2061.89
17531,183.0,2.0,970.12,189.0,1.0,296.7
17532,41.0,1.0,65.34,,0.0,0.0
17533,90.0,1.0,34.8,,0.0,0.0
17534,107.0,4.0,1445.47,53.0,1.0,223.36
17535,,0.0,0.0,279.0,1.0,164.4
17536,76.0,2.0,288.33,176.0,1.0,76.5
17537,,0.0,0.0,29.0,2.0,887.67
17538,,0.0,0.0,25.0,1.0,98.42
17539,284.0,3.0,1161.84,,0.0,0.0
17540,39.0,4.0,1011.7,24.0,2.0,578.9
17541,165.0,1.0,119.86,,0.0,0.0
17542,297.0,2.0,170.1,269.0,1.0,170.75
17543,205.0,1.0,120.05,,0.0,0.0
17544,46.0,3.0,944.82,,0.0,0.0
17545,46.0,3.0,767.54,42.0,3.0,642.32
17547,31.0,2.0,727.85,,0.0,0.0
17548,34.0,3.0,627.96,233.0,1.0,103.3
17549,,0.0,0.0,23.0,2.0,148.86
17550,53.0,6.0,2239.48,196.0,3.0,267.16
17551,15.0,1.0,290.34,,0.0,0.0
17552,28.0,10.0,2154.88,59.0,2.0,631.89
17553,128.0,3.0,2270.0,129.0,1.0,1487.6
17554,,0.0,0.0,0.0,5.0,1952.45
17555,81.0,3.0,565.43,19.0,2.0,480.31
17556,35.0,1.0,142.77,205.0,1.0,157.9
17557,388.0,1.0,34.0,13.0,3.0,541.46
17558,49.0,1.0,259.17,,0.0,0.0
17559,168.0,1.0,167.62,,0.0,0.0
17560,51.0,4.0,1040.85,94.0,5.0,854.95
17561,46.0,3.0,537.9,18.0,1.0,165.12
17562,,0.0,0.0,13.0,7.0,1122.38
17563,234.0,2.0,392.38,,0.0,0.0
17564,,0.0,0.0,23.0,3.0,454.01
17565,242.0,1.0,131.83,,0.0,0.0
17566,,0.0,0.0,7.0,2.0,869.77
17567,28.0,2.0,1024.55,6.0,7.0,3813.5299999999997
17568,289.0,1.0,374.45,,0.0,0.0
17569,,0.0,0.0,331.0,1.0,344.14
17571,198.0,1.0,205.23999999999998,49.0,4.0,1424.42
17572,29.0,7.0,496.26000000000005,70.0,3.0,155.95000000000002
17573,,0.0,0.0,28.0,3.0,380.6
17574,,0.0,0.0,242.0,1.0,185.65
17575,323.0,1.0,171.7,,0.0,0.0
17576,17.0,24.0,5437.77,7.0,17.0,3267.83
17577,301.0,2.0,348.75,,0.0,0.0
17578,130.0,6.0,903.87,217.0,1.0,143.45999999999998
17579,234.0,1.0,304.38,4.0,3.0,448.90000000000003
17580,14.0,3.0,372.15,252.0,2.0,165.92000000000002
17581,28.0,20.0,7712.71,0.0,23.0,10238.46
17582,102.0,4.0,1271.68,235.0,1.0,175.27
17583,216.0,1.0,135.95,,0.0,0.0
17584,123.0,4.0,4067.12,6.0,2.0,1242.3
17585,101.0,3.0,948.03,108.0,4.0,1116.68
17586,275.0,1.0,167.4,,0.0,0.0
17587,284.0,1.0,173.76,,0.0,0.0
17588,52.0,4.0,1699.35,99.0,3.0,1240.2
17589,41.0,14.0,11403.35,59.0,4.0,2402.92
17590,,0.0,0.0,1.0,3.0,1466.77
17591,23.0,2.0,519.95,72.0,6.0,1819.3700000000001
17592,394.0,1.0,148.3,,0.0,0.0
17593,8.0,7.0,4831.36,3.0,4.0,3260.96
17594,105.0,2.0,1504.7,84.0,2.0,993.18
17595,,0.0,0.0,11.0,2.0,386.69
17596,24.0,7.0,2075.7400000000002,22.0,6.0,2415.72
17597,74.0,4.0,1439.72,213.0,1.0,2044.3700000000001
17598,37.0,1.0,409.98,,0.0,0.0
17599,133.0,1.0,52.05,,0.0,0.0
17600,,0.0,0.0,17.0,1.0,161.67000000000002
17601,36.0,1.0,296.65,238.0,1.0,116.00999999999999
17602,128.0,8.0,2300.01,1.0,6.0,5054.42
17603,273.0,3.0,1393.66,77.0,1.0,394.72
17604,78.0,4.0,633.02,216.0,2.0,309.36
17605,246.0,1.0,160.75,,0.0,0.0
17606,393.0,1.0,87.30000000000001,,0.0,0.0
17607,32.0,1.0,333.81,,0.0,0.0
17608,105.0,2.0,296.07,32.0,2.0,191.99
17609,58.0,6.0,777.0799999999999,40.0,5.0,1098.28
17610,196.0,5.0,1511.94,,0.0,0.0
17611,17.0,14.0,4570.6,6.0,14.0,3716.93
17612,35.0,12.0,3346.41,52.0,6.0,2048.45
17613,,0.0,0.0,22.0,14.0,4544.55
17614,,0.0,0.0,56.0,1.0,386.32
17615,43.0,3.0,392.2,129.0,3.0,329.6
17616,23.0,2.0,489.59999999999997,173.0,2.0,244.79999999999998
17617,214.0,1.0,385.19,,0.0,0.0
17618,18.0,9.0,3350.34,5.0,2.0,651.3
17619,,0.0,0.0,311.0,1.0,214.37
17620,,0.0,0.0,59.0,1.0,81.44
17621,10.0,4.0,2034.62,20.0,2.0,1140.5
17622,253.0,2.0,1130.21,,0.0,0.0
17623,65.0,6.0,1838.72,32.0,1.0,527.0500000000001
17624,93.0,2.0,725.15,14.0,2.0,843.48
17625,102.0,4.0,3958.5,17.0,4.0,2020.4
17626,258.0,1.0,254.0,,0.0,0.0
17627,134.0,1.0,296.36,,0.0,0.0
17628,,0.0,0.0,80.0,1.0,75.75
17629,15.0,3.0,880.05,5.0,7.0,1575.47
17630,,0.0,0.0,169.0,2.0,503.59999999999997
17631,30.0,4.0,470.16,1.0,3.0,528.33
17633,35.0,3.0,732.55,30.0,4.0,1324.84
17634,,0.0,0.0,35.0,9.0,2358.59
17635,80.0,3.0,1265.58,,0.0,0.0
17636,,0.0,0.0,18.0,1.0,285.56
17637,,0.0,0.0,30.0,2.0,547.0600000000001
17638,303.0,2.0,842.4,,0.0,0.0
17639,43.0,5.0,506.67,275.0,1.0,108.5
17640,35.0,5.0,2547.28,86.0,1.0,621.66
17642,85.0,3.0,1112.2,119.0,2.0,712.29
17643,29.0,2.0,439.7,,0.0,0.0
17644,50.0,9.0,3132.96,0.0,11.0,2895.64
17646,21.0,10.0,3141.4,218.0,2.0,757.39
17647,325.0,2.0,198.6,64.0,1.0,133.06
17648,41.0,1.0,418.87,60.0,4.0,1797.5
17649,125.0,2.0,710.4,137.0,1.0,868.49
17650,,0.0,0.0,20.0,1.0,166.08
17651,154.0,6.0,1758.52,11.0,10.0,3945.0
17652,,0.0,0.0,24.0,12.0,4867.72
17653,,0.0,0.0,36.0,4.0,1207.56
17654,,0.0,0.0,276.0,1.0,117.55
17655,22.0,3.0,1013.54,10.0,6.0,1962.8400000000001
17656,,0.0,0.0,72.0,5.0,1674.69
17657,86.0,1.0,126.0,,0.0,0.0
17658,,0.0,0.0,25.0,2.0,595.42
17659,14.0,4.0,947.48,16.0,10.0,2639.51
17660,393.0,1.0,163.47,140.0,1.0,178.75
17662,317.0,2.0,412.92,,0.0,0.0
17663,73.0,10.0,3372.92,25.0,7.0,1802.91
17664,130.0,2.0,561.59,18.0,2.0,604.64
17665,149.0,1.0,563.1,,0.0,0.0
17666,133.0,3.0,1319.6399999999999,3.0,2.0,728.16
17667,91.0,4.0,1895.19,65.0,5.0,2055.51
17668,,0.0,0.0,0.0,2.0,347.75
17669,118.0,3.0,2735.63,42.0,7.0,3406.7200000000003
17670,,0.0,0.0,227.0,1.0,205.7
17671,21.0,2.0,830.63,15.0,3.0,1178.53
17672,73.0,4.0,2485.57,49.0,2.0,3178.17
17673,31.0,7.0,2578.91,1.0,6.0,1594.97
17674,24.0,1.0,300.66,73.0,1.0,250.38
17675,20.0,41.0,18287.32,0.0,29.0,19355.16
17676,22.0,5.0,1378.16,3.0,5.0,1070.48
17677,22.0,28.0,20329.68,1.0,26.0,14728.78
17678,259.0,1.0,301.65,263.0,1.0,298.11
17679,177.0,5.0,1585.5,52.0,2.0,1992.1100000000001
17680,39.0,2.0,313.05,23.0,1.0,184.4
17681,253.0,5.0,731.2,,0.0,0.0
17682,24.0,6.0,1982.45,9.0,5.0,2082.83
17683,41.0,3.0,819.01,,0.0,0.0
17684,,0.0,0.0,43.0,1.0,239.41
17685,16.0,7.0,2762.14,16.0,5.0,2692.81
17686,79.0,2.0,2557.35,6.0,7.0,5739.46
17687,76.0,1.0,432.68,,0.0,0.0
17688,49.0,1.0,304.2,,0.0,0.0
17689,44.0,2.0,317.08,,0.0,0.0
17690,20.0,9.0,2924.9,29.0,11.0,4038.9
17691,14.0,4.0,637.5500000000001,,0.0,0.0
17692,15.0,9.0,2562.76,126.0,3.0,397.68
17693,,0.0,0.0,136.0,1.0,200.47
17694,167.0,2.0,1412.85,141.0,1.0,283.12
17695,50.0,3.0,980.7,131.0,2.0,765.34
17696,20.0,21.0,5569.4800000000005,37.0,6.0,2110.11
17697,,0.0,0.0,235.0,1.0,338.95
17698,,0.0,0.0,260.0,1.0,154.95
17699,132.0,2.0,442.0,,0.0,0.0
17700,37.0,10.0,4145.33,16.0,4.0,2534.64
17701,,0.0,0.0,252.0,1.0,417.95
17702,39.0,2.0,1319.67,29.0,4.0,1824.37
17703,74.0,1.0,296.1,34.0,3.0,798.74
17704,,0.0,0.0,168.0,2.0,885.19
17705,111.0,2.0,260.38,2.0,9.0,1823.52
17706,22.0,17.0,10245.49,3.0,14.0,10026.66
17707,32.0,6.0,456.90000000000003,184.0,2.0,152.4
17708,58.0,2.0,620.85,187.0,2.0,263.33
17709,126.0,4.0,533.56,169.0,1.0,137.45
17710,79.0,1.0,293.5,,0.0,0.0
17711,,0.0,0.0,10.0,2.0,385.1
17712,,0.0,0.0,44.0,1.0,522.91
17713,38.0,4.0,1198.09,,0.0,0.0
17714,80.0,4.0,1257.18,320.0,1.0,153.0
17715,248.0,1.0,163.2,200.0,1.0,326.4
17716,52.0,13.0,10300.98,22.0,11.0,5655.99
17717,77.0,1.0,376.92,,0.0,0.0
17718,300.0,1.0,299.83,231.0,1.0,139.35
17719,,0.0,0.0,37.0,15.0,5396.04
17720,23.0,7.0,1572.97,25.0,3.0,1093.94
17721,315.0,1.0,307.21000000000004,,0.0,0.0
17722,22.0,2.0,2006.32,95.0,3.0,1513.9
17723,31.0,1.0,102.0,126.0,6.0,3276.4000000000005
17724,,0.0,0.0,70.0,3.0,1033.0
17725,,0.0,0.0,15.0,11.0,3439.08
17726,51.0,7.0,1092.06,,0.0,0.0
17727,,0.0,0.0,14.0,1.0,1060.25
17728,60.0,2.0,1362.75,3.0,3.0,2876.01
17729,252.0,1.0,438.65000000000003,,0.0,0.0
17730,38.0,7.0,2475.32,2.0,13.0,5298.4800000000005
17731,277.0,2.0,468.88,78.0,4.0,1240.11
17732,28.0,8.0,2166.42,,0.0,0.0
17733,,0.0,0.0,38.0,2.0,692.19
17734,181.0,3.0,741.69,53.0,3.0,700.63
17735,23.0,8.0,4134.91,1.0,18.0,12655.42
17736,,0.0,0.0,8.0,3.0,377.44
17737,,0.0,0.0,8.0,2.0,168.24
17738,51.0,9.0,2304.51,18.0,4.0,1879.05
17739,16.0,12.0,5299.3,11.0,6.0,2431.29
17740,45.0,6.0,426.9,,0.0,0.0
17741,62.0,2.0,101.1,,0.0,0.0
17742,84.0,9.0,1743.3700000000001,112.0,2.0,355.11
17743,104.0,1.0,229.2,,0.0,0.0
17744,14.0,2.0,704.26,3.0,5.0,1944.8799999999999
17745,133.0,2.0,600.34,,0.0,0.0
17746,127.0,3.0,793.9300000000001,239.0,1.0,110.25
17747,,0.0,0.0,112.0,1.0,71.4
17748,183.0,1.0,358.15,,0.0,0.0
17749,202.0,1.0,351.66,177.0,2.0,674.52
17750,,0.0,0.0,4.0,9.0,1694.16
17751,77.0,1.0,157.85999999999999,,0.0,0.0
17752,15.0,1.0,80.64,,0.0,0.0
17753,120.0,4.0,382.06,,0.0,0.0
17754,30.0,8.0,2786.57,0.0,5.0,1664.65
17756,31.0,3.0,728.75,,0.0,0.0
17757,16.0,30.0,4046.46,0.0,26.0,5023.64
17758,83.0,4.0,1555.83,18.0,8.0,3408.2000000000003
17759,49.0,2.0,441.92,16.0,3.0,818.71
17760,29.0,5.0,631.34,21.0,1.0,115.05
17761,,0.0,0.0,32.0,1.0,712.78
17762,112.0,1.0,129.75,,0.0,0.0
17763,309.0,3.0,71.15,262.0,1.0,15.0
17764,58.0,3.0,741.02,50.0,2.0,772.55
17765,104.0,1.0,156.37,158.0,3.0,367.63
17766,37.0,2.0,299.61,,0.0,0.0
17767,66.0,1.0,141.85,14.0,1.0,271.2
17768,43.0,4.0,1210.83,7.0,3.0,2081.9
17769,39.0,7.0,3095.95,12.0,10.0,3957.43
17770,,0.0,0.0,198.0,5.0,1143.27
17771,92.0,2.0,141.6,56.0,2.0,245.33
17772,48.0,1.0,187.3,10.0,2.0,173.45
17773,170.0,2.0,575.37,,0.0,0.0
17774,53.0,5.0,2059.1,96.0,4.0,1213.73
17775,,0.0,0.0,254.0,1.0,56.4
17776,42.0,2.0,329.3,,0.0,0.0
17777,,0.0,0.0,24.0,3.0,647.56
17778,317.0,1.0,197.70000000000002,,0.0,0.0
17779,,0.0,0.0,20.0,3.0,650.32
17780,323.0,3.0,346.56,,0.0,0.0
17781,,0.0,0.0,158.0,2.0,188.02
17782,38.0,2.0,679.02,,0.0,0.0
17783,168.0,1.0,93.49,71.0,2.0,283.47
17784,206.0,1.0,112.86,,0.0,0.0
17785,101.0,2.0,271.44,52.0,1.0,131.94
17786,,0.0,0.0,84.0,2.0,266.85
17787,27.0,1.0,736.28,152.0,3.0,1081.26
17788,,0.0,0.0,73.0,2.0,1112.95
17789,317.0,1.0,171.25,280.0,1.0,225.9
17790,13.0,11.0,1214.66,26.0,9.0,1564.75
17791,,0.0,0.0,29.0,1.0,106.1
17792,123.0,2.0,368.35,,0.0,0.0
17793,,0.0,0.0,24.0,1.0,300.34
17794,342.0,2.0,147.3,,0.0,0.0
17795,,0.0,0.0,179.0,2.0,342.83
17796,25.0,4.0,661.04,39.0,3.0,575.35
17797,51.0,5.0,1191.44,21.0,3.0,780.43
17798,237.0,1.0,172.17,,0.0,0.0
17799,17.0,11.0,3431.24,21.0,9.0,2815.69
17800,,0.0,0.0,36.0,9.0,1186.21
17801,107.0,3.0,770.03,,0.0,0.0
17802,28.0,8.0,3761.38,81.0,2.0,1184.84
17803,48.0,1.0,184.66,,0.0,0.0
17804,32.0,3.0,383.78000000000003,,0.0,0.0
17805,266.0,1.0,414.72,73.0,1.0,512.31
17806,,0.0,0.0,10.0,1.0,546.04
17807,51.0,3.0,437.87,,0.0,0.0
17808,204.0,4.0,262.64,,0.0,0.0
17809,27.0,11.0,5925.4800000000005,15.0,9.0,4160.41
17810,324.0,2.0,343.21,,0.0,0.0
17811,30.0,8.0,1757.98,3.0,39.0,7755.12
17812,24.0,4.0,405.48,12.0,3.0,506.51
17813,,0.0,0.0,13.0,5.0,1698.07
17814,31.0,2.0,1609.37,,0.0,0.0
17815,49.0,1.0,591.96,,0.0,0.0
17816,21.0,3.0,75.76,36.0,3.0,20.35
17817,34.0,3.0,400.46999999999997,3.0,3.0,387.68
17818,393.0,1.0,124.78,,0.0,0.0
17819,18.0,7.0,3296.3,71.0,5.0,2724.75
17820,30.0,1.0,180.60999999999999,,0.0,0.0
17821,62.0,1.0,334.62,,0.0,0.0
17822,76.0,5.0,2154.08,,0.0,0.0
17823,77.0,2.0,449.25,,0.0,0.0
17824,,0.0,0.0,50.0,1.0,298.4
17825,254.0,4.0,701.96,,0.0,0.0
17826,30.0,1.0,133.34,,0.0,0.0
17827,20.0,4.0,1659.8,4.0,2.0,716.37
17828,,0.0,0.0,22.0,4.0,1165.09
17829,65.0,4.0,3867.5,298.0,1.0,889.24
17830,,0.0,0.0,1.0,3.0,398.7
17831,,0.0,0.0,32.0,1.0,35.400000000000006
17832,,0.0,0.0,49.0,1.0,155.37
17833,379.0,1.0,338.46000000000004,,0.0,0.0
17834,70.0,2.0,689.6700000000001,,0.0,0.0
17835,,0.0,0.0,2.0,3.0,342.24
17836,,0.0,0.0,46.0,1.0,109.83
17837,,0.0,0.0,41.0,8.0,1535.33
17838,21.0,10.0,3786.7000000000003,26.0,3.0,1817.94
17839,,0.0,0.0,41.0,1.0,318.15
17840,99.0,1.0,175.9,,0.0,0.0
17841,11.0,93.0,30480.28,1.0,118.0,38027.87
17842,258.0,1.0,430.69,,0.0,0.0
17843,67.0,1.0,114.92,302.0,1.0,197.73
17844,,0.0,0.0,106.0,1.0,51.559999999999995
17845,211.0,4.0,596.09,,0.0,0.0
17847,171.0,2.0,125.74000000000001,,0.0,0.0
17848,14.0,22.0,2734.56,80.0,8.0,803.9
17849,136.0,4.0,457.96000000000004,217.0,4.0,605.8000000000001
17850,28.0,155.0,51208.87,,0.0,0.0
17851,78.0,6.0,1552.35,,0.0,0.0
17852,44.0,3.0,543.47,11.0,2.0,114.34
17853,63.0,3.0,1596.29,,0.0,0.0
17854,118.0,4.0,757.24,184.0,2.0,311.26
17855,28.0,1.0,208.97,,0.0,0.0
17856,,0.0,0.0,1.0,4.0,1418.03
17857,14.0,3.0,1808.7,3.0,20.0,23960.84
17858,15.0,20.0,8919.84,5.0,10.0,3598.81
17859,,0.0,0.0,304.0,1.0,141.92000000000002
17860,24.0,4.0,717.39,,0.0,0.0
17861,41.0,10.0,2990.41,2.0,8.0,2097.88
17862,41.0,3.0,923.99,323.0,1.0,330.9
17863,25.0,7.0,2585.2,58.0,5.0,2775.28
17864,41.0,2.0,321.72,12.0,3.0,554.85
17865,13.0,28.0,16865.7,30.0,18.0,9444.39
17866,140.0,2.0,805.3000000000001,142.0,1.0,329.65
17867,66.0,8.0,402.85,29.0,6.0,1157.8700000000001
17868,42.0,1.0,227.15,,0.0,0.0
17869,24.0,3.0,599.78,106.0,4.0,213.86
17870,22.0,2.0,1213.8,1.0,11.0,1539.49
17871,53.0,4.0,913.05,204.0,1.0,155.9
17872,37.0,1.0,235.87,,0.0,0.0
17873,29.0,14.0,4621.32,79.0,4.0,1514.63
17874,,0.0,0.0,184.0,6.0,683.46
17875,344.0,1.0,167.1,,0.0,0.0
17876,55.0,3.0,3424.02,,0.0,0.0
17877,,0.0,0.0,169.0,1.0,237.61
17878,51.0,2.0,999.48,43.0,1.0,379.45
17879,,0.0,0.0,173.0,1.0,178.51999999999998
17880,20.0,3.0,824.9200000000001,,0.0,0.0
17881,,0.0,0.0,303.0,1.0,133.35000000000002
17882,35.0,2.0,291.56,,0.0,0.0
17883,195.0,3.0,324.08,2.0,4.0,664.34
17884,24.0,18.0,2320.92,3.0,2.0,372.55
17885,,0.0,0.0,11.0,1.0,156.34
17886,93.0,3.0,703.27,31.0,3.0,869.28
17887,,0.0,0.0,128.0,1.0,111.35
17888,13.0,18.0,1120.8700000000001,20.0,7.0,686.57
17889,30.0,5.0,545.05,211.0,2.0,201.37
17890,17.0,1.0,463.01,322.0,1.0,123.88
17891,,0.0,0.0,161.0,1.0,203.85999999999999
17892,,0.0,0.0,55.0,3.0,244.1
17893,,0.0,0.0,224.0,1.0,107.21
17894,8.0,14.0,1700.2,71.0,4.0,603.96
17895,,0.0,0.0,43.0,1.0,95.45
17896,,0.0,0.0,22.0,1.0,256.32
17897,23.0,8.0,1921.9,172.0,1.0,131.14
17898,108.0,2.0,147.12,84.0,2.0,152.06
17899,,0.0,0.0,158.0,1.0,154.55
17900,,0.0,0.0,189.0,2.0,112.19999999999999
17901,177.0,2.0,149.7,28.0,1.0,110.38
17902,202.0,1.0,216.39999999999998,,0.0,0.0
17903,50.0,1.0,381.09000000000003,,0.0,0.0
17904,,0.0,0.0,20.0,1.0,181.07
17905,8.0,11.0,1762.28,70.0,2.0,406.09000000000003
17906,,0.0,0.0,246.0,1.0,72.9
17907,296.0,1.0,291.76,,0.0,0.0
17908,29.0,5.0,1142.47,,0.0,0.0
17909,393.0,1.0,110.05,,0.0,0.0
17910,382.0,1.0,261.7,,0.0,0.0
17911,,0.0,0.0,8.0,1.0,366.23
17912,15.0,5.0,350.0,309.0,1.0,21.6
17913,11.0,13.0,3234.4900000000002,58.0,1.0,190.6
17914,,0.0,0.0,3.0,1.0,329.36
17915,207.0,1.0,225.78,,0.0,0.0
17916,284.0,2.0,43.87,,0.0,0.0
17917,18.0,1.0,107.16,44.0,2.0,227.87
17918,156.0,3.0,388.44,,0.0,0.0
17919,94.0,1.0,536.28,87.0,1.0,1304.04
17920,24.0,39.0,20125.34,3.0,15.0,3444.54
17921,35.0,6.0,1574.13,63.0,4.0,820.23
17922,199.0,1.0,170.4,,0.0,0.0
17923,183.0,2.0,289.5,281.0,1.0,207.50000000000003
17924,29.0,2.0,574.2,11.0,6.0,2683.5
17925,28.0,1.0,244.08,,0.0,0.0
17926,100.0,3.0,638.2,132.0,2.0,397.29
17927,377.0,1.0,294.0,,0.0,0.0
17928,227.0,1.0,128.7,44.0,2.0,184.46
17929,43.0,8.0,2239.1,10.0,4.0,843.0
17930,49.0,8.0,2534.74,35.0,5.0,1740.48
17931,53.0,12.0,2993.88,133.0,2.0,408.36
17932,,0.0,0.0,28.0,3.0,1331.57
17933,288.0,1.0,105.99,,0.0,0.0
17934,62.0,1.0,344.90000000000003,51.0,2.0,704.25
17935,56.0,5.0,540.35,137.0,2.0,142.89
17936,,0.0,0.0,4.0,1.0,380.13
17937,17.0,2.0,2153.88,8.0,5.0,2147.34
17938,76.0,1.0,144.29,,0.0,0.0
17939,,0.0,0.0,159.0,1.0,99.14
17940,101.0,5.0,26237.4,48.0,9.0,2152.1800000000003
17941,246.0,3.0,1128.72,130.0,1.0,304.56
17942,,0.0,0.0,7.0,1.0,77.50000000000001
17944,79.0,1.0,74.99,,0.0,0.0
17945,352.0,3.0,359.5,,0.0,0.0
17946,,0.0,0.0,232.0,2.0,149.57999999999998
17947,,0.0,0.0,36.0,1.0,176.68
17948,,0.0,0.0,146.0,1.0,358.56000000000006
17949,27.0,73.0,51117.0,0.0,43.0,56716.48
17950,21.0,6.0,947.26,71.0,1.0,219.03
17951,14.0,3.0,741.5400000000001,39.0,1.0,599.0400000000001
17952,34.0,4.0,788.46,,0.0,0.0
17953,196.0,1.0,148.67000000000002,,0.0,0.0
17954,23.0,9.0,1616.38,4.0,10.0,2185.45
17955,311.0,2.0,392.6,198.0,4.0,557.3
17956,,0.0,0.0,248.0,1.0,12.75
17957,,0.0,0.0,65.0,1.0,110.72
17958,384.0,1.0,465.42,116.0,1.0,508.4599999999999
17959,248.0,1.0,140.75,,0.0,0.0
17960,178.0,2.0,61.300000000000004,170.0,1.0,73.78
17961,9.0,64.0,2140.05,20.0,36.0,726.6899999999999
17962,205.0,3.0,563.5,141.0,1.0,102.41
17963,127.0,4.0,643.16,,0.0,0.0
17964,28.0,1.0,261.76,31.0,1.0,201.45
17965,21.0,17.0,4554.26,37.0,12.0,2448.64
17966,247.0,5.0,865.49,37.0,5.0,1098.43
17967,27.0,2.0,223.42,,0.0,0.0
17968,29.0,4.0,590.4399999999999,,0.0,0.0
17969,17.0,19.0,2251.29,165.0,1.0,103.0
17970,,0.0,0.0,210.0,1.0,562.79
17971,204.0,1.0,161.94,,0.0,0.0
17972,,0.0,0.0,241.0,1.0,135.19
17973,,0.0,0.0,51.0,1.0,337.04
17974,37.0,3.0,1035.1,24.0,3.0,703.99
17975,16.0,13.0,2834.56,14.0,11.0,3858.4700000000003
17976,28.0,1.0,321.79,,0.0,0.0
17977,56.0,1.0,1223.31,28.0,1.0,288.14
17978,21.0,4.0,1159.99,,0.0,0.0
17979,,0.0,0.0,35.0,4.0,729.01
17980,15.0,2.0,496.47,165.0,2.0,516.25
17981,66.0,1.0,239.12,,0.0,0.0
17982,336.0,1.0,138.18,,0.0,0.0
17983,51.0,1.0,171.71,,0.0,0.0
17984,48.0,4.0,996.01,144.0,1.0,152.68
17985,,0.0,0.0,21.0,1.0,631.35
17986,,0.0,0.0,55.0,1.0,20.8
17987,32.0,4.0,766.87,184.0,1.0,198.57
17988,143.0,6.0,284.57,11.0,7.0,201.12
17989,35.0,1.0,207.32999999999998,,0.0,0.0
17990,9.0,5.0,1212.77,236.0,1.0,314.84000000000003
17991,247.0,1.0,205.3,224.0,2.0,93.35
17992,45.0,1.0,252.88,,0.0,0.0
17993,273.0,1.0,225.99,,0.0,0.0
17994,44.0,7.0,1589.1399999999999,121.0,4.0,674.89
17995,38.0,2.0,419.38,281.0,1.0,76.1
17996,35.0,3.0,469.73,,0.0,0.0
17997,,0.0,0.0,73.0,8.0,1962.46
17998,36.0,3.0,639.24,,0.0,0.0
17999,22.0,2.0,338.41,36.0,1.0,190.05
18000,220.0,1.0,124.25,,0.0,0.0
18001,105.0,4.0,509.01,11.0,2.0,415.13
18002,31.0,4.0,237.62,,0.0,0.0
18003,32.0,1.0,353.51,,0.0,0.0
18004,18.0,1.0,157.92,,0.0,0.0
18005,,0.0,0.0,3.0,2.0,226.47
18006,37.0,3.0,524.83,22.0,1.0,444.68
18007,48.0,1.0,215.22,,0.0,0.0
18008,71.0,14.0,17642.89,69.0,9.0,2116.19
18009,198.0,7.0,1896.84,234.0,1.0,247.39
18010,,0.0,0.0,256.0,1.0,174.8
18011,29.0,2.0,410.79,,0.0,0.0
18012,379.0,1.0,115.3,,0.0,0.0
18013,,0.0,0.0,154.0,2.0,187.29
18014,,0.0,0.0,27.0,1.0,154.27
18015,,0.0,0.0,3.0,1.0,120.03
18016,20.0,3.0,633.5500000000001,31.0,4.0,1321.01
18017,87.0,1.0,165.0,80.0,3.0,523.0
18018,55.0,2.0,175.85,107.0,2.0,122.14
18019,,0.0,0.0,51.0,1.0,38.45
18020,199.0,1.0,190.48000000000002,,0.0,0.0
18021,165.0,2.0,216.41,,0.0,0.0
18022,41.0,4.0,893.9,35.0,1.0,612.72
18024,,0.0,0.0,152.0,2.0,389.78
18025,35.0,6.0,1177.72,,0.0,0.0
18026,156.0,2.0,2074.07,,0.0,0.0
18027,,0.0,0.0,98.0,1.0,115.31
18028,239.0,1.0,192.05,,0.0,0.0
18029,298.0,1.0,433.77,,0.0,0.0
18030,,0.0,0.0,3.0,2.0,230.64999999999998
18031,34.0,1.0,451.3,,0.0,0.0
18032,,0.0,0.0,333.0,1.0,73.5
18033,,0.0,0.0,64.0,1.0,93.82000000000001
18034,31.0,1.0,334.67,21.0,2.0,418.68
18035,41.0,2.0,546.34,35.0,3.0,713.89
18036,41.0,8.0,1142.37,31.0,3.0,403.12
18037,18.0,10.0,128.7,153.0,5.0,38.72
18038,212.0,1.0,141.48,,0.0,0.0
18039,30.0,4.0,548.22,,0.0,0.0
18040,,0.0,0.0,18.0,2.0,357.20000000000005
18041,21.0,20.0,4536.29,11.0,18.0,3482.48
18042,197.0,1.0,116.1,53.0,1.0,165.04999999999998
18043,22.0,1.0,287.91,24.0,2.0,241.38
18044,16.0,9.0,1491.26,3.0,9.0,2014.3500000000001
18045,,0.0,0.0,44.0,1.0,178.34
18046,305.0,1.0,189.63,,0.0,0.0
18047,37.0,2.0,326.09,,0.0,0.0
18048,149.0,1.0,222.64,202.0,2.0,172.29000000000002
18049,93.0,2.0,500.5,,0.0,0.0
18050,15.0,2.0,412.06,,0.0,0.0
18051,290.0,7.0,2282.28,,0.0,0.0
18052,220.0,1.0,10877.18,,0.0,0.0
18053,181.0,2.0,271.05,70.0,1.0,300.02
18054,48.0,1.0,176.5,,0.0,0.0
18055,14.0,7.0,5132.42,6.0,7.0,5010.22
18056,274.0,1.0,190.95,287.0,1.0,363.65
18057,49.0,3.0,1168.14,,0.0,0.0
18058,197.0,2.0,603.9,9.0,1.0,170.16
18059,,0.0,0.0,22.0,3.0,306.46
18060,64.0,2.0,1185.46,,0.0,0.0
18061,22.0,19.0,4369.56,21.0,9.0,1714.25
18062,42.0,3.0,912.15,172.0,3.0,720.52
18063,46.0,2.0,186.60000000000002,,0.0,0.0
18064,102.0,9.0,3667.83,132.0,2.0,814.0
18065,20.0,16.0,3798.82,5.0,12.0,2047.81
18066,42.0,2.0,1122.4,74.0,1.0,318.0
18067,,0.0,0.0,39.0,1.0,396.33
18068,,0.0,0.0,288.0,1.0,101.69999999999999
18069,39.0,6.0,2439.78,25.0,5.0,2009.24
18070,325.0,1.0,314.1,,0.0,0.0
18071,21.0,5.0,975.63,257.0,1.0,194.05
18072,,0.0,0.0,185.0,1.0,247.44
18073,,0.0,0.0,113.0,12.0,3859.82
18074,29.0,2.0,1019.44,,0.0,0.0
18075,16.0,11.0,3370.4900000000002,22.0,9.0,2412.8
18076,36.0,1.0,151.49,,0.0,0.0
18077,11.0,9.0,1890.71,7.0,9.0,2188.08
18078,81.0,2.0,389.40000000000003,216.0,2.0,336.13
18079,147.0,1.0,590.78,44.0,4.0,3613.15
18080,,0.0,0.0,18.0,2.0,1231.5
18081,,0.0,0.0,35.0,3.0,343.45
18082,,0.0,0.0,25.0,1.0,680.84
18083,53.0,1.0,463.53,,0.0,0.0
18084,39.0,2.0,704.75,15.0,1.0,90.47999999999999
18085,29.0,3.0,955.8000000000001,329.0,1.0,386.05
18086,,0.0,0.0,273.0,1.0,101.34
18087,35.0,15.0,10705.8,290.0,1.0,3202.9199999999996
18088,,0.0,0.0,60.0,1.0,166.03
18089,102.0,1.0,428.45,,0.0,0.0
18090,77.0,1.0,321.9,,0.0,0.0
18091,249.0,1.0,360.85,,0.0,0.0
18092,8.0,10.0,8478.1,1.0,8.0,6215.62
18093,100.0,4.0,2346.19,92.0,4.0,2106.52
18094,102.0,6.0,3374.2200000000003,81.0,7.0,3017.3
18095,83.0,3.0,1723.04,312.0,2.0,580.0500000000001
18096,98.0,3.0,789.1,11.0,3.0,849.06
18097,10.0,6.0,2148.04,7.0,5.0,2479.88
18098,52.0,1.0,527.94,,0.0,0.0
18099,,0.0,0.0,126.0,1.0,168.31
18100,206.0,1.0,451.56,,0.0,0.0
18101,30.0,3.0,399.61,10.0,2.0,222.4
18102,21.0,89.0,349164.35,0.0,56.0,231822.69
18103,205.0,1.0,105.8,,0.0,0.0
18104,,0.0,0.0,36.0,1.0,754.64
18105,,0.0,0.0,37.0,1.0,113.48000000000002
18106,132.0,5.0,1019.16,329.0,1.0,421.9
18107,98.0,1.0,165.88,,0.0,0.0
18108,252.0,2.0,577.8100000000001,253.0,1.0,271.0
18109,18.0,14.0,2103.54,1.0,24.0,7452.17
18110,67.0,1.0,193.48000000000002,19.0,1.0,198.8
18111,245.0,1.0,405.85,,0.0,0.0
18112,74.0,2.0,420.67,11.0,2.0,352.69
18113,24.0,1.0,76.32000000000001,,0.0,0.0
18114,,0.0,0.0,289.0,1.0,220.1
18115,353.0,1.0,9.700000000000001,,0.0,0.0
18116,7.0,8.0,1389.15,67.0,5.0,741.74
18117,,0.0,0.0,25.0,1.0,314.4
18118,20.0,5.0,1200.7,10.0,24.0,5017.92
18119,23.0,1.0,180.7,,0.0,0.0
18120,,0.0,0.0,213.0,1.0,111.15
18121,,0.0,0.0,148.0,2.0,653.3
18122,,0.0,0.0,7.0,6.0,1791.84
18123,169.0,1.0,92.2,23.0,2.0,574.4399999999999
18124,128.0,1.0,102.65,,0.0,0.0
18125,,0.0,0.0,29.0,4.0,1131.75
18126,,0.0,0.0,60.0,1.0,198.58
18127,59.0,1.0,209.05,18.0,3.0,347.08
18128,193.0,1.0,399.29,,0.0,0.0
18129,,0.0,0.0,242.0,1.0,112.55000000000001
18130,,0.0,0.0,14.0,3.0,1059.39
18131,287.0,1.0,222.95999999999998,,0.0,0.0
18132,160.0,1.0,220.13,,0.0,0.0
18133,,0.0,0.0,211.0,1.0,931.4999999999999
18134,254.0,2.0,445.0,,0.0,0.0
18135,48.0,5.0,567.71,28.0,5.0,681.9100000000001
18136,65.0,2.0,847.03,62.0,3.0,784.33
18137,207.0,2.0,145.99,,0.0,0.0
18138,,0.0,0.0,294.0,1.0,152.65
18139,,0.0,0.0,17.0,6.0,8438.34
18140,129.0,1.0,536.41,,0.0,0.0
18141,57.0,2.0,882.47,,0.0,0.0
18142,,0.0,0.0,156.0,2.0,1019.52
18143,,0.0,0.0,116.0,2.0,1000.16
18144,16.0,9.0,2506.85,7.0,10.0,2386.1
18145,38.0,7.0,2748.19,12.0,4.0,2861.55
18146,,0.0,0.0,140.0,2.0,160.35000000000002
18147,,0.0,0.0,45.0,2.0,179.33999999999997
18148,302.0,1.0,112.85000000000001,,0.0,0.0
18149,60.0,4.0,941.88,50.0,3.0,612.0799999999999
18150,,0.0,0.0,31.0,3.0,566.58
18151,76.0,4.0,1226.09,134.0,2.0,653.35
18152,302.0,1.0,426.69,,0.0,0.0
18153,315.0,1.0,246.22,,0.0,0.0
18154,44.0,3.0,533.41,2.0,2.0,399.19
18155,,0.0,0.0,74.0,3.0,371.62
18156,25.0,1.0,186.88,12.0,1.0,488.76
18157,227.0,1.0,213.9,,0.0,0.0
18158,,0.0,0.0,8.0,2.0,453.4
18159,,0.0,0.0,300.0,1.0,530.15
18160,42.0,1.0,365.82,56.0,2.0,638.0600000000001
18161,35.0,1.0,184.41,14.0,5.0,1618.69
18162,388.0,1.0,371.51,,0.0,0.0
18163,240.0,1.0,728.84,,0.0,0.0
18164,,0.0,0.0,36.0,1.0,399.65000000000003
18165,,0.0,0.0,176.0,1.0,302.46000000000004
18166,279.0,1.0,175.5,,0.0,0.0
18167,,0.0,0.0,22.0,3.0,1384.8600000000001
18168,15.0,12.0,2725.4,175.0,4.0,710.1
18169,,0.0,0.0,60.0,1.0,202.65
18170,30.0,6.0,1897.69,32.0,3.0,980.31
18171,126.0,4.0,1206.0,58.0,5.0,1231.31
18172,43.0,32.0,9905.56,14.0,20.0,7561.68
18173,268.0,1.0,589.52,86.0,4.0,2106.84
18174,259.0,1.0,58.5,6.0,1.0,104.0
18175,331.0,1.0,176.1,,0.0,0.0
18176,14.0,1.0,476.35,,0.0,0.0
18177,216.0,3.0,875.45,30.0,6.0,1340.8700000000001
18178,20.0,8.0,4813.58,128.0,3.0,1290.16
18179,178.0,2.0,754.38,8.0,6.0,1793.17
18180,,0.0,0.0,4.0,6.0,1843.75
18181,56.0,4.0,821.49,23.0,1.0,366.85
18182,119.0,1.0,291.13,,0.0,0.0
18183,,0.0,0.0,226.0,2.0,632.07
18184,,0.0,0.0,14.0,1.0,49.8
18185,,0.0,0.0,248.0,1.0,304.25
18186,378.0,1.0,329.58,,0.0,0.0
18187,287.0,1.0,724.89,,0.0,0.0
18188,86.0,3.0,1279.55,14.0,3.0,2001.04
18189,281.0,1.0,313.49,77.0,2.0,1090.24
18190,259.0,3.0,461.16,191.0,2.0,284.46000000000004
18191,133.0,1.0,321.59999999999997,261.0,1.0,207.79999999999998
18192,,0.0,0.0,71.0,1.0,957.97
18193,36.0,2.0,963.59,164.0,1.0,243.76
18194,94.0,5.0,3188.2000000000003,81.0,1.0,973.8399999999999
18195,43.0,1.0,101.16,,0.0,0.0
18196,127.0,2.0,768.64,94.0,2.0,686.63
18197,231.0,1.0,230.1,,0.0,0.0
18198,,0.0,0.0,3.0,17.0,5425.56
18199,339.0,1.0,344.75,,0.0,0.0
18200,,0.0,0.0,105.0,1.0,150.35
18201,378.0,1.0,447.53000000000003,,0.0,0.0
18202,,0.0,0.0,199.0,3.0,1396.99
18203,37.0,3.0,322.1,156.0,1.0,160.42000000000002
18204,,0.0,0.0,70.0,3.0,1975.35
18205,,0.0,0.0,35.0,2.0,517.36
18206,209.0,1.0,314.65999999999997,,0.0,0.0
18207,155.0,1.0,544.47,,0.0,0.0
18208,221.0,1.0,360.08,,0.0,0.0
18209,,0.0,0.0,28.0,1.0,139.10000000000002
18210,38.0,1.0,147.45,1.0,6.0,2621.38
18211,,0.0,0.0,25.0,5.0,600.07
18212,333.0,1.0,298.3,325.0,1.0,216.07
18213,,0.0,0.0,236.0,1.0,232.48000000000002
18214,186.0,4.0,1780.34,,0.0,0.0
18215,93.0,4.0,1933.15,88.0,1.0,299.34000000000003
18216,,0.0,0.0,30.0,1.0,481.75
18217,169.0,2.0,323.29,28.0,2.0,621.75
18218,252.0,2.0,479.91999999999996,210.0,2.0,641.92
18219,16.0,9.0,1672.99,2.0,8.0,1679.71
18220,50.0,5.0,1616.48,226.0,1.0,305.28000000000003
18221,46.0,1.0,383.33,21.0,5.0,1041.61
18222,,0.0,0.0,92.0,1.0,443.0
18223,14.0,13.0,8018.0,4.0,13.0,5982.85
18224,,0.0,0.0,263.0,1.0,158.95000000000002
18225,21.0,15.0,7539.84,2.0,11.0,5474.96
18226,34.0,15.0,6650.83,43.0,11.0,5228.05
18227,140.0,1.0,295.0,217.0,1.0,93.75
18228,,0.0,0.0,56.0,2.0,779.9
18229,22.0,10.0,3526.81,11.0,18.0,6623.7
18230,34.0,2.0,1480.8600000000001,8.0,7.0,2810.2000000000003
18231,62.0,23.0,4776.5,191.0,5.0,2071.77
18232,,0.0,0.0,81.0,4.0,592.97
18233,,0.0,0.0,325.0,1.0,440.0
18234,207.0,1.0,179.6,,0.0,0.0
18235,,0.0,0.0,71.0,3.0,1796.48
18236,44.0,6.0,913.11,29.0,6.0,882.24
18237,,0.0,0.0,2.0,5.0,987.1
18238,171.0,1.0,270.92,,0.0,0.0
18239,28.0,2.0,588.75,218.0,4.0,1123.51
18240,,0.0,0.0,45.0,1.0,422.58
18241,71.0,4.0,913.9,9.0,17.0,2073.09
18242,101.0,4.0,1372.72,71.0,4.0,2232.4900000000002
18243,70.0,1.0,515.78,,0.0,0.0
18244,86.0,2.0,568.64,,0.0,0.0
18245,11.0,14.0,4123.65,6.0,6.0,2201.33
18246,265.0,1.0,162.72,23.0,2.0,596.1
18247,70.0,3.0,839.73,,0.0,0.0
18248,,0.0,0.0,122.0,2.0,804.02
18249,,0.0,0.0,16.0,1.0,95.34
18250,,0.0,0.0,309.0,1.0,349.27
18251,101.0,8.0,21964.14,86.0,1.0,4314.72
18252,204.0,5.0,1015.42,50.0,2.0,518.27
18253,298.0,1.0,317.88,,0.0,0.0
18254,237.0,1.0,267.9,,0.0,0.0
18255,112.0,1.0,199.85,88.0,1.0,103.3
18256,43.0,1.0,110.7,,0.0,0.0
18257,102.0,4.0,2247.52,38.0,8.0,2337.63
18258,120.0,6.0,2059.67,,0.0,0.0
18259,22.0,5.0,1979.6000000000001,24.0,2.0,1962.3000000000002
18260,14.0,18.0,7549.610000000001,172.0,5.0,2397.65
18261,,0.0,0.0,42.0,2.0,324.24
18262,49.0,2.0,428.06,139.0,1.0,149.48
18263,,0.0,0.0,25.0,3.0,1213.1599999999999
18264,154.0,1.0,603.25,,0.0,0.0
18265,,0.0,0.0,71.0,2.0,801.51
18266,90.0,1.0,251.1,,0.0,0.0
18267,328.0,1.0,269.37,,0.0,0.0
18268,247.0,5.0,1464.73,133.0,1.0,25.5
18269,22.0,1.0,168.6,,0.0,0.0
18270,88.0,1.0,161.4,37.0,2.0,283.15
18271,265.0,2.0,680.85,,0.0,0.0
18272,204.0,3.0,1307.4,2.0,6.0,3078.58
18273,246.0,1.0,153.0,1.0,3.0,204.0
18274,,0.0,0.0,29.0,1.0,175.92
18275,234.0,2.0,741.85,,0.0,0.0
18276,48.0,5.0,1320.66,43.0,1.0,335.86
18277,53.0,4.0,1069.67,57.0,1.0,110.38
18278,60.0,1.0,240.3,73.0,1.0,173.9
18279,175.0,1.0,231.33999999999997,,0.0,0.0
18280,50.0,1.0,307.55,277.0,1.0,180.60000000000002
18281,233.0,1.0,120.32,180.0,1.0,80.82
18282,,0.0,0.0,7.0,2.0,178.05
18283,38.0,6.0,619.37,3.0,16.0,2039.58
18284,87.0,1.0,411.68,,0.0,0.0
18285,316.0,1.0,377.0,,0.0,0.0
18286,132.0,2.0,1246.43,,0.0,0.0
18287,38.0,4.0,2295.71,42.0,3.0,1837.28
